-81,140,nztxdxzh2r0jU0/r0YawyGU8VuY=,fGNv0yQMUzk33nAoBQOKDYqxFZo=
-82,140,nztxdxzh2r0jU0/r0YawyGU8VuY=,fGNv0yQMUzk33nAoBQOKDYqxFZo=
-83,140,nztxdxzh2r0jU0/r0YawyGU8VuY=,fGNv0yQMUzk33nAoBQOKDYqxFZo=
-85,140,nztxdxzh2r0jU0/r0YawyGU8VuY=,fGNv0yQMUzk33nAoBQOKDYqxFZo=
-84,140,nztxdxzh2r0jU0/r0YawyGU8VuY=,fGNv0yQMUzk33nAoBQOKDYqxFZo=
-86,140,nztxdxzh2r0jU0/r0YawyGU8VuY=,fGNv0yQMUzk33nAoBQOKDYqxFZo=
-87,140,nztxdxzh2r0jU0/r0YawyGU8VuY=,fGNv0yQMUzk33nAoBQOKDYqxFZo=
-81,139,nztxdxzh2r0jU0/r0YawyGU8VuY=,fGNv0yQMUzk33nAoBQOKDYqxFZo=
-82,139,nztxdxzh2r0jU0/r0YawyGU8VuY=,fGNv0yQMUzk33nAoBQOKDYqxFZo=
-83,139,nztxdxzh2r0jU0/r0YawyGU8VuY=,fGNv0yQMUzk33nAoBQOKDYqxFZo=
-81,138,nztxdxzh2r0jU0/r0YawyGU8VuY=,fGNv0yQMUzk33nAoBQOKDYqxFZo=
-82,138,nztxdxzh2r0jU0/r0YawyGU8VuY=,fGNv0yQMUzk33nAoBQOKDYqxFZo=
-83,138,nztxdxzh2r0jU0/r0YawyGU8VuY=,fGNv0yQMUzk33nAoBQOKDYqxFZo=
-85,138,nztxdxzh2r0jU0/r0YawyGU8VuY=,fGNv0yQMUzk33nAoBQOKDYqxFZo=
-84,138,nztxdxzh2r0jU0/r0YawyGU8VuY=,fGNv0yQMUzk33nAoBQOKDYqxFZo=
-87,138,nztxdxzh2r0jU0/r0YawyGU8VuY=,fGNv0yQMUzk33nAoBQOKDYqxFZo=
-86,138,nztxdxzh2r0jU0/r0YawyGU8VuY=,fGNv0yQMUzk33nAoBQOKDYqxFZo=
-81,143,nztxdxzh2r0jU0/r0YawyGU8VuY=,fGNv0yQMUzk33nAoBQOKDYqxFZo=
-83,143,nztxdxzh2r0jU0/r0YawyGU8VuY=,fGNv0yQMUzk33nAoBQOKDYqxFZo=
-82,143,nztxdxzh2r0jU0/r0YawyGU8VuY=,fGNv0yQMUzk33nAoBQOKDYqxFZo=
-84,143,nztxdxzh2r0jU0/r0YawyGU8VuY=,fGNv0yQMUzk33nAoBQOKDYqxFZo=
-85,143,nztxdxzh2r0jU0/r0YawyGU8VuY=,fGNv0yQMUzk33nAoBQOKDYqxFZo=
-81,137,nztxdxzh2r0jU0/r0YawyGU8VuY=,fGNv0yQMUzk33nAoBQOKDYqxFZo=
-86,143,nztxdxzh2r0jU0/r0YawyGU8VuY=,fGNv0yQMUzk33nAoBQOKDYqxFZo=
-82,137,nztxdxzh2r0jU0/r0YawyGU8VuY=,fGNv0yQMUzk33nAoBQOKDYqxFZo=
-83,137,nztxdxzh2r0jU0/r0YawyGU8VuY=,fGNv0yQMUzk33nAoBQOKDYqxFZo=
-87,143,nztxdxzh2r0jU0/r0YawyGU8VuY=,fGNv0yQMUzk33nAoBQOKDYqxFZo=
-81,142,nztxdxzh2r0jU0/r0YawyGU8VuY=,fGNv0yQMUzk33nAoBQOKDYqxFZo=
-82,142,nztxdxzh2r0jU0/r0YawyGU8VuY=,fGNv0yQMUzk33nAoBQOKDYqxFZo=
-84,137,nztxdxzh2r0jU0/r0YawyGU8VuY=,fGNv0yQMUzk33nAoBQOKDYqxFZo=
-83,142,nztxdxzh2r0jU0/r0YawyGU8VuY=,fGNv0yQMUzk33nAoBQOKDYqxFZo=
-84,142,nztxdxzh2r0jU0/r0YawyGU8VuY=,fGNv0yQMUzk33nAoBQOKDYqxFZo=
-85,137,nztxdxzh2r0jU0/r0YawyGU8VuY=,fGNv0yQMUzk33nAoBQOKDYqxFZo=
-85,142,nztxdxzh2r0jU0/r0YawyGU8VuY=,fGNv0yQMUzk33nAoBQOKDYqxFZo=
-86,137,nztxdxzh2r0jU0/r0YawyGU8VuY=,fGNv0yQMUzk33nAoBQOKDYqxFZo=
-87,137,nztxdxzh2r0jU0/r0YawyGU8VuY=,fGNv0yQMUzk33nAoBQOKDYqxFZo=
-86,142,nztxdxzh2r0jU0/r0YawyGU8VuY=,fGNv0yQMUzk33nAoBQOKDYqxFZo=
-87,142,nztxdxzh2r0jU0/r0YawyGU8VuY=,fGNv0yQMUzk33nAoBQOKDYqxFZo=
-81,141,nztxdxzh2r0jU0/r0YawyGU8VuY=,fGNv0yQMUzk33nAoBQOKDYqxFZo=
-82,141,nztxdxzh2r0jU0/r0YawyGU8VuY=,fGNv0yQMUzk33nAoBQOKDYqxFZo=
-83,141,nztxdxzh2r0jU0/r0YawyGU8VuY=,fGNv0yQMUzk33nAoBQOKDYqxFZo=
-81,136,nztxdxzh2r0jU0/r0YawyGU8VuY=,fGNv0yQMUzk33nAoBQOKDYqxFZo=
-82,136,nztxdxzh2r0jU0/r0YawyGU8VuY=,fGNv0yQMUzk33nAoBQOKDYqxFZo=
-83,136,nztxdxzh2r0jU0/r0YawyGU8VuY=,fGNv0yQMUzk33nAoBQOKDYqxFZo=
-84,136,nztxdxzh2r0jU0/r0YawyGU8VuY=,fGNv0yQMUzk33nAoBQOKDYqxFZo=
-85,136,nztxdxzh2r0jU0/r0YawyGU8VuY=,fGNv0yQMUzk33nAoBQOKDYqxFZo=
-86,136,nztxdxzh2r0jU0/r0YawyGU8VuY=,fGNv0yQMUzk33nAoBQOKDYqxFZo=
-87,136,nztxdxzh2r0jU0/r0YawyGU8VuY=,fGNv0yQMUzk33nAoBQOKDYqxFZo=
-84,141,nztxdxzh2r0jU0/r0YawyGU8VuY=,fGNv0yQMUzk33nAoBQOKDYqxFZo=
-85,141,nztxdxzh2r0jU0/r0YawyGU8VuY=,fGNv0yQMUzk33nAoBQOKDYqxFZo=
-86,141,nztxdxzh2r0jU0/r0YawyGU8VuY=,fGNv0yQMUzk33nAoBQOKDYqxFZo=
-87,141,nztxdxzh2r0jU0/r0YawyGU8VuY=,fGNv0yQMUzk33nAoBQOKDYqxFZo=
-96,139,nztxdxzh2r0jU0/r0YawyGU8VuY=,4rqJtqYCvgFZCQ8YuTKyyhkxVl8=
-88,141,nztxdxzh2r0jU0/r0YawyGU8VuY=,fGNv0yQMUzk33nAoBQOKDYqxFZo=
-90,137,nztxdxzh2r0jU0/r0YawyGU8VuY=,4rqJtqYCvgFZCQ8YuTKyyhkxVl8=
-93,142,nztxdxzh2r0jU0/r0YawyGU8VuY=,4rqJtqYCvgFZCQ8YuTKyyhkxVl8=
-92,142,nztxdxzh2r0jU0/r0YawyGU8VuY=,4rqJtqYCvgFZCQ8YuTKyyhkxVl8=
-89,137,nztxdxzh2r0jU0/r0YawyGU8VuY=,4rqJtqYCvgFZCQ8YuTKyyhkxVl8=
-91,142,nztxdxzh2r0jU0/r0YawyGU8VuY=,4rqJtqYCvgFZCQ8YuTKyyhkxVl8=
-90,142,nztxdxzh2r0jU0/r0YawyGU8VuY=,4rqJtqYCvgFZCQ8YuTKyyhkxVl8=
-89,142,nztxdxzh2r0jU0/r0YawyGU8VuY=,4rqJtqYCvgFZCQ8YuTKyyhkxVl8=
-96,136,nztxdxzh2r0jU0/r0YawyGU8VuY=,4rqJtqYCvgFZCQ8YuTKyyhkxVl8=
-96,143,nztxdxzh2r0jU0/r0YawyGU8VuY=,4rqJtqYCvgFZCQ8YuTKyyhkxVl8=
-95,143,nztxdxzh2r0jU0/r0YawyGU8VuY=,4rqJtqYCvgFZCQ8YuTKyyhkxVl8=
-94,143,nztxdxzh2r0jU0/r0YawyGU8VuY=,4rqJtqYCvgFZCQ8YuTKyyhkxVl8=
-94,142,nztxdxzh2r0jU0/r0YawyGU8VuY=,4rqJtqYCvgFZCQ8YuTKyyhkxVl8=
-93,143,nztxdxzh2r0jU0/r0YawyGU8VuY=,4rqJtqYCvgFZCQ8YuTKyyhkxVl8=
-96,138,nztxdxzh2r0jU0/r0YawyGU8VuY=,4rqJtqYCvgFZCQ8YuTKyyhkxVl8=
-94,141,nztxdxzh2r0jU0/r0YawyGU8VuY=,4rqJtqYCvgFZCQ8YuTKyyhkxVl8=
-92,143,nztxdxzh2r0jU0/r0YawyGU8VuY=,4rqJtqYCvgFZCQ8YuTKyyhkxVl8=
-91,136,nztxdxzh2r0jU0/r0YawyGU8VuY=,4rqJtqYCvgFZCQ8YuTKyyhkxVl8=
-91,143,nztxdxzh2r0jU0/r0YawyGU8VuY=,4rqJtqYCvgFZCQ8YuTKyyhkxVl8=
-90,143,nztxdxzh2r0jU0/r0YawyGU8VuY=,4rqJtqYCvgFZCQ8YuTKyyhkxVl8=
-95,141,nztxdxzh2r0jU0/r0YawyGU8VuY=,4rqJtqYCvgFZCQ8YuTKyyhkxVl8=
-89,143,nztxdxzh2r0jU0/r0YawyGU8VuY=,4rqJtqYCvgFZCQ8YuTKyyhkxVl8=
-93,136,nztxdxzh2r0jU0/r0YawyGU8VuY=,4rqJtqYCvgFZCQ8YuTKyyhkxVl8=
-88,136,nztxdxzh2r0jU0/r0YawyGU8VuY=,fGNv0yQMUzk33nAoBQOKDYqxFZo=
-89,139,nztxdxzh2r0jU0/r0YawyGU8VuY=,4rqJtqYCvgFZCQ8YuTKyyhkxVl8=
-96,141,nztxdxzh2r0jU0/r0YawyGU8VuY=,4rqJtqYCvgFZCQ8YuTKyyhkxVl8=
-91,137,nztxdxzh2r0jU0/r0YawyGU8VuY=,4rqJtqYCvgFZCQ8YuTKyyhkxVl8=
-90,136,nztxdxzh2r0jU0/r0YawyGU8VuY=,4rqJtqYCvgFZCQ8YuTKyyhkxVl8=
-95,142,nztxdxzh2r0jU0/r0YawyGU8VuY=,4rqJtqYCvgFZCQ8YuTKyyhkxVl8=
-95,138,nztxdxzh2r0jU0/r0YawyGU8VuY=,4rqJtqYCvgFZCQ8YuTKyyhkxVl8=
-88,140,nztxdxzh2r0jU0/r0YawyGU8VuY=,fGNv0yQMUzk33nAoBQOKDYqxFZo=
-88,137,nztxdxzh2r0jU0/r0YawyGU8VuY=,fGNv0yQMUzk33nAoBQOKDYqxFZo=
-89,136,nztxdxzh2r0jU0/r0YawyGU8VuY=,4rqJtqYCvgFZCQ8YuTKyyhkxVl8=
-96,142,nztxdxzh2r0jU0/r0YawyGU8VuY=,4rqJtqYCvgFZCQ8YuTKyyhkxVl8=
-95,139,nztxdxzh2r0jU0/r0YawyGU8VuY=,4rqJtqYCvgFZCQ8YuTKyyhkxVl8=
-89,141,nztxdxzh2r0jU0/r0YawyGU8VuY=,4rqJtqYCvgFZCQ8YuTKyyhkxVl8=
-90,139,nztxdxzh2r0jU0/r0YawyGU8VuY=,4rqJtqYCvgFZCQ8YuTKyyhkxVl8=
-88,142,nztxdxzh2r0jU0/r0YawyGU8VuY=,fGNv0yQMUzk33nAoBQOKDYqxFZo=
-94,136,nztxdxzh2r0jU0/r0YawyGU8VuY=,4rqJtqYCvgFZCQ8YuTKyyhkxVl8=
-89,138,nztxdxzh2r0jU0/r0YawyGU8VuY=,4rqJtqYCvgFZCQ8YuTKyyhkxVl8=
-92,136,nztxdxzh2r0jU0/r0YawyGU8VuY=,4rqJtqYCvgFZCQ8YuTKyyhkxVl8=
-93,140,nztxdxzh2r0jU0/r0YawyGU8VuY=,4rqJtqYCvgFZCQ8YuTKyyhkxVl8=
-88,139,nztxdxzh2r0jU0/r0YawyGU8VuY=,fGNv0yQMUzk33nAoBQOKDYqxFZo=
-93,137,nztxdxzh2r0jU0/r0YawyGU8VuY=,4rqJtqYCvgFZCQ8YuTKyyhkxVl8=
-91,139,nztxdxzh2r0jU0/r0YawyGU8VuY=,4rqJtqYCvgFZCQ8YuTKyyhkxVl8=
-90,141,nztxdxzh2r0jU0/r0YawyGU8VuY=,4rqJtqYCvgFZCQ8YuTKyyhkxVl8=
-93,141,nztxdxzh2r0jU0/r0YawyGU8VuY=,4rqJtqYCvgFZCQ8YuTKyyhkxVl8=
-94,139,nztxdxzh2r0jU0/r0YawyGU8VuY=,4rqJtqYCvgFZCQ8YuTKyyhkxVl8=
-90,138,nztxdxzh2r0jU0/r0YawyGU8VuY=,4rqJtqYCvgFZCQ8YuTKyyhkxVl8=
-92,137,nztxdxzh2r0jU0/r0YawyGU8VuY=,4rqJtqYCvgFZCQ8YuTKyyhkxVl8=
-92,138,nztxdxzh2r0jU0/r0YawyGU8VuY=,4rqJtqYCvgFZCQ8YuTKyyhkxVl8=
-91,138,nztxdxzh2r0jU0/r0YawyGU8VuY=,4rqJtqYCvgFZCQ8YuTKyyhkxVl8=
-95,136,nztxdxzh2r0jU0/r0YawyGU8VuY=,4rqJtqYCvgFZCQ8YuTKyyhkxVl8=
-94,137,nztxdxzh2r0jU0/r0YawyGU8VuY=,4rqJtqYCvgFZCQ8YuTKyyhkxVl8=
-95,137,nztxdxzh2r0jU0/r0YawyGU8VuY=,4rqJtqYCvgFZCQ8YuTKyyhkxVl8=
-96,137,nztxdxzh2r0jU0/r0YawyGU8VuY=,4rqJtqYCvgFZCQ8YuTKyyhkxVl8=
-92,139,nztxdxzh2r0jU0/r0YawyGU8VuY=,4rqJtqYCvgFZCQ8YuTKyyhkxVl8=
-88,138,nztxdxzh2r0jU0/r0YawyGU8VuY=,fGNv0yQMUzk33nAoBQOKDYqxFZo=
-93,138,nztxdxzh2r0jU0/r0YawyGU8VuY=,4rqJtqYCvgFZCQ8YuTKyyhkxVl8=
-92,141,nztxdxzh2r0jU0/r0YawyGU8VuY=,4rqJtqYCvgFZCQ8YuTKyyhkxVl8=
-93,139,nztxdxzh2r0jU0/r0YawyGU8VuY=,4rqJtqYCvgFZCQ8YuTKyyhkxVl8=
-94,138,nztxdxzh2r0jU0/r0YawyGU8VuY=,4rqJtqYCvgFZCQ8YuTKyyhkxVl8=
-92,140,nztxdxzh2r0jU0/r0YawyGU8VuY=,4rqJtqYCvgFZCQ8YuTKyyhkxVl8=
-91,141,nztxdxzh2r0jU0/r0YawyGU8VuY=,4rqJtqYCvgFZCQ8YuTKyyhkxVl8=
-84,139,nztxdxzh2r0jU0/r0YawyGU8VuY=,fGNv0yQMUzk33nAoBQOKDYqxFZo=
-87,139,nztxdxzh2r0jU0/r0YawyGU8VuY=,fGNv0yQMUzk33nAoBQOKDYqxFZo=
-94,140,nztxdxzh2r0jU0/r0YawyGU8VuY=,4rqJtqYCvgFZCQ8YuTKyyhkxVl8=
-88,143,nztxdxzh2r0jU0/r0YawyGU8VuY=,fGNv0yQMUzk33nAoBQOKDYqxFZo=
-89,140,nztxdxzh2r0jU0/r0YawyGU8VuY=,4rqJtqYCvgFZCQ8YuTKyyhkxVl8=
-86,139,nztxdxzh2r0jU0/r0YawyGU8VuY=,fGNv0yQMUzk33nAoBQOKDYqxFZo=
-96,140,nztxdxzh2r0jU0/r0YawyGU8VuY=,4rqJtqYCvgFZCQ8YuTKyyhkxVl8=
-85,139,nztxdxzh2r0jU0/r0YawyGU8VuY=,fGNv0yQMUzk33nAoBQOKDYqxFZo=
-90,140,nztxdxzh2r0jU0/r0YawyGU8VuY=,4rqJtqYCvgFZCQ8YuTKyyhkxVl8=
-91,140,nztxdxzh2r0jU0/r0YawyGU8VuY=,4rqJtqYCvgFZCQ8YuTKyyhkxVl8=
-95,140,nztxdxzh2r0jU0/r0YawyGU8VuY=,4rqJtqYCvgFZCQ8YuTKyyhkxVl8=
-87,145,+0BtYrIT+yEiIJMEyG9239x1eX8=,tBVsdOqD2dM7xjJdpUw1E7KSdqU=
-82,147,+0BtYrIT+yEiIJMEyG9239x1eX8=,tBVsdOqD2dM7xjJdpUw1E7KSdqU=
-83,147,+0BtYrIT+yEiIJMEyG9239x1eX8=,tBVsdOqD2dM7xjJdpUw1E7KSdqU=
-84,147,+0BtYrIT+yEiIJMEyG9239x1eX8=,tBVsdOqD2dM7xjJdpUw1E7KSdqU=
-85,147,+0BtYrIT+yEiIJMEyG9239x1eX8=,tBVsdOqD2dM7xjJdpUw1E7KSdqU=
-86,147,+0BtYrIT+yEiIJMEyG9239x1eX8=,tBVsdOqD2dM7xjJdpUw1E7KSdqU=
-87,147,+0BtYrIT+yEiIJMEyG9239x1eX8=,tBVsdOqD2dM7xjJdpUw1E7KSdqU=
-82,150,+0BtYrIT+yEiIJMEyG9239x1eX8=,tBVsdOqD2dM7xjJdpUw1E7KSdqU=
-82,146,+0BtYrIT+yEiIJMEyG9239x1eX8=,tBVsdOqD2dM7xjJdpUw1E7KSdqU=
-83,146,+0BtYrIT+yEiIJMEyG9239x1eX8=,tBVsdOqD2dM7xjJdpUw1E7KSdqU=
-83,150,+0BtYrIT+yEiIJMEyG9239x1eX8=,tBVsdOqD2dM7xjJdpUw1E7KSdqU=
-84,146,+0BtYrIT+yEiIJMEyG9239x1eX8=,tBVsdOqD2dM7xjJdpUw1E7KSdqU=
-85,146,+0BtYrIT+yEiIJMEyG9239x1eX8=,tBVsdOqD2dM7xjJdpUw1E7KSdqU=
-86,146,+0BtYrIT+yEiIJMEyG9239x1eX8=,tBVsdOqD2dM7xjJdpUw1E7KSdqU=
-84,150,+0BtYrIT+yEiIJMEyG9239x1eX8=,tBVsdOqD2dM7xjJdpUw1E7KSdqU=
-85,150,+0BtYrIT+yEiIJMEyG9239x1eX8=,tBVsdOqD2dM7xjJdpUw1E7KSdqU=
-87,146,+0BtYrIT+yEiIJMEyG9239x1eX8=,tBVsdOqD2dM7xjJdpUw1E7KSdqU=
-86,150,+0BtYrIT+yEiIJMEyG9239x1eX8=,tBVsdOqD2dM7xjJdpUw1E7KSdqU=
-87,150,+0BtYrIT+yEiIJMEyG9239x1eX8=,tBVsdOqD2dM7xjJdpUw1E7KSdqU=
-82,149,+0BtYrIT+yEiIJMEyG9239x1eX8=,tBVsdOqD2dM7xjJdpUw1E7KSdqU=
-83,149,+0BtYrIT+yEiIJMEyG9239x1eX8=,tBVsdOqD2dM7xjJdpUw1E7KSdqU=
-85,149,+0BtYrIT+yEiIJMEyG9239x1eX8=,tBVsdOqD2dM7xjJdpUw1E7KSdqU=
-84,149,+0BtYrIT+yEiIJMEyG9239x1eX8=,tBVsdOqD2dM7xjJdpUw1E7KSdqU=
-86,149,+0BtYrIT+yEiIJMEyG9239x1eX8=,tBVsdOqD2dM7xjJdpUw1E7KSdqU=
-87,149,+0BtYrIT+yEiIJMEyG9239x1eX8=,tBVsdOqD2dM7xjJdpUw1E7KSdqU=
-82,145,+0BtYrIT+yEiIJMEyG9239x1eX8=,tBVsdOqD2dM7xjJdpUw1E7KSdqU=
-83,145,+0BtYrIT+yEiIJMEyG9239x1eX8=,tBVsdOqD2dM7xjJdpUw1E7KSdqU=
-83,151,+0BtYrIT+yEiIJMEyG9239x1eX8=,tBVsdOqD2dM7xjJdpUw1E7KSdqU=
-82,151,+0BtYrIT+yEiIJMEyG9239x1eX8=,tBVsdOqD2dM7xjJdpUw1E7KSdqU=
-84,151,+0BtYrIT+yEiIJMEyG9239x1eX8=,tBVsdOqD2dM7xjJdpUw1E7KSdqU=
-87,155,+0BtYrIT+yEiIJMEyG9239x1eX8=,m4KB4A2mJfrbU+v2C8Lo3IXVAcw=
-86,155,+0BtYrIT+yEiIJMEyG9239x1eX8=,m4KB4A2mJfrbU+v2C8Lo3IXVAcw=
-85,155,+0BtYrIT+yEiIJMEyG9239x1eX8=,m4KB4A2mJfrbU+v2C8Lo3IXVAcw=
-84,155,+0BtYrIT+yEiIJMEyG9239x1eX8=,m4KB4A2mJfrbU+v2C8Lo3IXVAcw=
-83,155,+0BtYrIT+yEiIJMEyG9239x1eX8=,m4KB4A2mJfrbU+v2C8Lo3IXVAcw=
-82,155,+0BtYrIT+yEiIJMEyG9239x1eX8=,m4KB4A2mJfrbU+v2C8Lo3IXVAcw=
-86,156,+0BtYrIT+yEiIJMEyG9239x1eX8=,m4KB4A2mJfrbU+v2C8Lo3IXVAcw=
-85,156,+0BtYrIT+yEiIJMEyG9239x1eX8=,m4KB4A2mJfrbU+v2C8Lo3IXVAcw=
-84,156,+0BtYrIT+yEiIJMEyG9239x1eX8=,m4KB4A2mJfrbU+v2C8Lo3IXVAcw=
-87,156,+0BtYrIT+yEiIJMEyG9239x1eX8=,m4KB4A2mJfrbU+v2C8Lo3IXVAcw=
-83,156,+0BtYrIT+yEiIJMEyG9239x1eX8=,m4KB4A2mJfrbU+v2C8Lo3IXVAcw=
-82,156,+0BtYrIT+yEiIJMEyG9239x1eX8=,m4KB4A2mJfrbU+v2C8Lo3IXVAcw=
-87,157,+0BtYrIT+yEiIJMEyG9239x1eX8=,m4KB4A2mJfrbU+v2C8Lo3IXVAcw=
-86,157,+0BtYrIT+yEiIJMEyG9239x1eX8=,m4KB4A2mJfrbU+v2C8Lo3IXVAcw=
-85,157,+0BtYrIT+yEiIJMEyG9239x1eX8=,m4KB4A2mJfrbU+v2C8Lo3IXVAcw=
-84,157,+0BtYrIT+yEiIJMEyG9239x1eX8=,m4KB4A2mJfrbU+v2C8Lo3IXVAcw=
-83,157,+0BtYrIT+yEiIJMEyG9239x1eX8=,m4KB4A2mJfrbU+v2C8Lo3IXVAcw=
-82,157,+0BtYrIT+yEiIJMEyG9239x1eX8=,m4KB4A2mJfrbU+v2C8Lo3IXVAcw=
-87,152,+0BtYrIT+yEiIJMEyG9239x1eX8=,m4KB4A2mJfrbU+v2C8Lo3IXVAcw=
-86,152,+0BtYrIT+yEiIJMEyG9239x1eX8=,m4KB4A2mJfrbU+v2C8Lo3IXVAcw=
-85,152,+0BtYrIT+yEiIJMEyG9239x1eX8=,m4KB4A2mJfrbU+v2C8Lo3IXVAcw=
-84,152,+0BtYrIT+yEiIJMEyG9239x1eX8=,m4KB4A2mJfrbU+v2C8Lo3IXVAcw=
-83,152,+0BtYrIT+yEiIJMEyG9239x1eX8=,m4KB4A2mJfrbU+v2C8Lo3IXVAcw=
-82,152,+0BtYrIT+yEiIJMEyG9239x1eX8=,m4KB4A2mJfrbU+v2C8Lo3IXVAcw=
-87,158,+0BtYrIT+yEiIJMEyG9239x1eX8=,m4KB4A2mJfrbU+v2C8Lo3IXVAcw=
-86,158,+0BtYrIT+yEiIJMEyG9239x1eX8=,m4KB4A2mJfrbU+v2C8Lo3IXVAcw=
-87,153,+0BtYrIT+yEiIJMEyG9239x1eX8=,m4KB4A2mJfrbU+v2C8Lo3IXVAcw=
-85,158,+0BtYrIT+yEiIJMEyG9239x1eX8=,m4KB4A2mJfrbU+v2C8Lo3IXVAcw=
-86,153,+0BtYrIT+yEiIJMEyG9239x1eX8=,m4KB4A2mJfrbU+v2C8Lo3IXVAcw=
-84,158,+0BtYrIT+yEiIJMEyG9239x1eX8=,m4KB4A2mJfrbU+v2C8Lo3IXVAcw=
-83,158,+0BtYrIT+yEiIJMEyG9239x1eX8=,m4KB4A2mJfrbU+v2C8Lo3IXVAcw=
-84,153,+0BtYrIT+yEiIJMEyG9239x1eX8=,m4KB4A2mJfrbU+v2C8Lo3IXVAcw=
-85,153,+0BtYrIT+yEiIJMEyG9239x1eX8=,m4KB4A2mJfrbU+v2C8Lo3IXVAcw=
-87,151,+0BtYrIT+yEiIJMEyG9239x1eX8=,tBVsdOqD2dM7xjJdpUw1E7KSdqU=
-83,153,+0BtYrIT+yEiIJMEyG9239x1eX8=,m4KB4A2mJfrbU+v2C8Lo3IXVAcw=
-83,154,+0BtYrIT+yEiIJMEyG9239x1eX8=,m4KB4A2mJfrbU+v2C8Lo3IXVAcw=
-82,153,+0BtYrIT+yEiIJMEyG9239x1eX8=,m4KB4A2mJfrbU+v2C8Lo3IXVAcw=
-82,158,+0BtYrIT+yEiIJMEyG9239x1eX8=,m4KB4A2mJfrbU+v2C8Lo3IXVAcw=
-87,154,+0BtYrIT+yEiIJMEyG9239x1eX8=,m4KB4A2mJfrbU+v2C8Lo3IXVAcw=
-86,154,+0BtYrIT+yEiIJMEyG9239x1eX8=,m4KB4A2mJfrbU+v2C8Lo3IXVAcw=
-85,154,+0BtYrIT+yEiIJMEyG9239x1eX8=,m4KB4A2mJfrbU+v2C8Lo3IXVAcw=
-84,154,+0BtYrIT+yEiIJMEyG9239x1eX8=,m4KB4A2mJfrbU+v2C8Lo3IXVAcw=
-86,151,+0BtYrIT+yEiIJMEyG9239x1eX8=,tBVsdOqD2dM7xjJdpUw1E7KSdqU=
-82,154,+0BtYrIT+yEiIJMEyG9239x1eX8=,m4KB4A2mJfrbU+v2C8Lo3IXVAcw=
-85,151,+0BtYrIT+yEiIJMEyG9239x1eX8=,tBVsdOqD2dM7xjJdpUw1E7KSdqU=
-81,148,+0BtYrIT+yEiIJMEyG9239x1eX8=,tBVsdOqD2dM7xjJdpUw1E7KSdqU=
-81,145,+0BtYrIT+yEiIJMEyG9239x1eX8=,tBVsdOqD2dM7xjJdpUw1E7KSdqU=
-81,149,+0BtYrIT+yEiIJMEyG9239x1eX8=,tBVsdOqD2dM7xjJdpUw1E7KSdqU=
-81,146,+0BtYrIT+yEiIJMEyG9239x1eX8=,tBVsdOqD2dM7xjJdpUw1E7KSdqU=
-81,150,+0BtYrIT+yEiIJMEyG9239x1eX8=,tBVsdOqD2dM7xjJdpUw1E7KSdqU=
-81,147,+0BtYrIT+yEiIJMEyG9239x1eX8=,tBVsdOqD2dM7xjJdpUw1E7KSdqU=
-82,148,+0BtYrIT+yEiIJMEyG9239x1eX8=,tBVsdOqD2dM7xjJdpUw1E7KSdqU=
-85,145,+0BtYrIT+yEiIJMEyG9239x1eX8=,tBVsdOqD2dM7xjJdpUw1E7KSdqU=
-84,145,+0BtYrIT+yEiIJMEyG9239x1eX8=,tBVsdOqD2dM7xjJdpUw1E7KSdqU=
-83,148,+0BtYrIT+yEiIJMEyG9239x1eX8=,tBVsdOqD2dM7xjJdpUw1E7KSdqU=
-85,148,+0BtYrIT+yEiIJMEyG9239x1eX8=,tBVsdOqD2dM7xjJdpUw1E7KSdqU=
-86,148,+0BtYrIT+yEiIJMEyG9239x1eX8=,tBVsdOqD2dM7xjJdpUw1E7KSdqU=
-87,148,+0BtYrIT+yEiIJMEyG9239x1eX8=,tBVsdOqD2dM7xjJdpUw1E7KSdqU=
-84,148,+0BtYrIT+yEiIJMEyG9239x1eX8=,tBVsdOqD2dM7xjJdpUw1E7KSdqU=
-86,145,+0BtYrIT+yEiIJMEyG9239x1eX8=,tBVsdOqD2dM7xjJdpUw1E7KSdqU=
-93,150,+0BtYrIT+yEiIJMEyG9239x1eX8=,TeX2yVzYHhXltMBSbsFM9uVlkT8=
-92,150,+0BtYrIT+yEiIJMEyG9239x1eX8=,TeX2yVzYHhXltMBSbsFM9uVlkT8=
-91,150,+0BtYrIT+yEiIJMEyG9239x1eX8=,TeX2yVzYHhXltMBSbsFM9uVlkT8=
-94,149,+0BtYrIT+yEiIJMEyG9239x1eX8=,TeX2yVzYHhXltMBSbsFM9uVlkT8=
-90,150,+0BtYrIT+yEiIJMEyG9239x1eX8=,TeX2yVzYHhXltMBSbsFM9uVlkT8=
-89,150,+0BtYrIT+yEiIJMEyG9239x1eX8=,TeX2yVzYHhXltMBSbsFM9uVlkT8=
-94,148,+0BtYrIT+yEiIJMEyG9239x1eX8=,TeX2yVzYHhXltMBSbsFM9uVlkT8=
-89,145,+0BtYrIT+yEiIJMEyG9239x1eX8=,TeX2yVzYHhXltMBSbsFM9uVlkT8=
-90,145,+0BtYrIT+yEiIJMEyG9239x1eX8=,TeX2yVzYHhXltMBSbsFM9uVlkT8=
-95,147,+0BtYrIT+yEiIJMEyG9239x1eX8=,TeX2yVzYHhXltMBSbsFM9uVlkT8=
-94,147,+0BtYrIT+yEiIJMEyG9239x1eX8=,TeX2yVzYHhXltMBSbsFM9uVlkT8=
-93,147,+0BtYrIT+yEiIJMEyG9239x1eX8=,TeX2yVzYHhXltMBSbsFM9uVlkT8=
-95,146,+0BtYrIT+yEiIJMEyG9239x1eX8=,TeX2yVzYHhXltMBSbsFM9uVlkT8=
-94,146,+0BtYrIT+yEiIJMEyG9239x1eX8=,TeX2yVzYHhXltMBSbsFM9uVlkT8=
-92,147,+0BtYrIT+yEiIJMEyG9239x1eX8=,TeX2yVzYHhXltMBSbsFM9uVlkT8=
-93,148,+0BtYrIT+yEiIJMEyG9239x1eX8=,TeX2yVzYHhXltMBSbsFM9uVlkT8=
-93,149,+0BtYrIT+yEiIJMEyG9239x1eX8=,TeX2yVzYHhXltMBSbsFM9uVlkT8=
-88,145,+0BtYrIT+yEiIJMEyG9239x1eX8=,tBVsdOqD2dM7xjJdpUw1E7KSdqU=
-91,147,+0BtYrIT+yEiIJMEyG9239x1eX8=,TeX2yVzYHhXltMBSbsFM9uVlkT8=
-92,149,+0BtYrIT+yEiIJMEyG9239x1eX8=,TeX2yVzYHhXltMBSbsFM9uVlkT8=
-93,146,+0BtYrIT+yEiIJMEyG9239x1eX8=,TeX2yVzYHhXltMBSbsFM9uVlkT8=
-88,148,+0BtYrIT+yEiIJMEyG9239x1eX8=,tBVsdOqD2dM7xjJdpUw1E7KSdqU=
-92,148,+0BtYrIT+yEiIJMEyG9239x1eX8=,TeX2yVzYHhXltMBSbsFM9uVlkT8=
-95,145,+0BtYrIT+yEiIJMEyG9239x1eX8=,TeX2yVzYHhXltMBSbsFM9uVlkT8=
-88,149,+0BtYrIT+yEiIJMEyG9239x1eX8=,tBVsdOqD2dM7xjJdpUw1E7KSdqU=
-91,149,+0BtYrIT+yEiIJMEyG9239x1eX8=,TeX2yVzYHhXltMBSbsFM9uVlkT8=
-90,149,+0BtYrIT+yEiIJMEyG9239x1eX8=,TeX2yVzYHhXltMBSbsFM9uVlkT8=
-91,148,+0BtYrIT+yEiIJMEyG9239x1eX8=,TeX2yVzYHhXltMBSbsFM9uVlkT8=
-90,147,+0BtYrIT+yEiIJMEyG9239x1eX8=,TeX2yVzYHhXltMBSbsFM9uVlkT8=
-92,146,+0BtYrIT+yEiIJMEyG9239x1eX8=,TeX2yVzYHhXltMBSbsFM9uVlkT8=
-88,150,+0BtYrIT+yEiIJMEyG9239x1eX8=,tBVsdOqD2dM7xjJdpUw1E7KSdqU=
-88,146,+0BtYrIT+yEiIJMEyG9239x1eX8=,tBVsdOqD2dM7xjJdpUw1E7KSdqU=
-89,147,+0BtYrIT+yEiIJMEyG9239x1eX8=,TeX2yVzYHhXltMBSbsFM9uVlkT8=
-94,145,+0BtYrIT+yEiIJMEyG9239x1eX8=,TeX2yVzYHhXltMBSbsFM9uVlkT8=
-89,149,+0BtYrIT+yEiIJMEyG9239x1eX8=,TeX2yVzYHhXltMBSbsFM9uVlkT8=
-90,148,+0BtYrIT+yEiIJMEyG9239x1eX8=,TeX2yVzYHhXltMBSbsFM9uVlkT8=
-93,145,+0BtYrIT+yEiIJMEyG9239x1eX8=,TeX2yVzYHhXltMBSbsFM9uVlkT8=
-91,146,+0BtYrIT+yEiIJMEyG9239x1eX8=,TeX2yVzYHhXltMBSbsFM9uVlkT8=
-88,147,+0BtYrIT+yEiIJMEyG9239x1eX8=,tBVsdOqD2dM7xjJdpUw1E7KSdqU=
-90,146,+0BtYrIT+yEiIJMEyG9239x1eX8=,TeX2yVzYHhXltMBSbsFM9uVlkT8=
-89,148,+0BtYrIT+yEiIJMEyG9239x1eX8=,TeX2yVzYHhXltMBSbsFM9uVlkT8=
-92,145,+0BtYrIT+yEiIJMEyG9239x1eX8=,TeX2yVzYHhXltMBSbsFM9uVlkT8=
-89,146,+0BtYrIT+yEiIJMEyG9239x1eX8=,TeX2yVzYHhXltMBSbsFM9uVlkT8=
-95,148,+0BtYrIT+yEiIJMEyG9239x1eX8=,TeX2yVzYHhXltMBSbsFM9uVlkT8=
-95,150,+0BtYrIT+yEiIJMEyG9239x1eX8=,TeX2yVzYHhXltMBSbsFM9uVlkT8=
-91,145,+0BtYrIT+yEiIJMEyG9239x1eX8=,TeX2yVzYHhXltMBSbsFM9uVlkT8=
-95,149,+0BtYrIT+yEiIJMEyG9239x1eX8=,TeX2yVzYHhXltMBSbsFM9uVlkT8=
-94,150,+0BtYrIT+yEiIJMEyG9239x1eX8=,TeX2yVzYHhXltMBSbsFM9uVlkT8=
-95,151,+0BtYrIT+yEiIJMEyG9239x1eX8=,TeX2yVzYHhXltMBSbsFM9uVlkT8=
-89,156,+0BtYrIT+yEiIJMEyG9239x1eX8=,/AYJZMCuMPzNmGt/+zZDuCTgnpE=
-94,151,+0BtYrIT+yEiIJMEyG9239x1eX8=,TeX2yVzYHhXltMBSbsFM9uVlkT8=
-93,151,+0BtYrIT+yEiIJMEyG9239x1eX8=,TeX2yVzYHhXltMBSbsFM9uVlkT8=
-92,151,+0BtYrIT+yEiIJMEyG9239x1eX8=,TeX2yVzYHhXltMBSbsFM9uVlkT8=
-91,151,+0BtYrIT+yEiIJMEyG9239x1eX8=,TeX2yVzYHhXltMBSbsFM9uVlkT8=
-90,151,+0BtYrIT+yEiIJMEyG9239x1eX8=,TeX2yVzYHhXltMBSbsFM9uVlkT8=
-89,151,+0BtYrIT+yEiIJMEyG9239x1eX8=,TeX2yVzYHhXltMBSbsFM9uVlkT8=
-95,152,+0BtYrIT+yEiIJMEyG9239x1eX8=,/AYJZMCuMPzNmGt/+zZDuCTgnpE=
-94,152,+0BtYrIT+yEiIJMEyG9239x1eX8=,/AYJZMCuMPzNmGt/+zZDuCTgnpE=
-93,152,+0BtYrIT+yEiIJMEyG9239x1eX8=,/AYJZMCuMPzNmGt/+zZDuCTgnpE=
-92,152,+0BtYrIT+yEiIJMEyG9239x1eX8=,/AYJZMCuMPzNmGt/+zZDuCTgnpE=
-91,152,+0BtYrIT+yEiIJMEyG9239x1eX8=,/AYJZMCuMPzNmGt/+zZDuCTgnpE=
-90,152,+0BtYrIT+yEiIJMEyG9239x1eX8=,/AYJZMCuMPzNmGt/+zZDuCTgnpE=
-89,152,+0BtYrIT+yEiIJMEyG9239x1eX8=,/AYJZMCuMPzNmGt/+zZDuCTgnpE=
-95,153,+0BtYrIT+yEiIJMEyG9239x1eX8=,/AYJZMCuMPzNmGt/+zZDuCTgnpE=
-95,157,+0BtYrIT+yEiIJMEyG9239x1eX8=,/AYJZMCuMPzNmGt/+zZDuCTgnpE=
-94,157,+0BtYrIT+yEiIJMEyG9239x1eX8=,/AYJZMCuMPzNmGt/+zZDuCTgnpE=
-94,153,+0BtYrIT+yEiIJMEyG9239x1eX8=,/AYJZMCuMPzNmGt/+zZDuCTgnpE=
-88,155,+0BtYrIT+yEiIJMEyG9239x1eX8=,m4KB4A2mJfrbU+v2C8Lo3IXVAcw=
-93,157,+0BtYrIT+yEiIJMEyG9239x1eX8=,/AYJZMCuMPzNmGt/+zZDuCTgnpE=
-92,157,+0BtYrIT+yEiIJMEyG9239x1eX8=,/AYJZMCuMPzNmGt/+zZDuCTgnpE=
-92,153,+0BtYrIT+yEiIJMEyG9239x1eX8=,/AYJZMCuMPzNmGt/+zZDuCTgnpE=
-93,153,+0BtYrIT+yEiIJMEyG9239x1eX8=,/AYJZMCuMPzNmGt/+zZDuCTgnpE=
-91,157,+0BtYrIT+yEiIJMEyG9239x1eX8=,/AYJZMCuMPzNmGt/+zZDuCTgnpE=
-91,153,+0BtYrIT+yEiIJMEyG9239x1eX8=,/AYJZMCuMPzNmGt/+zZDuCTgnpE=
-90,157,+0BtYrIT+yEiIJMEyG9239x1eX8=,/AYJZMCuMPzNmGt/+zZDuCTgnpE=
-89,157,+0BtYrIT+yEiIJMEyG9239x1eX8=,/AYJZMCuMPzNmGt/+zZDuCTgnpE=
-95,158,+0BtYrIT+yEiIJMEyG9239x1eX8=,/AYJZMCuMPzNmGt/+zZDuCTgnpE=
-94,158,+0BtYrIT+yEiIJMEyG9239x1eX8=,/AYJZMCuMPzNmGt/+zZDuCTgnpE=
-90,153,+0BtYrIT+yEiIJMEyG9239x1eX8=,/AYJZMCuMPzNmGt/+zZDuCTgnpE=
-89,153,+0BtYrIT+yEiIJMEyG9239x1eX8=,/AYJZMCuMPzNmGt/+zZDuCTgnpE=
-88,156,+0BtYrIT+yEiIJMEyG9239x1eX8=,m4KB4A2mJfrbU+v2C8Lo3IXVAcw=
-93,158,+0BtYrIT+yEiIJMEyG9239x1eX8=,/AYJZMCuMPzNmGt/+zZDuCTgnpE=
-95,154,+0BtYrIT+yEiIJMEyG9239x1eX8=,/AYJZMCuMPzNmGt/+zZDuCTgnpE=
-94,154,+0BtYrIT+yEiIJMEyG9239x1eX8=,/AYJZMCuMPzNmGt/+zZDuCTgnpE=
-92,158,+0BtYrIT+yEiIJMEyG9239x1eX8=,/AYJZMCuMPzNmGt/+zZDuCTgnpE=
-91,158,+0BtYrIT+yEiIJMEyG9239x1eX8=,/AYJZMCuMPzNmGt/+zZDuCTgnpE=
-88,157,+0BtYrIT+yEiIJMEyG9239x1eX8=,m4KB4A2mJfrbU+v2C8Lo3IXVAcw=
-90,158,+0BtYrIT+yEiIJMEyG9239x1eX8=,/AYJZMCuMPzNmGt/+zZDuCTgnpE=
-89,158,+0BtYrIT+yEiIJMEyG9239x1eX8=,/AYJZMCuMPzNmGt/+zZDuCTgnpE=
-93,154,+0BtYrIT+yEiIJMEyG9239x1eX8=,/AYJZMCuMPzNmGt/+zZDuCTgnpE=
-92,154,+0BtYrIT+yEiIJMEyG9239x1eX8=,/AYJZMCuMPzNmGt/+zZDuCTgnpE=
-91,154,+0BtYrIT+yEiIJMEyG9239x1eX8=,/AYJZMCuMPzNmGt/+zZDuCTgnpE=
-90,154,+0BtYrIT+yEiIJMEyG9239x1eX8=,/AYJZMCuMPzNmGt/+zZDuCTgnpE=
-89,154,+0BtYrIT+yEiIJMEyG9239x1eX8=,/AYJZMCuMPzNmGt/+zZDuCTgnpE=
-88,152,+0BtYrIT+yEiIJMEyG9239x1eX8=,m4KB4A2mJfrbU+v2C8Lo3IXVAcw=
-95,155,+0BtYrIT+yEiIJMEyG9239x1eX8=,/AYJZMCuMPzNmGt/+zZDuCTgnpE=
-94,155,+0BtYrIT+yEiIJMEyG9239x1eX8=,/AYJZMCuMPzNmGt/+zZDuCTgnpE=
-93,155,+0BtYrIT+yEiIJMEyG9239x1eX8=,/AYJZMCuMPzNmGt/+zZDuCTgnpE=
-92,155,+0BtYrIT+yEiIJMEyG9239x1eX8=,/AYJZMCuMPzNmGt/+zZDuCTgnpE=
-88,158,+0BtYrIT+yEiIJMEyG9239x1eX8=,m4KB4A2mJfrbU+v2C8Lo3IXVAcw=
-88,153,+0BtYrIT+yEiIJMEyG9239x1eX8=,m4KB4A2mJfrbU+v2C8Lo3IXVAcw=
-90,155,+0BtYrIT+yEiIJMEyG9239x1eX8=,/AYJZMCuMPzNmGt/+zZDuCTgnpE=
-91,155,+0BtYrIT+yEiIJMEyG9239x1eX8=,/AYJZMCuMPzNmGt/+zZDuCTgnpE=
-89,155,+0BtYrIT+yEiIJMEyG9239x1eX8=,/AYJZMCuMPzNmGt/+zZDuCTgnpE=
-88,151,+0BtYrIT+yEiIJMEyG9239x1eX8=,tBVsdOqD2dM7xjJdpUw1E7KSdqU=
-95,156,+0BtYrIT+yEiIJMEyG9239x1eX8=,/AYJZMCuMPzNmGt/+zZDuCTgnpE=
-94,156,+0BtYrIT+yEiIJMEyG9239x1eX8=,/AYJZMCuMPzNmGt/+zZDuCTgnpE=
-88,154,+0BtYrIT+yEiIJMEyG9239x1eX8=,m4KB4A2mJfrbU+v2C8Lo3IXVAcw=
-93,156,+0BtYrIT+yEiIJMEyG9239x1eX8=,/AYJZMCuMPzNmGt/+zZDuCTgnpE=
-92,156,+0BtYrIT+yEiIJMEyG9239x1eX8=,/AYJZMCuMPzNmGt/+zZDuCTgnpE=
-91,156,+0BtYrIT+yEiIJMEyG9239x1eX8=,/AYJZMCuMPzNmGt/+zZDuCTgnpE=
-90,156,+0BtYrIT+yEiIJMEyG9239x1eX8=,/AYJZMCuMPzNmGt/+zZDuCTgnpE=
-96,157,+0BtYrIT+yEiIJMEyG9239x1eX8=,/AYJZMCuMPzNmGt/+zZDuCTgnpE=
-96,153,+0BtYrIT+yEiIJMEyG9239x1eX8=,/AYJZMCuMPzNmGt/+zZDuCTgnpE=
-96,158,+0BtYrIT+yEiIJMEyG9239x1eX8=,/AYJZMCuMPzNmGt/+zZDuCTgnpE=
-96,154,+0BtYrIT+yEiIJMEyG9239x1eX8=,/AYJZMCuMPzNmGt/+zZDuCTgnpE=
-96,155,+0BtYrIT+yEiIJMEyG9239x1eX8=,/AYJZMCuMPzNmGt/+zZDuCTgnpE=
-96,156,+0BtYrIT+yEiIJMEyG9239x1eX8=,/AYJZMCuMPzNmGt/+zZDuCTgnpE=
-86,144,+0BtYrIT+yEiIJMEyG9239x1eX8=,tBVsdOqD2dM7xjJdpUw1E7KSdqU=
-87,144,+0BtYrIT+yEiIJMEyG9239x1eX8=,tBVsdOqD2dM7xjJdpUw1E7KSdqU=
-85,144,+0BtYrIT+yEiIJMEyG9239x1eX8=,tBVsdOqD2dM7xjJdpUw1E7KSdqU=
-83,144,+0BtYrIT+yEiIJMEyG9239x1eX8=,tBVsdOqD2dM7xjJdpUw1E7KSdqU=
-84,144,+0BtYrIT+yEiIJMEyG9239x1eX8=,tBVsdOqD2dM7xjJdpUw1E7KSdqU=
-82,144,+0BtYrIT+yEiIJMEyG9239x1eX8=,tBVsdOqD2dM7xjJdpUw1E7KSdqU=
-95,159,+0BtYrIT+yEiIJMEyG9239x1eX8=,/AYJZMCuMPzNmGt/+zZDuCTgnpE=
-94,159,+0BtYrIT+yEiIJMEyG9239x1eX8=,/AYJZMCuMPzNmGt/+zZDuCTgnpE=
-91,159,+0BtYrIT+yEiIJMEyG9239x1eX8=,/AYJZMCuMPzNmGt/+zZDuCTgnpE=
-81,151,+0BtYrIT+yEiIJMEyG9239x1eX8=,tBVsdOqD2dM7xjJdpUw1E7KSdqU=
-81,155,+0BtYrIT+yEiIJMEyG9239x1eX8=,m4KB4A2mJfrbU+v2C8Lo3IXVAcw=
-81,156,+0BtYrIT+yEiIJMEyG9239x1eX8=,m4KB4A2mJfrbU+v2C8Lo3IXVAcw=
-81,157,+0BtYrIT+yEiIJMEyG9239x1eX8=,m4KB4A2mJfrbU+v2C8Lo3IXVAcw=
-81,152,+0BtYrIT+yEiIJMEyG9239x1eX8=,m4KB4A2mJfrbU+v2C8Lo3IXVAcw=
-81,153,+0BtYrIT+yEiIJMEyG9239x1eX8=,m4KB4A2mJfrbU+v2C8Lo3IXVAcw=
-81,158,+0BtYrIT+yEiIJMEyG9239x1eX8=,m4KB4A2mJfrbU+v2C8Lo3IXVAcw=
-81,154,+0BtYrIT+yEiIJMEyG9239x1eX8=,m4KB4A2mJfrbU+v2C8Lo3IXVAcw=
-81,144,+0BtYrIT+yEiIJMEyG9239x1eX8=,tBVsdOqD2dM7xjJdpUw1E7KSdqU=
-96,147,+0BtYrIT+yEiIJMEyG9239x1eX8=,TeX2yVzYHhXltMBSbsFM9uVlkT8=
-96,151,+0BtYrIT+yEiIJMEyG9239x1eX8=,TeX2yVzYHhXltMBSbsFM9uVlkT8=
-96,152,+0BtYrIT+yEiIJMEyG9239x1eX8=,/AYJZMCuMPzNmGt/+zZDuCTgnpE=
-96,146,+0BtYrIT+yEiIJMEyG9239x1eX8=,TeX2yVzYHhXltMBSbsFM9uVlkT8=
-96,148,+0BtYrIT+yEiIJMEyG9239x1eX8=,TeX2yVzYHhXltMBSbsFM9uVlkT8=
-96,150,+0BtYrIT+yEiIJMEyG9239x1eX8=,TeX2yVzYHhXltMBSbsFM9uVlkT8=
-92,159,+0BtYrIT+yEiIJMEyG9239x1eX8=,/AYJZMCuMPzNmGt/+zZDuCTgnpE=
-96,149,+0BtYrIT+yEiIJMEyG9239x1eX8=,TeX2yVzYHhXltMBSbsFM9uVlkT8=
-90,144,+0BtYrIT+yEiIJMEyG9239x1eX8=,TeX2yVzYHhXltMBSbsFM9uVlkT8=
-96,144,+0BtYrIT+yEiIJMEyG9239x1eX8=,TeX2yVzYHhXltMBSbsFM9uVlkT8=
-89,144,+0BtYrIT+yEiIJMEyG9239x1eX8=,TeX2yVzYHhXltMBSbsFM9uVlkT8=
-94,144,+0BtYrIT+yEiIJMEyG9239x1eX8=,TeX2yVzYHhXltMBSbsFM9uVlkT8=
-88,144,+0BtYrIT+yEiIJMEyG9239x1eX8=,tBVsdOqD2dM7xjJdpUw1E7KSdqU=
-91,144,+0BtYrIT+yEiIJMEyG9239x1eX8=,TeX2yVzYHhXltMBSbsFM9uVlkT8=
-93,144,+0BtYrIT+yEiIJMEyG9239x1eX8=,TeX2yVzYHhXltMBSbsFM9uVlkT8=
-95,144,+0BtYrIT+yEiIJMEyG9239x1eX8=,TeX2yVzYHhXltMBSbsFM9uVlkT8=
-92,144,+0BtYrIT+yEiIJMEyG9239x1eX8=,TeX2yVzYHhXltMBSbsFM9uVlkT8=
-87,159,+0BtYrIT+yEiIJMEyG9239x1eX8=,m4KB4A2mJfrbU+v2C8Lo3IXVAcw=
-86,159,+0BtYrIT+yEiIJMEyG9239x1eX8=,m4KB4A2mJfrbU+v2C8Lo3IXVAcw=
-85,159,+0BtYrIT+yEiIJMEyG9239x1eX8=,m4KB4A2mJfrbU+v2C8Lo3IXVAcw=
-84,159,+0BtYrIT+yEiIJMEyG9239x1eX8=,m4KB4A2mJfrbU+v2C8Lo3IXVAcw=
-83,159,+0BtYrIT+yEiIJMEyG9239x1eX8=,m4KB4A2mJfrbU+v2C8Lo3IXVAcw=
-82,159,+0BtYrIT+yEiIJMEyG9239x1eX8=,m4KB4A2mJfrbU+v2C8Lo3IXVAcw=
-88,159,+0BtYrIT+yEiIJMEyG9239x1eX8=,m4KB4A2mJfrbU+v2C8Lo3IXVAcw=
-81,159,+0BtYrIT+yEiIJMEyG9239x1eX8=,m4KB4A2mJfrbU+v2C8Lo3IXVAcw=
-96,145,+0BtYrIT+yEiIJMEyG9239x1eX8=,TeX2yVzYHhXltMBSbsFM9uVlkT8=
-90,159,+0BtYrIT+yEiIJMEyG9239x1eX8=,/AYJZMCuMPzNmGt/+zZDuCTgnpE=
-96,159,+0BtYrIT+yEiIJMEyG9239x1eX8=,/AYJZMCuMPzNmGt/+zZDuCTgnpE=
-89,159,+0BtYrIT+yEiIJMEyG9239x1eX8=,/AYJZMCuMPzNmGt/+zZDuCTgnpE=
-93,159,+0BtYrIT+yEiIJMEyG9239x1eX8=,/AYJZMCuMPzNmGt/+zZDuCTgnpE=
-80,142,cXs/vAOfMlgTrJlsTo+Xrdype8w=,Gbxhsmu74thWz/dADnbwlOXPezQ=
-79,142,cXs/vAOfMlgTrJlsTo+Xrdype8w=,Gbxhsmu74thWz/dADnbwlOXPezQ=
-78,142,cXs/vAOfMlgTrJlsTo+Xrdype8w=,Gbxhsmu74thWz/dADnbwlOXPezQ=
-73,141,cXs/vAOfMlgTrJlsTo+Xrdype8w=,Gbxhsmu74thWz/dADnbwlOXPezQ=
-74,141,cXs/vAOfMlgTrJlsTo+Xrdype8w=,Gbxhsmu74thWz/dADnbwlOXPezQ=
-76,141,cXs/vAOfMlgTrJlsTo+Xrdype8w=,Gbxhsmu74thWz/dADnbwlOXPezQ=
-75,141,cXs/vAOfMlgTrJlsTo+Xrdype8w=,Gbxhsmu74thWz/dADnbwlOXPezQ=
-77,141,cXs/vAOfMlgTrJlsTo+Xrdype8w=,Gbxhsmu74thWz/dADnbwlOXPezQ=
-78,141,cXs/vAOfMlgTrJlsTo+Xrdype8w=,Gbxhsmu74thWz/dADnbwlOXPezQ=
-79,141,cXs/vAOfMlgTrJlsTo+Xrdype8w=,Gbxhsmu74thWz/dADnbwlOXPezQ=
-80,141,cXs/vAOfMlgTrJlsTo+Xrdype8w=,Gbxhsmu74thWz/dADnbwlOXPezQ=
-73,140,cXs/vAOfMlgTrJlsTo+Xrdype8w=,Gbxhsmu74thWz/dADnbwlOXPezQ=
-74,140,cXs/vAOfMlgTrJlsTo+Xrdype8w=,Gbxhsmu74thWz/dADnbwlOXPezQ=
-75,140,cXs/vAOfMlgTrJlsTo+Xrdype8w=,Gbxhsmu74thWz/dADnbwlOXPezQ=
-76,140,cXs/vAOfMlgTrJlsTo+Xrdype8w=,Gbxhsmu74thWz/dADnbwlOXPezQ=
-78,140,cXs/vAOfMlgTrJlsTo+Xrdype8w=,Gbxhsmu74thWz/dADnbwlOXPezQ=
-77,140,cXs/vAOfMlgTrJlsTo+Xrdype8w=,Gbxhsmu74thWz/dADnbwlOXPezQ=
-79,140,cXs/vAOfMlgTrJlsTo+Xrdype8w=,Gbxhsmu74thWz/dADnbwlOXPezQ=
-80,140,cXs/vAOfMlgTrJlsTo+Xrdype8w=,Gbxhsmu74thWz/dADnbwlOXPezQ=
-73,139,cXs/vAOfMlgTrJlsTo+Xrdype8w=,Gbxhsmu74thWz/dADnbwlOXPezQ=
-74,139,cXs/vAOfMlgTrJlsTo+Xrdype8w=,Gbxhsmu74thWz/dADnbwlOXPezQ=
-75,139,cXs/vAOfMlgTrJlsTo+Xrdype8w=,Gbxhsmu74thWz/dADnbwlOXPezQ=
-76,139,cXs/vAOfMlgTrJlsTo+Xrdype8w=,Gbxhsmu74thWz/dADnbwlOXPezQ=
-78,139,cXs/vAOfMlgTrJlsTo+Xrdype8w=,Gbxhsmu74thWz/dADnbwlOXPezQ=
-77,139,cXs/vAOfMlgTrJlsTo+Xrdype8w=,Gbxhsmu74thWz/dADnbwlOXPezQ=
-79,139,cXs/vAOfMlgTrJlsTo+Xrdype8w=,Gbxhsmu74thWz/dADnbwlOXPezQ=
-73,138,cXs/vAOfMlgTrJlsTo+Xrdype8w=,Gbxhsmu74thWz/dADnbwlOXPezQ=
-75,138,cXs/vAOfMlgTrJlsTo+Xrdype8w=,Gbxhsmu74thWz/dADnbwlOXPezQ=
-74,138,cXs/vAOfMlgTrJlsTo+Xrdype8w=,Gbxhsmu74thWz/dADnbwlOXPezQ=
-76,138,cXs/vAOfMlgTrJlsTo+Xrdype8w=,Gbxhsmu74thWz/dADnbwlOXPezQ=
-78,138,cXs/vAOfMlgTrJlsTo+Xrdype8w=,Gbxhsmu74thWz/dADnbwlOXPezQ=
-77,138,cXs/vAOfMlgTrJlsTo+Xrdype8w=,Gbxhsmu74thWz/dADnbwlOXPezQ=
-79,138,cXs/vAOfMlgTrJlsTo+Xrdype8w=,Gbxhsmu74thWz/dADnbwlOXPezQ=
-80,138,cXs/vAOfMlgTrJlsTo+Xrdype8w=,Gbxhsmu74thWz/dADnbwlOXPezQ=
-73,137,cXs/vAOfMlgTrJlsTo+Xrdype8w=,Gbxhsmu74thWz/dADnbwlOXPezQ=
-74,137,cXs/vAOfMlgTrJlsTo+Xrdype8w=,Gbxhsmu74thWz/dADnbwlOXPezQ=
-75,137,cXs/vAOfMlgTrJlsTo+Xrdype8w=,Gbxhsmu74thWz/dADnbwlOXPezQ=
-76,137,cXs/vAOfMlgTrJlsTo+Xrdype8w=,Gbxhsmu74thWz/dADnbwlOXPezQ=
-77,137,cXs/vAOfMlgTrJlsTo+Xrdype8w=,Gbxhsmu74thWz/dADnbwlOXPezQ=
-78,137,cXs/vAOfMlgTrJlsTo+Xrdype8w=,Gbxhsmu74thWz/dADnbwlOXPezQ=
-73,143,cXs/vAOfMlgTrJlsTo+Xrdype8w=,Gbxhsmu74thWz/dADnbwlOXPezQ=
-74,143,cXs/vAOfMlgTrJlsTo+Xrdype8w=,Gbxhsmu74thWz/dADnbwlOXPezQ=
-75,143,cXs/vAOfMlgTrJlsTo+Xrdype8w=,Gbxhsmu74thWz/dADnbwlOXPezQ=
-76,143,cXs/vAOfMlgTrJlsTo+Xrdype8w=,Gbxhsmu74thWz/dADnbwlOXPezQ=
-78,143,cXs/vAOfMlgTrJlsTo+Xrdype8w=,Gbxhsmu74thWz/dADnbwlOXPezQ=
-79,143,cXs/vAOfMlgTrJlsTo+Xrdype8w=,Gbxhsmu74thWz/dADnbwlOXPezQ=
-80,143,cXs/vAOfMlgTrJlsTo+Xrdype8w=,Gbxhsmu74thWz/dADnbwlOXPezQ=
-77,143,cXs/vAOfMlgTrJlsTo+Xrdype8w=,Gbxhsmu74thWz/dADnbwlOXPezQ=
-73,142,cXs/vAOfMlgTrJlsTo+Xrdype8w=,Gbxhsmu74thWz/dADnbwlOXPezQ=
-74,142,cXs/vAOfMlgTrJlsTo+Xrdype8w=,Gbxhsmu74thWz/dADnbwlOXPezQ=
-75,142,cXs/vAOfMlgTrJlsTo+Xrdype8w=,Gbxhsmu74thWz/dADnbwlOXPezQ=
-76,142,cXs/vAOfMlgTrJlsTo+Xrdype8w=,Gbxhsmu74thWz/dADnbwlOXPezQ=
-77,142,cXs/vAOfMlgTrJlsTo+Xrdype8w=,Gbxhsmu74thWz/dADnbwlOXPezQ=
-77,135,cXs/vAOfMlgTrJlsTo+Xrdype8w=,nfx/j1IXNsym7LUwlFic9af90ec=
-78,132,cXs/vAOfMlgTrJlsTo+Xrdype8w=,nfx/j1IXNsym7LUwlFic9af90ec=
-78,134,cXs/vAOfMlgTrJlsTo+Xrdype8w=,nfx/j1IXNsym7LUwlFic9af90ec=
-77,134,cXs/vAOfMlgTrJlsTo+Xrdype8w=,nfx/j1IXNsym7LUwlFic9af90ec=
-76,135,cXs/vAOfMlgTrJlsTo+Xrdype8w=,nfx/j1IXNsym7LUwlFic9af90ec=
-74,130,cXs/vAOfMlgTrJlsTo+Xrdype8w=,nfx/j1IXNsym7LUwlFic9af90ec=
-80,130,cXs/vAOfMlgTrJlsTo+Xrdype8w=,nfx/j1IXNsym7LUwlFic9af90ec=
-80,131,cXs/vAOfMlgTrJlsTo+Xrdype8w=,nfx/j1IXNsym7LUwlFic9af90ec=
-78,130,cXs/vAOfMlgTrJlsTo+Xrdype8w=,nfx/j1IXNsym7LUwlFic9af90ec=
-78,135,cXs/vAOfMlgTrJlsTo+Xrdype8w=,nfx/j1IXNsym7LUwlFic9af90ec=
-75,135,cXs/vAOfMlgTrJlsTo+Xrdype8w=,nfx/j1IXNsym7LUwlFic9af90ec=
-78,128,cXs/vAOfMlgTrJlsTo+Xrdype8w=,nfx/j1IXNsym7LUwlFic9af90ec=
-79,134,cXs/vAOfMlgTrJlsTo+Xrdype8w=,nfx/j1IXNsym7LUwlFic9af90ec=
-76,128,cXs/vAOfMlgTrJlsTo+Xrdype8w=,nfx/j1IXNsym7LUwlFic9af90ec=
-80,129,cXs/vAOfMlgTrJlsTo+Xrdype8w=,nfx/j1IXNsym7LUwlFic9af90ec=
-74,135,cXs/vAOfMlgTrJlsTo+Xrdype8w=,nfx/j1IXNsym7LUwlFic9af90ec=
-80,136,cXs/vAOfMlgTrJlsTo+Xrdype8w=,Gbxhsmu74thWz/dADnbwlOXPezQ=
-79,129,cXs/vAOfMlgTrJlsTo+Xrdype8w=,nfx/j1IXNsym7LUwlFic9af90ec=
-74,129,cXs/vAOfMlgTrJlsTo+Xrdype8w=,nfx/j1IXNsym7LUwlFic9af90ec=
-80,139,cXs/vAOfMlgTrJlsTo+Xrdype8w=,Gbxhsmu74thWz/dADnbwlOXPezQ=
-80,133,cXs/vAOfMlgTrJlsTo+Xrdype8w=,nfx/j1IXNsym7LUwlFic9af90ec=
-80,134,cXs/vAOfMlgTrJlsTo+Xrdype8w=,nfx/j1IXNsym7LUwlFic9af90ec=
-75,128,cXs/vAOfMlgTrJlsTo+Xrdype8w=,nfx/j1IXNsym7LUwlFic9af90ec=
-77,128,cXs/vAOfMlgTrJlsTo+Xrdype8w=,nfx/j1IXNsym7LUwlFic9af90ec=
-77,130,cXs/vAOfMlgTrJlsTo+Xrdype8w=,nfx/j1IXNsym7LUwlFic9af90ec=
-79,128,cXs/vAOfMlgTrJlsTo+Xrdype8w=,nfx/j1IXNsym7LUwlFic9af90ec=
-80,135,cXs/vAOfMlgTrJlsTo+Xrdype8w=,nfx/j1IXNsym7LUwlFic9af90ec=
-79,135,cXs/vAOfMlgTrJlsTo+Xrdype8w=,nfx/j1IXNsym7LUwlFic9af90ec=
-74,133,cXs/vAOfMlgTrJlsTo+Xrdype8w=,nfx/j1IXNsym7LUwlFic9af90ec=
-80,128,cXs/vAOfMlgTrJlsTo+Xrdype8w=,nfx/j1IXNsym7LUwlFic9af90ec=
-74,132,cXs/vAOfMlgTrJlsTo+Xrdype8w=,nfx/j1IXNsym7LUwlFic9af90ec=
-80,132,cXs/vAOfMlgTrJlsTo+Xrdype8w=,nfx/j1IXNsym7LUwlFic9af90ec=
-75,133,cXs/vAOfMlgTrJlsTo+Xrdype8w=,nfx/j1IXNsym7LUwlFic9af90ec=
-74,134,cXs/vAOfMlgTrJlsTo+Xrdype8w=,nfx/j1IXNsym7LUwlFic9af90ec=
-75,134,cXs/vAOfMlgTrJlsTo+Xrdype8w=,nfx/j1IXNsym7LUwlFic9af90ec=
-76,134,cXs/vAOfMlgTrJlsTo+Xrdype8w=,nfx/j1IXNsym7LUwlFic9af90ec=
-75,132,cXs/vAOfMlgTrJlsTo+Xrdype8w=,nfx/j1IXNsym7LUwlFic9af90ec=
-76,133,cXs/vAOfMlgTrJlsTo+Xrdype8w=,nfx/j1IXNsym7LUwlFic9af90ec=
-74,131,cXs/vAOfMlgTrJlsTo+Xrdype8w=,nfx/j1IXNsym7LUwlFic9af90ec=
-75,131,cXs/vAOfMlgTrJlsTo+Xrdype8w=,nfx/j1IXNsym7LUwlFic9af90ec=
-76,131,cXs/vAOfMlgTrJlsTo+Xrdype8w=,nfx/j1IXNsym7LUwlFic9af90ec=
-76,132,cXs/vAOfMlgTrJlsTo+Xrdype8w=,nfx/j1IXNsym7LUwlFic9af90ec=
-73,130,cXs/vAOfMlgTrJlsTo+Xrdype8w=,nfx/j1IXNsym7LUwlFic9af90ec=
-68,130,cXs/vAOfMlgTrJlsTo+Xrdype8w=,YmCC/+xKzpF0gmqwHIjK/zXUaik=
-73,128,cXs/vAOfMlgTrJlsTo+Xrdype8w=,nfx/j1IXNsym7LUwlFic9af90ec=
-73,129,cXs/vAOfMlgTrJlsTo+Xrdype8w=,nfx/j1IXNsym7LUwlFic9af90ec=
-65,135,cXs/vAOfMlgTrJlsTo+Xrdype8w=,YmCC/+xKzpF0gmqwHIjK/zXUaik=
-66,135,cXs/vAOfMlgTrJlsTo+Xrdype8w=,YmCC/+xKzpF0gmqwHIjK/zXUaik=
-67,135,cXs/vAOfMlgTrJlsTo+Xrdype8w=,YmCC/+xKzpF0gmqwHIjK/zXUaik=
-68,135,cXs/vAOfMlgTrJlsTo+Xrdype8w=,YmCC/+xKzpF0gmqwHIjK/zXUaik=
-73,133,cXs/vAOfMlgTrJlsTo+Xrdype8w=,nfx/j1IXNsym7LUwlFic9af90ec=
-72,130,cXs/vAOfMlgTrJlsTo+Xrdype8w=,YmCC/+xKzpF0gmqwHIjK/zXUaik=
-65,129,cXs/vAOfMlgTrJlsTo+Xrdype8w=,YmCC/+xKzpF0gmqwHIjK/zXUaik=
-73,132,cXs/vAOfMlgTrJlsTo+Xrdype8w=,nfx/j1IXNsym7LUwlFic9af90ec=
-66,129,cXs/vAOfMlgTrJlsTo+Xrdype8w=,YmCC/+xKzpF0gmqwHIjK/zXUaik=
-67,129,cXs/vAOfMlgTrJlsTo+Xrdype8w=,YmCC/+xKzpF0gmqwHIjK/zXUaik=
-69,135,cXs/vAOfMlgTrJlsTo+Xrdype8w=,YmCC/+xKzpF0gmqwHIjK/zXUaik=
-70,135,cXs/vAOfMlgTrJlsTo+Xrdype8w=,YmCC/+xKzpF0gmqwHIjK/zXUaik=
-71,135,cXs/vAOfMlgTrJlsTo+Xrdype8w=,YmCC/+xKzpF0gmqwHIjK/zXUaik=
-72,135,cXs/vAOfMlgTrJlsTo+Xrdype8w=,YmCC/+xKzpF0gmqwHIjK/zXUaik=
-77,133,cXs/vAOfMlgTrJlsTo+Xrdype8w=,nfx/j1IXNsym7LUwlFic9af90ec=
-77,132,cXs/vAOfMlgTrJlsTo+Xrdype8w=,nfx/j1IXNsym7LUwlFic9af90ec=
-65,134,cXs/vAOfMlgTrJlsTo+Xrdype8w=,YmCC/+xKzpF0gmqwHIjK/zXUaik=
-66,134,cXs/vAOfMlgTrJlsTo+Xrdype8w=,YmCC/+xKzpF0gmqwHIjK/zXUaik=
-67,134,cXs/vAOfMlgTrJlsTo+Xrdype8w=,YmCC/+xKzpF0gmqwHIjK/zXUaik=
-73,134,cXs/vAOfMlgTrJlsTo+Xrdype8w=,nfx/j1IXNsym7LUwlFic9af90ec=
-68,129,cXs/vAOfMlgTrJlsTo+Xrdype8w=,YmCC/+xKzpF0gmqwHIjK/zXUaik=
-69,129,cXs/vAOfMlgTrJlsTo+Xrdype8w=,YmCC/+xKzpF0gmqwHIjK/zXUaik=
-68,134,cXs/vAOfMlgTrJlsTo+Xrdype8w=,YmCC/+xKzpF0gmqwHIjK/zXUaik=
-69,134,cXs/vAOfMlgTrJlsTo+Xrdype8w=,YmCC/+xKzpF0gmqwHIjK/zXUaik=
-73,131,cXs/vAOfMlgTrJlsTo+Xrdype8w=,nfx/j1IXNsym7LUwlFic9af90ec=
-70,134,cXs/vAOfMlgTrJlsTo+Xrdype8w=,YmCC/+xKzpF0gmqwHIjK/zXUaik=
-71,134,cXs/vAOfMlgTrJlsTo+Xrdype8w=,YmCC/+xKzpF0gmqwHIjK/zXUaik=
-72,134,cXs/vAOfMlgTrJlsTo+Xrdype8w=,YmCC/+xKzpF0gmqwHIjK/zXUaik=
-65,133,cXs/vAOfMlgTrJlsTo+Xrdype8w=,YmCC/+xKzpF0gmqwHIjK/zXUaik=
-66,133,cXs/vAOfMlgTrJlsTo+Xrdype8w=,YmCC/+xKzpF0gmqwHIjK/zXUaik=
-67,133,cXs/vAOfMlgTrJlsTo+Xrdype8w=,YmCC/+xKzpF0gmqwHIjK/zXUaik=
-70,129,cXs/vAOfMlgTrJlsTo+Xrdype8w=,YmCC/+xKzpF0gmqwHIjK/zXUaik=
-71,129,cXs/vAOfMlgTrJlsTo+Xrdype8w=,YmCC/+xKzpF0gmqwHIjK/zXUaik=
-72,129,cXs/vAOfMlgTrJlsTo+Xrdype8w=,YmCC/+xKzpF0gmqwHIjK/zXUaik=
-69,133,cXs/vAOfMlgTrJlsTo+Xrdype8w=,YmCC/+xKzpF0gmqwHIjK/zXUaik=
-68,133,cXs/vAOfMlgTrJlsTo+Xrdype8w=,YmCC/+xKzpF0gmqwHIjK/zXUaik=
-70,133,cXs/vAOfMlgTrJlsTo+Xrdype8w=,YmCC/+xKzpF0gmqwHIjK/zXUaik=
-79,130,cXs/vAOfMlgTrJlsTo+Xrdype8w=,nfx/j1IXNsym7LUwlFic9af90ec=
-71,133,cXs/vAOfMlgTrJlsTo+Xrdype8w=,YmCC/+xKzpF0gmqwHIjK/zXUaik=
-65,128,cXs/vAOfMlgTrJlsTo+Xrdype8w=,YmCC/+xKzpF0gmqwHIjK/zXUaik=
-66,128,cXs/vAOfMlgTrJlsTo+Xrdype8w=,YmCC/+xKzpF0gmqwHIjK/zXUaik=
-72,133,cXs/vAOfMlgTrJlsTo+Xrdype8w=,YmCC/+xKzpF0gmqwHIjK/zXUaik=
-65,132,cXs/vAOfMlgTrJlsTo+Xrdype8w=,YmCC/+xKzpF0gmqwHIjK/zXUaik=
-67,128,cXs/vAOfMlgTrJlsTo+Xrdype8w=,YmCC/+xKzpF0gmqwHIjK/zXUaik=
-68,128,cXs/vAOfMlgTrJlsTo+Xrdype8w=,YmCC/+xKzpF0gmqwHIjK/zXUaik=
-69,128,cXs/vAOfMlgTrJlsTo+Xrdype8w=,YmCC/+xKzpF0gmqwHIjK/zXUaik=
-66,132,cXs/vAOfMlgTrJlsTo+Xrdype8w=,YmCC/+xKzpF0gmqwHIjK/zXUaik=
-70,128,cXs/vAOfMlgTrJlsTo+Xrdype8w=,YmCC/+xKzpF0gmqwHIjK/zXUaik=
-67,132,cXs/vAOfMlgTrJlsTo+Xrdype8w=,YmCC/+xKzpF0gmqwHIjK/zXUaik=
-68,132,cXs/vAOfMlgTrJlsTo+Xrdype8w=,YmCC/+xKzpF0gmqwHIjK/zXUaik=
-69,132,cXs/vAOfMlgTrJlsTo+Xrdype8w=,YmCC/+xKzpF0gmqwHIjK/zXUaik=
-70,132,cXs/vAOfMlgTrJlsTo+Xrdype8w=,YmCC/+xKzpF0gmqwHIjK/zXUaik=
-71,128,cXs/vAOfMlgTrJlsTo+Xrdype8w=,YmCC/+xKzpF0gmqwHIjK/zXUaik=
-71,132,cXs/vAOfMlgTrJlsTo+Xrdype8w=,YmCC/+xKzpF0gmqwHIjK/zXUaik=
-74,128,cXs/vAOfMlgTrJlsTo+Xrdype8w=,nfx/j1IXNsym7LUwlFic9af90ec=
-74,136,cXs/vAOfMlgTrJlsTo+Xrdype8w=,Gbxhsmu74thWz/dADnbwlOXPezQ=
-73,136,cXs/vAOfMlgTrJlsTo+Xrdype8w=,Gbxhsmu74thWz/dADnbwlOXPezQ=
-72,128,cXs/vAOfMlgTrJlsTo+Xrdype8w=,YmCC/+xKzpF0gmqwHIjK/zXUaik=
-65,131,cXs/vAOfMlgTrJlsTo+Xrdype8w=,YmCC/+xKzpF0gmqwHIjK/zXUaik=
-72,132,cXs/vAOfMlgTrJlsTo+Xrdype8w=,YmCC/+xKzpF0gmqwHIjK/zXUaik=
-66,131,cXs/vAOfMlgTrJlsTo+Xrdype8w=,YmCC/+xKzpF0gmqwHIjK/zXUaik=
-75,136,cXs/vAOfMlgTrJlsTo+Xrdype8w=,Gbxhsmu74thWz/dADnbwlOXPezQ=
-67,131,cXs/vAOfMlgTrJlsTo+Xrdype8w=,YmCC/+xKzpF0gmqwHIjK/zXUaik=
-76,136,cXs/vAOfMlgTrJlsTo+Xrdype8w=,Gbxhsmu74thWz/dADnbwlOXPezQ=
-68,131,cXs/vAOfMlgTrJlsTo+Xrdype8w=,YmCC/+xKzpF0gmqwHIjK/zXUaik=
-69,131,cXs/vAOfMlgTrJlsTo+Xrdype8w=,YmCC/+xKzpF0gmqwHIjK/zXUaik=
-72,131,cXs/vAOfMlgTrJlsTo+Xrdype8w=,YmCC/+xKzpF0gmqwHIjK/zXUaik=
-73,135,cXs/vAOfMlgTrJlsTo+Xrdype8w=,nfx/j1IXNsym7LUwlFic9af90ec=
-65,130,cXs/vAOfMlgTrJlsTo+Xrdype8w=,YmCC/+xKzpF0gmqwHIjK/zXUaik=
-78,133,cXs/vAOfMlgTrJlsTo+Xrdype8w=,nfx/j1IXNsym7LUwlFic9af90ec=
-79,136,cXs/vAOfMlgTrJlsTo+Xrdype8w=,Gbxhsmu74thWz/dADnbwlOXPezQ=
-78,136,cXs/vAOfMlgTrJlsTo+Xrdype8w=,Gbxhsmu74thWz/dADnbwlOXPezQ=
-78,131,cXs/vAOfMlgTrJlsTo+Xrdype8w=,nfx/j1IXNsym7LUwlFic9af90ec=
-78,129,cXs/vAOfMlgTrJlsTo+Xrdype8w=,nfx/j1IXNsym7LUwlFic9af90ec=
-77,129,cXs/vAOfMlgTrJlsTo+Xrdype8w=,nfx/j1IXNsym7LUwlFic9af90ec=
-76,129,cXs/vAOfMlgTrJlsTo+Xrdype8w=,nfx/j1IXNsym7LUwlFic9af90ec=
-77,136,cXs/vAOfMlgTrJlsTo+Xrdype8w=,Gbxhsmu74thWz/dADnbwlOXPezQ=
-75,129,cXs/vAOfMlgTrJlsTo+Xrdype8w=,nfx/j1IXNsym7LUwlFic9af90ec=
-80,137,cXs/vAOfMlgTrJlsTo+Xrdype8w=,Gbxhsmu74thWz/dADnbwlOXPezQ=
-79,133,cXs/vAOfMlgTrJlsTo+Xrdype8w=,nfx/j1IXNsym7LUwlFic9af90ec=
-69,130,cXs/vAOfMlgTrJlsTo+Xrdype8w=,YmCC/+xKzpF0gmqwHIjK/zXUaik=
-79,137,cXs/vAOfMlgTrJlsTo+Xrdype8w=,Gbxhsmu74thWz/dADnbwlOXPezQ=
-66,130,cXs/vAOfMlgTrJlsTo+Xrdype8w=,YmCC/+xKzpF0gmqwHIjK/zXUaik=
-79,132,cXs/vAOfMlgTrJlsTo+Xrdype8w=,nfx/j1IXNsym7LUwlFic9af90ec=
-67,130,cXs/vAOfMlgTrJlsTo+Xrdype8w=,YmCC/+xKzpF0gmqwHIjK/zXUaik=
-76,130,cXs/vAOfMlgTrJlsTo+Xrdype8w=,nfx/j1IXNsym7LUwlFic9af90ec=
-71,130,cXs/vAOfMlgTrJlsTo+Xrdype8w=,YmCC/+xKzpF0gmqwHIjK/zXUaik=
-75,130,cXs/vAOfMlgTrJlsTo+Xrdype8w=,nfx/j1IXNsym7LUwlFic9af90ec=
-71,131,cXs/vAOfMlgTrJlsTo+Xrdype8w=,YmCC/+xKzpF0gmqwHIjK/zXUaik=
-77,131,cXs/vAOfMlgTrJlsTo+Xrdype8w=,nfx/j1IXNsym7LUwlFic9af90ec=
-70,130,cXs/vAOfMlgTrJlsTo+Xrdype8w=,YmCC/+xKzpF0gmqwHIjK/zXUaik=
-79,131,cXs/vAOfMlgTrJlsTo+Xrdype8w=,nfx/j1IXNsym7LUwlFic9af90ec=
-70,131,cXs/vAOfMlgTrJlsTo+Xrdype8w=,YmCC/+xKzpF0gmqwHIjK/zXUaik=
