-64,1,RpNzY9kLkrnhtnHi8NRd9sTqJqI=,NN2FUDpmoo5oyQq9cCRTcDdGMcM=
-58,2,RpNzY9kLkrnhtnHi8NRd9sTqJqI=,NN2FUDpmoo5oyQq9cCRTcDdGMcM=
-59,4,RpNzY9kLkrnhtnHi8NRd9sTqJqI=,NN2FUDpmoo5oyQq9cCRTcDdGMcM=
-58,4,RpNzY9kLkrnhtnHi8NRd9sTqJqI=,NN2FUDpmoo5oyQq9cCRTcDdGMcM=
-58,3,RpNzY9kLkrnhtnHi8NRd9sTqJqI=,NN2FUDpmoo5oyQq9cCRTcDdGMcM=
-59,3,RpNzY9kLkrnhtnHi8NRd9sTqJqI=,NN2FUDpmoo5oyQq9cCRTcDdGMcM=
-59,7,RpNzY9kLkrnhtnHi8NRd9sTqJqI=,NN2FUDpmoo5oyQq9cCRTcDdGMcM=
-58,7,RpNzY9kLkrnhtnHi8NRd9sTqJqI=,NN2FUDpmoo5oyQq9cCRTcDdGMcM=
-60,7,RpNzY9kLkrnhtnHi8NRd9sTqJqI=,NN2FUDpmoo5oyQq9cCRTcDdGMcM=
-59,2,RpNzY9kLkrnhtnHi8NRd9sTqJqI=,NN2FUDpmoo5oyQq9cCRTcDdGMcM=
-61,7,RpNzY9kLkrnhtnHi8NRd9sTqJqI=,NN2FUDpmoo5oyQq9cCRTcDdGMcM=
-62,7,RpNzY9kLkrnhtnHi8NRd9sTqJqI=,NN2FUDpmoo5oyQq9cCRTcDdGMcM=
-63,7,RpNzY9kLkrnhtnHi8NRd9sTqJqI=,NN2FUDpmoo5oyQq9cCRTcDdGMcM=
-60,2,RpNzY9kLkrnhtnHi8NRd9sTqJqI=,NN2FUDpmoo5oyQq9cCRTcDdGMcM=
-58,1,RpNzY9kLkrnhtnHi8NRd9sTqJqI=,NN2FUDpmoo5oyQq9cCRTcDdGMcM=
-60,4,RpNzY9kLkrnhtnHi8NRd9sTqJqI=,NN2FUDpmoo5oyQq9cCRTcDdGMcM=
-61,2,RpNzY9kLkrnhtnHi8NRd9sTqJqI=,NN2FUDpmoo5oyQq9cCRTcDdGMcM=
-58,6,RpNzY9kLkrnhtnHi8NRd9sTqJqI=,NN2FUDpmoo5oyQq9cCRTcDdGMcM=
-59,6,RpNzY9kLkrnhtnHi8NRd9sTqJqI=,NN2FUDpmoo5oyQq9cCRTcDdGMcM=
-61,4,RpNzY9kLkrnhtnHi8NRd9sTqJqI=,NN2FUDpmoo5oyQq9cCRTcDdGMcM=
-62,2,RpNzY9kLkrnhtnHi8NRd9sTqJqI=,NN2FUDpmoo5oyQq9cCRTcDdGMcM=
-64,0,RpNzY9kLkrnhtnHi8NRd9sTqJqI=,NN2FUDpmoo5oyQq9cCRTcDdGMcM=
-60,3,RpNzY9kLkrnhtnHi8NRd9sTqJqI=,NN2FUDpmoo5oyQq9cCRTcDdGMcM=
-59,1,RpNzY9kLkrnhtnHi8NRd9sTqJqI=,NN2FUDpmoo5oyQq9cCRTcDdGMcM=
-61,3,RpNzY9kLkrnhtnHi8NRd9sTqJqI=,NN2FUDpmoo5oyQq9cCRTcDdGMcM=
-62,3,RpNzY9kLkrnhtnHi8NRd9sTqJqI=,NN2FUDpmoo5oyQq9cCRTcDdGMcM=
-60,6,RpNzY9kLkrnhtnHi8NRd9sTqJqI=,NN2FUDpmoo5oyQq9cCRTcDdGMcM=
-61,6,RpNzY9kLkrnhtnHi8NRd9sTqJqI=,NN2FUDpmoo5oyQq9cCRTcDdGMcM=
-62,6,RpNzY9kLkrnhtnHi8NRd9sTqJqI=,NN2FUDpmoo5oyQq9cCRTcDdGMcM=
-63,6,RpNzY9kLkrnhtnHi8NRd9sTqJqI=,NN2FUDpmoo5oyQq9cCRTcDdGMcM=
-64,6,RpNzY9kLkrnhtnHi8NRd9sTqJqI=,NN2FUDpmoo5oyQq9cCRTcDdGMcM=
-58,5,RpNzY9kLkrnhtnHi8NRd9sTqJqI=,NN2FUDpmoo5oyQq9cCRTcDdGMcM=
-62,4,RpNzY9kLkrnhtnHi8NRd9sTqJqI=,NN2FUDpmoo5oyQq9cCRTcDdGMcM=
-60,1,RpNzY9kLkrnhtnHi8NRd9sTqJqI=,NN2FUDpmoo5oyQq9cCRTcDdGMcM=
-59,5,RpNzY9kLkrnhtnHi8NRd9sTqJqI=,NN2FUDpmoo5oyQq9cCRTcDdGMcM=
-60,5,RpNzY9kLkrnhtnHi8NRd9sTqJqI=,NN2FUDpmoo5oyQq9cCRTcDdGMcM=
-61,5,RpNzY9kLkrnhtnHi8NRd9sTqJqI=,NN2FUDpmoo5oyQq9cCRTcDdGMcM=
-61,1,RpNzY9kLkrnhtnHi8NRd9sTqJqI=,NN2FUDpmoo5oyQq9cCRTcDdGMcM=
-62,5,RpNzY9kLkrnhtnHi8NRd9sTqJqI=,NN2FUDpmoo5oyQq9cCRTcDdGMcM=
-63,4,RpNzY9kLkrnhtnHi8NRd9sTqJqI=,NN2FUDpmoo5oyQq9cCRTcDdGMcM=
-64,2,RpNzY9kLkrnhtnHi8NRd9sTqJqI=,NN2FUDpmoo5oyQq9cCRTcDdGMcM=
-63,2,RpNzY9kLkrnhtnHi8NRd9sTqJqI=,NN2FUDpmoo5oyQq9cCRTcDdGMcM=
-63,3,RpNzY9kLkrnhtnHi8NRd9sTqJqI=,NN2FUDpmoo5oyQq9cCRTcDdGMcM=
-64,3,RpNzY9kLkrnhtnHi8NRd9sTqJqI=,NN2FUDpmoo5oyQq9cCRTcDdGMcM=
-64,4,RpNzY9kLkrnhtnHi8NRd9sTqJqI=,NN2FUDpmoo5oyQq9cCRTcDdGMcM=
-62,1,RpNzY9kLkrnhtnHi8NRd9sTqJqI=,NN2FUDpmoo5oyQq9cCRTcDdGMcM=
-63,5,RpNzY9kLkrnhtnHi8NRd9sTqJqI=,NN2FUDpmoo5oyQq9cCRTcDdGMcM=
-64,5,RpNzY9kLkrnhtnHi8NRd9sTqJqI=,NN2FUDpmoo5oyQq9cCRTcDdGMcM=
-61,0,RpNzY9kLkrnhtnHi8NRd9sTqJqI=,NN2FUDpmoo5oyQq9cCRTcDdGMcM=
-63,0,RpNzY9kLkrnhtnHi8NRd9sTqJqI=,NN2FUDpmoo5oyQq9cCRTcDdGMcM=
-63,1,RpNzY9kLkrnhtnHi8NRd9sTqJqI=,NN2FUDpmoo5oyQq9cCRTcDdGMcM=
-62,0,RpNzY9kLkrnhtnHi8NRd9sTqJqI=,NN2FUDpmoo5oyQq9cCRTcDdGMcM=
-64,7,RpNzY9kLkrnhtnHi8NRd9sTqJqI=,NN2FUDpmoo5oyQq9cCRTcDdGMcM=
-56,2,RpNzY9kLkrnhtnHi8NRd9sTqJqI=,9C7Y1KkRoqNh6zWagc+TLFKb5KQ=
-51,1,RpNzY9kLkrnhtnHi8NRd9sTqJqI=,9C7Y1KkRoqNh6zWagc+TLFKb5KQ=
-57,4,RpNzY9kLkrnhtnHi8NRd9sTqJqI=,NN2FUDpmoo5oyQq9cCRTcDdGMcM=
-55,2,RpNzY9kLkrnhtnHi8NRd9sTqJqI=,9C7Y1KkRoqNh6zWagc+TLFKb5KQ=
-52,1,RpNzY9kLkrnhtnHi8NRd9sTqJqI=,9C7Y1KkRoqNh6zWagc+TLFKb5KQ=
-57,5,RpNzY9kLkrnhtnHi8NRd9sTqJqI=,NN2FUDpmoo5oyQq9cCRTcDdGMcM=
-54,2,RpNzY9kLkrnhtnHi8NRd9sTqJqI=,9C7Y1KkRoqNh6zWagc+TLFKb5KQ=
-53,2,RpNzY9kLkrnhtnHi8NRd9sTqJqI=,9C7Y1KkRoqNh6zWagc+TLFKb5KQ=
-53,1,RpNzY9kLkrnhtnHi8NRd9sTqJqI=,9C7Y1KkRoqNh6zWagc+TLFKb5KQ=
-54,1,RpNzY9kLkrnhtnHi8NRd9sTqJqI=,9C7Y1KkRoqNh6zWagc+TLFKb5KQ=
-52,2,RpNzY9kLkrnhtnHi8NRd9sTqJqI=,9C7Y1KkRoqNh6zWagc+TLFKb5KQ=
-55,1,RpNzY9kLkrnhtnHi8NRd9sTqJqI=,9C7Y1KkRoqNh6zWagc+TLFKb5KQ=
-51,2,RpNzY9kLkrnhtnHi8NRd9sTqJqI=,9C7Y1KkRoqNh6zWagc+TLFKb5KQ=
-57,2,RpNzY9kLkrnhtnHi8NRd9sTqJqI=,NN2FUDpmoo5oyQq9cCRTcDdGMcM=
-56,3,RpNzY9kLkrnhtnHi8NRd9sTqJqI=,9C7Y1KkRoqNh6zWagc+TLFKb5KQ=
-55,3,RpNzY9kLkrnhtnHi8NRd9sTqJqI=,9C7Y1KkRoqNh6zWagc+TLFKb5KQ=
-54,3,RpNzY9kLkrnhtnHi8NRd9sTqJqI=,9C7Y1KkRoqNh6zWagc+TLFKb5KQ=
-53,3,RpNzY9kLkrnhtnHi8NRd9sTqJqI=,9C7Y1KkRoqNh6zWagc+TLFKb5KQ=
-52,3,RpNzY9kLkrnhtnHi8NRd9sTqJqI=,9C7Y1KkRoqNh6zWagc+TLFKb5KQ=
-56,1,RpNzY9kLkrnhtnHi8NRd9sTqJqI=,9C7Y1KkRoqNh6zWagc+TLFKb5KQ=
-51,3,RpNzY9kLkrnhtnHi8NRd9sTqJqI=,9C7Y1KkRoqNh6zWagc+TLFKb5KQ=
-57,3,RpNzY9kLkrnhtnHi8NRd9sTqJqI=,NN2FUDpmoo5oyQq9cCRTcDdGMcM=
-50,3,RpNzY9kLkrnhtnHi8NRd9sTqJqI=,9C7Y1KkRoqNh6zWagc+TLFKb5KQ=
-56,4,RpNzY9kLkrnhtnHi8NRd9sTqJqI=,9C7Y1KkRoqNh6zWagc+TLFKb5KQ=
-55,4,RpNzY9kLkrnhtnHi8NRd9sTqJqI=,9C7Y1KkRoqNh6zWagc+TLFKb5KQ=
-54,4,RpNzY9kLkrnhtnHi8NRd9sTqJqI=,9C7Y1KkRoqNh6zWagc+TLFKb5KQ=
-49,3,RpNzY9kLkrnhtnHi8NRd9sTqJqI=,9C7Y1KkRoqNh6zWagc+TLFKb5KQ=
-53,4,RpNzY9kLkrnhtnHi8NRd9sTqJqI=,9C7Y1KkRoqNh6zWagc+TLFKb5KQ=
-52,4,RpNzY9kLkrnhtnHi8NRd9sTqJqI=,9C7Y1KkRoqNh6zWagc+TLFKb5KQ=
-51,4,RpNzY9kLkrnhtnHi8NRd9sTqJqI=,9C7Y1KkRoqNh6zWagc+TLFKb5KQ=
-50,4,RpNzY9kLkrnhtnHi8NRd9sTqJqI=,9C7Y1KkRoqNh6zWagc+TLFKb5KQ=
-49,4,RpNzY9kLkrnhtnHi8NRd9sTqJqI=,9C7Y1KkRoqNh6zWagc+TLFKb5KQ=
-55,5,RpNzY9kLkrnhtnHi8NRd9sTqJqI=,9C7Y1KkRoqNh6zWagc+TLFKb5KQ=
-56,5,RpNzY9kLkrnhtnHi8NRd9sTqJqI=,9C7Y1KkRoqNh6zWagc+TLFKb5KQ=
-54,5,RpNzY9kLkrnhtnHi8NRd9sTqJqI=,9C7Y1KkRoqNh6zWagc+TLFKb5KQ=
-53,5,RpNzY9kLkrnhtnHi8NRd9sTqJqI=,9C7Y1KkRoqNh6zWagc+TLFKb5KQ=
-52,5,RpNzY9kLkrnhtnHi8NRd9sTqJqI=,9C7Y1KkRoqNh6zWagc+TLFKb5KQ=
-50,5,RpNzY9kLkrnhtnHi8NRd9sTqJqI=,9C7Y1KkRoqNh6zWagc+TLFKb5KQ=
-51,5,RpNzY9kLkrnhtnHi8NRd9sTqJqI=,9C7Y1KkRoqNh6zWagc+TLFKb5KQ=
-49,5,RpNzY9kLkrnhtnHi8NRd9sTqJqI=,9C7Y1KkRoqNh6zWagc+TLFKb5KQ=
-56,6,RpNzY9kLkrnhtnHi8NRd9sTqJqI=,9C7Y1KkRoqNh6zWagc+TLFKb5KQ=
-57,6,RpNzY9kLkrnhtnHi8NRd9sTqJqI=,NN2FUDpmoo5oyQq9cCRTcDdGMcM=
-54,6,RpNzY9kLkrnhtnHi8NRd9sTqJqI=,9C7Y1KkRoqNh6zWagc+TLFKb5KQ=
-53,6,RpNzY9kLkrnhtnHi8NRd9sTqJqI=,9C7Y1KkRoqNh6zWagc+TLFKb5KQ=
-52,6,RpNzY9kLkrnhtnHi8NRd9sTqJqI=,9C7Y1KkRoqNh6zWagc+TLFKb5KQ=
-51,6,RpNzY9kLkrnhtnHi8NRd9sTqJqI=,9C7Y1KkRoqNh6zWagc+TLFKb5KQ=
-57,1,RpNzY9kLkrnhtnHi8NRd9sTqJqI=,NN2FUDpmoo5oyQq9cCRTcDdGMcM=
-50,6,RpNzY9kLkrnhtnHi8NRd9sTqJqI=,9C7Y1KkRoqNh6zWagc+TLFKb5KQ=
-55,6,RpNzY9kLkrnhtnHi8NRd9sTqJqI=,9C7Y1KkRoqNh6zWagc+TLFKb5KQ=
-49,6,RpNzY9kLkrnhtnHi8NRd9sTqJqI=,9C7Y1KkRoqNh6zWagc+TLFKb5KQ=
-56,7,RpNzY9kLkrnhtnHi8NRd9sTqJqI=,9C7Y1KkRoqNh6zWagc+TLFKb5KQ=
-55,7,RpNzY9kLkrnhtnHi8NRd9sTqJqI=,9C7Y1KkRoqNh6zWagc+TLFKb5KQ=
-54,7,RpNzY9kLkrnhtnHi8NRd9sTqJqI=,9C7Y1KkRoqNh6zWagc+TLFKb5KQ=
-53,7,RpNzY9kLkrnhtnHi8NRd9sTqJqI=,9C7Y1KkRoqNh6zWagc+TLFKb5KQ=
-52,7,RpNzY9kLkrnhtnHi8NRd9sTqJqI=,9C7Y1KkRoqNh6zWagc+TLFKb5KQ=
-50,7,RpNzY9kLkrnhtnHi8NRd9sTqJqI=,9C7Y1KkRoqNh6zWagc+TLFKb5KQ=
-49,7,RpNzY9kLkrnhtnHi8NRd9sTqJqI=,9C7Y1KkRoqNh6zWagc+TLFKb5KQ=
-51,7,RpNzY9kLkrnhtnHi8NRd9sTqJqI=,9C7Y1KkRoqNh6zWagc+TLFKb5KQ=
-57,7,RpNzY9kLkrnhtnHi8NRd9sTqJqI=,NN2FUDpmoo5oyQq9cCRTcDdGMcM=
-57,0,RpNzY9kLkrnhtnHi8NRd9sTqJqI=,NN2FUDpmoo5oyQq9cCRTcDdGMcM=
-59,0,RpNzY9kLkrnhtnHi8NRd9sTqJqI=,NN2FUDpmoo5oyQq9cCRTcDdGMcM=
-60,0,RpNzY9kLkrnhtnHi8NRd9sTqJqI=,NN2FUDpmoo5oyQq9cCRTcDdGMcM=
-58,0,RpNzY9kLkrnhtnHi8NRd9sTqJqI=,NN2FUDpmoo5oyQq9cCRTcDdGMcM=
-53,0,RpNzY9kLkrnhtnHi8NRd9sTqJqI=,9C7Y1KkRoqNh6zWagc+TLFKb5KQ=
-56,0,RpNzY9kLkrnhtnHi8NRd9sTqJqI=,9C7Y1KkRoqNh6zWagc+TLFKb5KQ=
-54,0,RpNzY9kLkrnhtnHi8NRd9sTqJqI=,9C7Y1KkRoqNh6zWagc+TLFKb5KQ=
-52,0,RpNzY9kLkrnhtnHi8NRd9sTqJqI=,9C7Y1KkRoqNh6zWagc+TLFKb5KQ=
-55,0,RpNzY9kLkrnhtnHi8NRd9sTqJqI=,9C7Y1KkRoqNh6zWagc+TLFKb5KQ=
-50,1,RpNzY9kLkrnhtnHi8NRd9sTqJqI=,9C7Y1KkRoqNh6zWagc+TLFKb5KQ=
-50,2,RpNzY9kLkrnhtnHi8NRd9sTqJqI=,9C7Y1KkRoqNh6zWagc+TLFKb5KQ=
-51,0,RpNzY9kLkrnhtnHi8NRd9sTqJqI=,9C7Y1KkRoqNh6zWagc+TLFKb5KQ=
-50,0,RpNzY9kLkrnhtnHi8NRd9sTqJqI=,9C7Y1KkRoqNh6zWagc+TLFKb5KQ=
-49,0,RpNzY9kLkrnhtnHi8NRd9sTqJqI=,9C7Y1KkRoqNh6zWagc+TLFKb5KQ=
-49,2,RpNzY9kLkrnhtnHi8NRd9sTqJqI=,9C7Y1KkRoqNh6zWagc+TLFKb5KQ=
-49,1,RpNzY9kLkrnhtnHi8NRd9sTqJqI=,9C7Y1KkRoqNh6zWagc+TLFKb5KQ=
-55,17,RpNzY9kLkrnhtnHi8NRd9sTqJqI=,MY+QgD9dmfNMNXYYlha6Bm9N8Ms=
-49,21,RpNzY9kLkrnhtnHi8NRd9sTqJqI=,MY+QgD9dmfNMNXYYlha6Bm9N8Ms=
-50,21,RpNzY9kLkrnhtnHi8NRd9sTqJqI=,MY+QgD9dmfNMNXYYlha6Bm9N8Ms=
-52,20,RpNzY9kLkrnhtnHi8NRd9sTqJqI=,MY+QgD9dmfNMNXYYlha6Bm9N8Ms=
-53,20,RpNzY9kLkrnhtnHi8NRd9sTqJqI=,MY+QgD9dmfNMNXYYlha6Bm9N8Ms=
-54,20,RpNzY9kLkrnhtnHi8NRd9sTqJqI=,MY+QgD9dmfNMNXYYlha6Bm9N8Ms=
-55,20,RpNzY9kLkrnhtnHi8NRd9sTqJqI=,MY+QgD9dmfNMNXYYlha6Bm9N8Ms=
-49,19,RpNzY9kLkrnhtnHi8NRd9sTqJqI=,MY+QgD9dmfNMNXYYlha6Bm9N8Ms=
-50,19,RpNzY9kLkrnhtnHi8NRd9sTqJqI=,MY+QgD9dmfNMNXYYlha6Bm9N8Ms=
-51,19,RpNzY9kLkrnhtnHi8NRd9sTqJqI=,MY+QgD9dmfNMNXYYlha6Bm9N8Ms=
-52,19,RpNzY9kLkrnhtnHi8NRd9sTqJqI=,MY+QgD9dmfNMNXYYlha6Bm9N8Ms=
-53,19,RpNzY9kLkrnhtnHi8NRd9sTqJqI=,MY+QgD9dmfNMNXYYlha6Bm9N8Ms=
-54,19,RpNzY9kLkrnhtnHi8NRd9sTqJqI=,MY+QgD9dmfNMNXYYlha6Bm9N8Ms=
-55,19,RpNzY9kLkrnhtnHi8NRd9sTqJqI=,MY+QgD9dmfNMNXYYlha6Bm9N8Ms=
-49,18,RpNzY9kLkrnhtnHi8NRd9sTqJqI=,MY+QgD9dmfNMNXYYlha6Bm9N8Ms=
-50,18,RpNzY9kLkrnhtnHi8NRd9sTqJqI=,MY+QgD9dmfNMNXYYlha6Bm9N8Ms=
-51,18,RpNzY9kLkrnhtnHi8NRd9sTqJqI=,MY+QgD9dmfNMNXYYlha6Bm9N8Ms=
-52,18,RpNzY9kLkrnhtnHi8NRd9sTqJqI=,MY+QgD9dmfNMNXYYlha6Bm9N8Ms=
-53,18,RpNzY9kLkrnhtnHi8NRd9sTqJqI=,MY+QgD9dmfNMNXYYlha6Bm9N8Ms=
-54,18,RpNzY9kLkrnhtnHi8NRd9sTqJqI=,MY+QgD9dmfNMNXYYlha6Bm9N8Ms=
-55,18,RpNzY9kLkrnhtnHi8NRd9sTqJqI=,MY+QgD9dmfNMNXYYlha6Bm9N8Ms=
-49,17,RpNzY9kLkrnhtnHi8NRd9sTqJqI=,MY+QgD9dmfNMNXYYlha6Bm9N8Ms=
-50,17,RpNzY9kLkrnhtnHi8NRd9sTqJqI=,MY+QgD9dmfNMNXYYlha6Bm9N8Ms=
-53,17,RpNzY9kLkrnhtnHi8NRd9sTqJqI=,MY+QgD9dmfNMNXYYlha6Bm9N8Ms=
-54,17,RpNzY9kLkrnhtnHi8NRd9sTqJqI=,MY+QgD9dmfNMNXYYlha6Bm9N8Ms=
-60,22,RpNzY9kLkrnhtnHi8NRd9sTqJqI=,CSCu/jhZ0Qs+TKNKWcBLS0epRa0=
-62,17,RpNzY9kLkrnhtnHi8NRd9sTqJqI=,CSCu/jhZ0Qs+TKNKWcBLS0epRa0=
-61,17,RpNzY9kLkrnhtnHi8NRd9sTqJqI=,CSCu/jhZ0Qs+TKNKWcBLS0epRa0=
-60,17,RpNzY9kLkrnhtnHi8NRd9sTqJqI=,CSCu/jhZ0Qs+TKNKWcBLS0epRa0=
-56,17,RpNzY9kLkrnhtnHi8NRd9sTqJqI=,MY+QgD9dmfNMNXYYlha6Bm9N8Ms=
-62,20,RpNzY9kLkrnhtnHi8NRd9sTqJqI=,CSCu/jhZ0Qs+TKNKWcBLS0epRa0=
-61,20,RpNzY9kLkrnhtnHi8NRd9sTqJqI=,CSCu/jhZ0Qs+TKNKWcBLS0epRa0=
-59,17,RpNzY9kLkrnhtnHi8NRd9sTqJqI=,CSCu/jhZ0Qs+TKNKWcBLS0epRa0=
-62,21,RpNzY9kLkrnhtnHi8NRd9sTqJqI=,CSCu/jhZ0Qs+TKNKWcBLS0epRa0=
-62,18,RpNzY9kLkrnhtnHi8NRd9sTqJqI=,CSCu/jhZ0Qs+TKNKWcBLS0epRa0=
-56,18,RpNzY9kLkrnhtnHi8NRd9sTqJqI=,MY+QgD9dmfNMNXYYlha6Bm9N8Ms=
-61,18,RpNzY9kLkrnhtnHi8NRd9sTqJqI=,CSCu/jhZ0Qs+TKNKWcBLS0epRa0=
-63,19,RpNzY9kLkrnhtnHi8NRd9sTqJqI=,CSCu/jhZ0Qs+TKNKWcBLS0epRa0=
-60,18,RpNzY9kLkrnhtnHi8NRd9sTqJqI=,CSCu/jhZ0Qs+TKNKWcBLS0epRa0=
-59,18,RpNzY9kLkrnhtnHi8NRd9sTqJqI=,CSCu/jhZ0Qs+TKNKWcBLS0epRa0=
-56,19,RpNzY9kLkrnhtnHi8NRd9sTqJqI=,MY+QgD9dmfNMNXYYlha6Bm9N8Ms=
-58,18,RpNzY9kLkrnhtnHi8NRd9sTqJqI=,CSCu/jhZ0Qs+TKNKWcBLS0epRa0=
-62,19,RpNzY9kLkrnhtnHi8NRd9sTqJqI=,CSCu/jhZ0Qs+TKNKWcBLS0epRa0=
-61,19,RpNzY9kLkrnhtnHi8NRd9sTqJqI=,CSCu/jhZ0Qs+TKNKWcBLS0epRa0=
-59,19,RpNzY9kLkrnhtnHi8NRd9sTqJqI=,CSCu/jhZ0Qs+TKNKWcBLS0epRa0=
-60,19,RpNzY9kLkrnhtnHi8NRd9sTqJqI=,CSCu/jhZ0Qs+TKNKWcBLS0epRa0=
-58,19,RpNzY9kLkrnhtnHi8NRd9sTqJqI=,CSCu/jhZ0Qs+TKNKWcBLS0epRa0=
-57,19,RpNzY9kLkrnhtnHi8NRd9sTqJqI=,CSCu/jhZ0Qs+TKNKWcBLS0epRa0=
-60,20,RpNzY9kLkrnhtnHi8NRd9sTqJqI=,CSCu/jhZ0Qs+TKNKWcBLS0epRa0=
-57,17,RpNzY9kLkrnhtnHi8NRd9sTqJqI=,CSCu/jhZ0Qs+TKNKWcBLS0epRa0=
-56,20,RpNzY9kLkrnhtnHi8NRd9sTqJqI=,MY+QgD9dmfNMNXYYlha6Bm9N8Ms=
-58,17,RpNzY9kLkrnhtnHi8NRd9sTqJqI=,CSCu/jhZ0Qs+TKNKWcBLS0epRa0=
-59,20,RpNzY9kLkrnhtnHi8NRd9sTqJqI=,CSCu/jhZ0Qs+TKNKWcBLS0epRa0=
-58,20,RpNzY9kLkrnhtnHi8NRd9sTqJqI=,CSCu/jhZ0Qs+TKNKWcBLS0epRa0=
-57,20,RpNzY9kLkrnhtnHi8NRd9sTqJqI=,CSCu/jhZ0Qs+TKNKWcBLS0epRa0=
-63,21,RpNzY9kLkrnhtnHi8NRd9sTqJqI=,CSCu/jhZ0Qs+TKNKWcBLS0epRa0=
-60,21,RpNzY9kLkrnhtnHi8NRd9sTqJqI=,CSCu/jhZ0Qs+TKNKWcBLS0epRa0=
-61,21,RpNzY9kLkrnhtnHi8NRd9sTqJqI=,CSCu/jhZ0Qs+TKNKWcBLS0epRa0=
-59,21,RpNzY9kLkrnhtnHi8NRd9sTqJqI=,CSCu/jhZ0Qs+TKNKWcBLS0epRa0=
-58,21,RpNzY9kLkrnhtnHi8NRd9sTqJqI=,CSCu/jhZ0Qs+TKNKWcBLS0epRa0=
-57,21,RpNzY9kLkrnhtnHi8NRd9sTqJqI=,CSCu/jhZ0Qs+TKNKWcBLS0epRa0=
-63,22,RpNzY9kLkrnhtnHi8NRd9sTqJqI=,CSCu/jhZ0Qs+TKNKWcBLS0epRa0=
-62,22,RpNzY9kLkrnhtnHi8NRd9sTqJqI=,CSCu/jhZ0Qs+TKNKWcBLS0epRa0=
-56,21,RpNzY9kLkrnhtnHi8NRd9sTqJqI=,MY+QgD9dmfNMNXYYlha6Bm9N8Ms=
-61,22,RpNzY9kLkrnhtnHi8NRd9sTqJqI=,CSCu/jhZ0Qs+TKNKWcBLS0epRa0=
-58,29,RpNzY9kLkrnhtnHi8NRd9sTqJqI=,6yeu6I8gWQTCSUi+/Awcjv9hGRE=
-57,18,RpNzY9kLkrnhtnHi8NRd9sTqJqI=,CSCu/jhZ0Qs+TKNKWcBLS0epRa0=
-59,29,RpNzY9kLkrnhtnHi8NRd9sTqJqI=,6yeu6I8gWQTCSUi+/Awcjv9hGRE=
-60,29,RpNzY9kLkrnhtnHi8NRd9sTqJqI=,6yeu6I8gWQTCSUi+/Awcjv9hGRE=
-61,29,RpNzY9kLkrnhtnHi8NRd9sTqJqI=,6yeu6I8gWQTCSUi+/Awcjv9hGRE=
-62,29,RpNzY9kLkrnhtnHi8NRd9sTqJqI=,6yeu6I8gWQTCSUi+/Awcjv9hGRE=
-58,28,RpNzY9kLkrnhtnHi8NRd9sTqJqI=,6yeu6I8gWQTCSUi+/Awcjv9hGRE=
-59,28,RpNzY9kLkrnhtnHi8NRd9sTqJqI=,6yeu6I8gWQTCSUi+/Awcjv9hGRE=
-60,28,RpNzY9kLkrnhtnHi8NRd9sTqJqI=,6yeu6I8gWQTCSUi+/Awcjv9hGRE=
-63,29,RpNzY9kLkrnhtnHi8NRd9sTqJqI=,6yeu6I8gWQTCSUi+/Awcjv9hGRE=
-63,30,RpNzY9kLkrnhtnHi8NRd9sTqJqI=,6yeu6I8gWQTCSUi+/Awcjv9hGRE=
-62,30,RpNzY9kLkrnhtnHi8NRd9sTqJqI=,6yeu6I8gWQTCSUi+/Awcjv9hGRE=
-61,30,RpNzY9kLkrnhtnHi8NRd9sTqJqI=,6yeu6I8gWQTCSUi+/Awcjv9hGRE=
-61,28,RpNzY9kLkrnhtnHi8NRd9sTqJqI=,6yeu6I8gWQTCSUi+/Awcjv9hGRE=
-62,28,RpNzY9kLkrnhtnHi8NRd9sTqJqI=,6yeu6I8gWQTCSUi+/Awcjv9hGRE=
-63,28,RpNzY9kLkrnhtnHi8NRd9sTqJqI=,6yeu6I8gWQTCSUi+/Awcjv9hGRE=
-60,30,RpNzY9kLkrnhtnHi8NRd9sTqJqI=,6yeu6I8gWQTCSUi+/Awcjv9hGRE=
-58,30,RpNzY9kLkrnhtnHi8NRd9sTqJqI=,6yeu6I8gWQTCSUi+/Awcjv9hGRE=
-59,30,RpNzY9kLkrnhtnHi8NRd9sTqJqI=,6yeu6I8gWQTCSUi+/Awcjv9hGRE=
-58,27,RpNzY9kLkrnhtnHi8NRd9sTqJqI=,6yeu6I8gWQTCSUi+/Awcjv9hGRE=
-63,31,RpNzY9kLkrnhtnHi8NRd9sTqJqI=,6yeu6I8gWQTCSUi+/Awcjv9hGRE=
-59,27,RpNzY9kLkrnhtnHi8NRd9sTqJqI=,6yeu6I8gWQTCSUi+/Awcjv9hGRE=
-62,31,RpNzY9kLkrnhtnHi8NRd9sTqJqI=,6yeu6I8gWQTCSUi+/Awcjv9hGRE=
-61,31,RpNzY9kLkrnhtnHi8NRd9sTqJqI=,6yeu6I8gWQTCSUi+/Awcjv9hGRE=
-60,27,RpNzY9kLkrnhtnHi8NRd9sTqJqI=,6yeu6I8gWQTCSUi+/Awcjv9hGRE=
-60,31,RpNzY9kLkrnhtnHi8NRd9sTqJqI=,6yeu6I8gWQTCSUi+/Awcjv9hGRE=
-59,31,RpNzY9kLkrnhtnHi8NRd9sTqJqI=,6yeu6I8gWQTCSUi+/Awcjv9hGRE=
-63,26,RpNzY9kLkrnhtnHi8NRd9sTqJqI=,6yeu6I8gWQTCSUi+/Awcjv9hGRE=
-61,27,RpNzY9kLkrnhtnHi8NRd9sTqJqI=,6yeu6I8gWQTCSUi+/Awcjv9hGRE=
-62,27,RpNzY9kLkrnhtnHi8NRd9sTqJqI=,6yeu6I8gWQTCSUi+/Awcjv9hGRE=
-58,31,RpNzY9kLkrnhtnHi8NRd9sTqJqI=,6yeu6I8gWQTCSUi+/Awcjv9hGRE=
-63,27,RpNzY9kLkrnhtnHi8NRd9sTqJqI=,6yeu6I8gWQTCSUi+/Awcjv9hGRE=
-58,26,RpNzY9kLkrnhtnHi8NRd9sTqJqI=,6yeu6I8gWQTCSUi+/Awcjv9hGRE=
-62,26,RpNzY9kLkrnhtnHi8NRd9sTqJqI=,6yeu6I8gWQTCSUi+/Awcjv9hGRE=
-59,26,RpNzY9kLkrnhtnHi8NRd9sTqJqI=,6yeu6I8gWQTCSUi+/Awcjv9hGRE=
-60,26,RpNzY9kLkrnhtnHi8NRd9sTqJqI=,6yeu6I8gWQTCSUi+/Awcjv9hGRE=
-60,16,RpNzY9kLkrnhtnHi8NRd9sTqJqI=,CSCu/jhZ0Qs+TKNKWcBLS0epRa0=
-58,16,RpNzY9kLkrnhtnHi8NRd9sTqJqI=,CSCu/jhZ0Qs+TKNKWcBLS0epRa0=
-61,26,RpNzY9kLkrnhtnHi8NRd9sTqJqI=,6yeu6I8gWQTCSUi+/Awcjv9hGRE=
-63,16,RpNzY9kLkrnhtnHi8NRd9sTqJqI=,CSCu/jhZ0Qs+TKNKWcBLS0epRa0=
-62,16,RpNzY9kLkrnhtnHi8NRd9sTqJqI=,CSCu/jhZ0Qs+TKNKWcBLS0epRa0=
-61,16,RpNzY9kLkrnhtnHi8NRd9sTqJqI=,CSCu/jhZ0Qs+TKNKWcBLS0epRa0=
-59,16,RpNzY9kLkrnhtnHi8NRd9sTqJqI=,CSCu/jhZ0Qs+TKNKWcBLS0epRa0=
-56,16,RpNzY9kLkrnhtnHi8NRd9sTqJqI=,MY+QgD9dmfNMNXYYlha6Bm9N8Ms=
-55,16,RpNzY9kLkrnhtnHi8NRd9sTqJqI=,MY+QgD9dmfNMNXYYlha6Bm9N8Ms=
-54,16,RpNzY9kLkrnhtnHi8NRd9sTqJqI=,MY+QgD9dmfNMNXYYlha6Bm9N8Ms=
-53,16,RpNzY9kLkrnhtnHi8NRd9sTqJqI=,MY+QgD9dmfNMNXYYlha6Bm9N8Ms=
-52,16,RpNzY9kLkrnhtnHi8NRd9sTqJqI=,MY+QgD9dmfNMNXYYlha6Bm9N8Ms=
-50,16,RpNzY9kLkrnhtnHi8NRd9sTqJqI=,MY+QgD9dmfNMNXYYlha6Bm9N8Ms=
-51,16,RpNzY9kLkrnhtnHi8NRd9sTqJqI=,MY+QgD9dmfNMNXYYlha6Bm9N8Ms=
-57,16,RpNzY9kLkrnhtnHi8NRd9sTqJqI=,CSCu/jhZ0Qs+TKNKWcBLS0epRa0=
-57,30,RpNzY9kLkrnhtnHi8NRd9sTqJqI=,6yeu6I8gWQTCSUi+/Awcjv9hGRE=
-57,29,RpNzY9kLkrnhtnHi8NRd9sTqJqI=,6yeu6I8gWQTCSUi+/Awcjv9hGRE=
-49,31,RpNzY9kLkrnhtnHi8NRd9sTqJqI=,bRPFH5yk2n3Njt8+ndnbIMnW9eo=
-56,27,RpNzY9kLkrnhtnHi8NRd9sTqJqI=,bRPFH5yk2n3Njt8+ndnbIMnW9eo=
-57,31,RpNzY9kLkrnhtnHi8NRd9sTqJqI=,6yeu6I8gWQTCSUi+/Awcjv9hGRE=
-50,31,RpNzY9kLkrnhtnHi8NRd9sTqJqI=,bRPFH5yk2n3Njt8+ndnbIMnW9eo=
-52,26,RpNzY9kLkrnhtnHi8NRd9sTqJqI=,bRPFH5yk2n3Njt8+ndnbIMnW9eo=
-51,31,RpNzY9kLkrnhtnHi8NRd9sTqJqI=,bRPFH5yk2n3Njt8+ndnbIMnW9eo=
-54,26,RpNzY9kLkrnhtnHi8NRd9sTqJqI=,bRPFH5yk2n3Njt8+ndnbIMnW9eo=
-53,26,RpNzY9kLkrnhtnHi8NRd9sTqJqI=,bRPFH5yk2n3Njt8+ndnbIMnW9eo=
-56,26,RpNzY9kLkrnhtnHi8NRd9sTqJqI=,bRPFH5yk2n3Njt8+ndnbIMnW9eo=
-55,26,RpNzY9kLkrnhtnHi8NRd9sTqJqI=,bRPFH5yk2n3Njt8+ndnbIMnW9eo=
-52,31,RpNzY9kLkrnhtnHi8NRd9sTqJqI=,bRPFH5yk2n3Njt8+ndnbIMnW9eo=
-54,31,RpNzY9kLkrnhtnHi8NRd9sTqJqI=,bRPFH5yk2n3Njt8+ndnbIMnW9eo=
-53,31,RpNzY9kLkrnhtnHi8NRd9sTqJqI=,bRPFH5yk2n3Njt8+ndnbIMnW9eo=
-55,31,RpNzY9kLkrnhtnHi8NRd9sTqJqI=,bRPFH5yk2n3Njt8+ndnbIMnW9eo=
-55,27,RpNzY9kLkrnhtnHi8NRd9sTqJqI=,bRPFH5yk2n3Njt8+ndnbIMnW9eo=
-56,31,RpNzY9kLkrnhtnHi8NRd9sTqJqI=,bRPFH5yk2n3Njt8+ndnbIMnW9eo=
-54,27,RpNzY9kLkrnhtnHi8NRd9sTqJqI=,bRPFH5yk2n3Njt8+ndnbIMnW9eo=
-49,30,RpNzY9kLkrnhtnHi8NRd9sTqJqI=,bRPFH5yk2n3Njt8+ndnbIMnW9eo=
-53,27,RpNzY9kLkrnhtnHi8NRd9sTqJqI=,bRPFH5yk2n3Njt8+ndnbIMnW9eo=
-50,30,RpNzY9kLkrnhtnHi8NRd9sTqJqI=,bRPFH5yk2n3Njt8+ndnbIMnW9eo=
-51,30,RpNzY9kLkrnhtnHi8NRd9sTqJqI=,bRPFH5yk2n3Njt8+ndnbIMnW9eo=
-52,27,RpNzY9kLkrnhtnHi8NRd9sTqJqI=,bRPFH5yk2n3Njt8+ndnbIMnW9eo=
-57,28,RpNzY9kLkrnhtnHi8NRd9sTqJqI=,6yeu6I8gWQTCSUi+/Awcjv9hGRE=
-52,30,RpNzY9kLkrnhtnHi8NRd9sTqJqI=,bRPFH5yk2n3Njt8+ndnbIMnW9eo=
-53,30,RpNzY9kLkrnhtnHi8NRd9sTqJqI=,bRPFH5yk2n3Njt8+ndnbIMnW9eo=
-50,27,RpNzY9kLkrnhtnHi8NRd9sTqJqI=,bRPFH5yk2n3Njt8+ndnbIMnW9eo=
-51,27,RpNzY9kLkrnhtnHi8NRd9sTqJqI=,bRPFH5yk2n3Njt8+ndnbIMnW9eo=
-49,27,RpNzY9kLkrnhtnHi8NRd9sTqJqI=,bRPFH5yk2n3Njt8+ndnbIMnW9eo=
-56,28,RpNzY9kLkrnhtnHi8NRd9sTqJqI=,bRPFH5yk2n3Njt8+ndnbIMnW9eo=
-54,30,RpNzY9kLkrnhtnHi8NRd9sTqJqI=,bRPFH5yk2n3Njt8+ndnbIMnW9eo=
-56,30,RpNzY9kLkrnhtnHi8NRd9sTqJqI=,bRPFH5yk2n3Njt8+ndnbIMnW9eo=
-55,30,RpNzY9kLkrnhtnHi8NRd9sTqJqI=,bRPFH5yk2n3Njt8+ndnbIMnW9eo=
-50,29,RpNzY9kLkrnhtnHi8NRd9sTqJqI=,bRPFH5yk2n3Njt8+ndnbIMnW9eo=
-49,29,RpNzY9kLkrnhtnHi8NRd9sTqJqI=,bRPFH5yk2n3Njt8+ndnbIMnW9eo=
-57,26,RpNzY9kLkrnhtnHi8NRd9sTqJqI=,6yeu6I8gWQTCSUi+/Awcjv9hGRE=
-51,29,RpNzY9kLkrnhtnHi8NRd9sTqJqI=,bRPFH5yk2n3Njt8+ndnbIMnW9eo=
-55,28,RpNzY9kLkrnhtnHi8NRd9sTqJqI=,bRPFH5yk2n3Njt8+ndnbIMnW9eo=
-54,28,RpNzY9kLkrnhtnHi8NRd9sTqJqI=,bRPFH5yk2n3Njt8+ndnbIMnW9eo=
-53,28,RpNzY9kLkrnhtnHi8NRd9sTqJqI=,bRPFH5yk2n3Njt8+ndnbIMnW9eo=
-52,29,RpNzY9kLkrnhtnHi8NRd9sTqJqI=,bRPFH5yk2n3Njt8+ndnbIMnW9eo=
-52,28,RpNzY9kLkrnhtnHi8NRd9sTqJqI=,bRPFH5yk2n3Njt8+ndnbIMnW9eo=
-53,29,RpNzY9kLkrnhtnHi8NRd9sTqJqI=,bRPFH5yk2n3Njt8+ndnbIMnW9eo=
-51,28,RpNzY9kLkrnhtnHi8NRd9sTqJqI=,bRPFH5yk2n3Njt8+ndnbIMnW9eo=
-50,28,RpNzY9kLkrnhtnHi8NRd9sTqJqI=,bRPFH5yk2n3Njt8+ndnbIMnW9eo=
-54,29,RpNzY9kLkrnhtnHi8NRd9sTqJqI=,bRPFH5yk2n3Njt8+ndnbIMnW9eo=
-56,29,RpNzY9kLkrnhtnHi8NRd9sTqJqI=,bRPFH5yk2n3Njt8+ndnbIMnW9eo=
-55,29,RpNzY9kLkrnhtnHi8NRd9sTqJqI=,bRPFH5yk2n3Njt8+ndnbIMnW9eo=
-57,27,RpNzY9kLkrnhtnHi8NRd9sTqJqI=,6yeu6I8gWQTCSUi+/Awcjv9hGRE=
-49,28,RpNzY9kLkrnhtnHi8NRd9sTqJqI=,bRPFH5yk2n3Njt8+ndnbIMnW9eo=
-52,17,RpNzY9kLkrnhtnHi8NRd9sTqJqI=,MY+QgD9dmfNMNXYYlha6Bm9N8Ms=
-51,17,RpNzY9kLkrnhtnHi8NRd9sTqJqI=,MY+QgD9dmfNMNXYYlha6Bm9N8Ms=
-49,16,RpNzY9kLkrnhtnHi8NRd9sTqJqI=,MY+QgD9dmfNMNXYYlha6Bm9N8Ms=
-52,22,RpNzY9kLkrnhtnHi8NRd9sTqJqI=,MY+QgD9dmfNMNXYYlha6Bm9N8Ms=
-49,22,RpNzY9kLkrnhtnHi8NRd9sTqJqI=,MY+QgD9dmfNMNXYYlha6Bm9N8Ms=
-50,22,RpNzY9kLkrnhtnHi8NRd9sTqJqI=,MY+QgD9dmfNMNXYYlha6Bm9N8Ms=
-49,25,RpNzY9kLkrnhtnHi8NRd9sTqJqI=,bRPFH5yk2n3Njt8+ndnbIMnW9eo=
-51,25,RpNzY9kLkrnhtnHi8NRd9sTqJqI=,bRPFH5yk2n3Njt8+ndnbIMnW9eo=
-51,21,RpNzY9kLkrnhtnHi8NRd9sTqJqI=,MY+QgD9dmfNMNXYYlha6Bm9N8Ms=
-54,22,RpNzY9kLkrnhtnHi8NRd9sTqJqI=,MY+QgD9dmfNMNXYYlha6Bm9N8Ms=
-55,22,RpNzY9kLkrnhtnHi8NRd9sTqJqI=,MY+QgD9dmfNMNXYYlha6Bm9N8Ms=
-53,22,RpNzY9kLkrnhtnHi8NRd9sTqJqI=,MY+QgD9dmfNMNXYYlha6Bm9N8Ms=
-50,25,RpNzY9kLkrnhtnHi8NRd9sTqJqI=,bRPFH5yk2n3Njt8+ndnbIMnW9eo=
-52,21,RpNzY9kLkrnhtnHi8NRd9sTqJqI=,MY+QgD9dmfNMNXYYlha6Bm9N8Ms=
-51,22,RpNzY9kLkrnhtnHi8NRd9sTqJqI=,MY+QgD9dmfNMNXYYlha6Bm9N8Ms=
-55,21,RpNzY9kLkrnhtnHi8NRd9sTqJqI=,MY+QgD9dmfNMNXYYlha6Bm9N8Ms=
-51,20,RpNzY9kLkrnhtnHi8NRd9sTqJqI=,MY+QgD9dmfNMNXYYlha6Bm9N8Ms=
-53,21,RpNzY9kLkrnhtnHi8NRd9sTqJqI=,MY+QgD9dmfNMNXYYlha6Bm9N8Ms=
-49,20,RpNzY9kLkrnhtnHi8NRd9sTqJqI=,MY+QgD9dmfNMNXYYlha6Bm9N8Ms=
-54,21,RpNzY9kLkrnhtnHi8NRd9sTqJqI=,MY+QgD9dmfNMNXYYlha6Bm9N8Ms=
-50,20,RpNzY9kLkrnhtnHi8NRd9sTqJqI=,MY+QgD9dmfNMNXYYlha6Bm9N8Ms=
-56,22,RpNzY9kLkrnhtnHi8NRd9sTqJqI=,MY+QgD9dmfNMNXYYlha6Bm9N8Ms=
-52,25,RpNzY9kLkrnhtnHi8NRd9sTqJqI=,bRPFH5yk2n3Njt8+ndnbIMnW9eo=
-53,25,RpNzY9kLkrnhtnHi8NRd9sTqJqI=,bRPFH5yk2n3Njt8+ndnbIMnW9eo=
-54,25,RpNzY9kLkrnhtnHi8NRd9sTqJqI=,bRPFH5yk2n3Njt8+ndnbIMnW9eo=
-55,25,RpNzY9kLkrnhtnHi8NRd9sTqJqI=,bRPFH5yk2n3Njt8+ndnbIMnW9eo=
-56,25,RpNzY9kLkrnhtnHi8NRd9sTqJqI=,bRPFH5yk2n3Njt8+ndnbIMnW9eo=
-49,24,RpNzY9kLkrnhtnHi8NRd9sTqJqI=,bRPFH5yk2n3Njt8+ndnbIMnW9eo=
-50,24,RpNzY9kLkrnhtnHi8NRd9sTqJqI=,bRPFH5yk2n3Njt8+ndnbIMnW9eo=
-51,24,RpNzY9kLkrnhtnHi8NRd9sTqJqI=,bRPFH5yk2n3Njt8+ndnbIMnW9eo=
-52,24,RpNzY9kLkrnhtnHi8NRd9sTqJqI=,bRPFH5yk2n3Njt8+ndnbIMnW9eo=
-50,26,RpNzY9kLkrnhtnHi8NRd9sTqJqI=,bRPFH5yk2n3Njt8+ndnbIMnW9eo=
-53,24,RpNzY9kLkrnhtnHi8NRd9sTqJqI=,bRPFH5yk2n3Njt8+ndnbIMnW9eo=
-54,24,RpNzY9kLkrnhtnHi8NRd9sTqJqI=,bRPFH5yk2n3Njt8+ndnbIMnW9eo=
-56,24,RpNzY9kLkrnhtnHi8NRd9sTqJqI=,bRPFH5yk2n3Njt8+ndnbIMnW9eo=
-55,24,RpNzY9kLkrnhtnHi8NRd9sTqJqI=,bRPFH5yk2n3Njt8+ndnbIMnW9eo=
-51,26,RpNzY9kLkrnhtnHi8NRd9sTqJqI=,bRPFH5yk2n3Njt8+ndnbIMnW9eo=
-59,22,RpNzY9kLkrnhtnHi8NRd9sTqJqI=,CSCu/jhZ0Qs+TKNKWcBLS0epRa0=
-58,22,RpNzY9kLkrnhtnHi8NRd9sTqJqI=,CSCu/jhZ0Qs+TKNKWcBLS0epRa0=
-58,23,RpNzY9kLkrnhtnHi8NRd9sTqJqI=,CSCu/jhZ0Qs+TKNKWcBLS0epRa0=
-59,23,RpNzY9kLkrnhtnHi8NRd9sTqJqI=,CSCu/jhZ0Qs+TKNKWcBLS0epRa0=
-57,22,RpNzY9kLkrnhtnHi8NRd9sTqJqI=,CSCu/jhZ0Qs+TKNKWcBLS0epRa0=
-49,26,RpNzY9kLkrnhtnHi8NRd9sTqJqI=,bRPFH5yk2n3Njt8+ndnbIMnW9eo=
-57,23,RpNzY9kLkrnhtnHi8NRd9sTqJqI=,CSCu/jhZ0Qs+TKNKWcBLS0epRa0=
-64,30,RpNzY9kLkrnhtnHi8NRd9sTqJqI=,6yeu6I8gWQTCSUi+/Awcjv9hGRE=
-64,31,RpNzY9kLkrnhtnHi8NRd9sTqJqI=,6yeu6I8gWQTCSUi+/Awcjv9hGRE=
-64,26,RpNzY9kLkrnhtnHi8NRd9sTqJqI=,6yeu6I8gWQTCSUi+/Awcjv9hGRE=
-64,27,RpNzY9kLkrnhtnHi8NRd9sTqJqI=,6yeu6I8gWQTCSUi+/Awcjv9hGRE=
-64,28,RpNzY9kLkrnhtnHi8NRd9sTqJqI=,6yeu6I8gWQTCSUi+/Awcjv9hGRE=
-64,29,RpNzY9kLkrnhtnHi8NRd9sTqJqI=,6yeu6I8gWQTCSUi+/Awcjv9hGRE=
-56,23,RpNzY9kLkrnhtnHi8NRd9sTqJqI=,MY+QgD9dmfNMNXYYlha6Bm9N8Ms=
-55,23,RpNzY9kLkrnhtnHi8NRd9sTqJqI=,MY+QgD9dmfNMNXYYlha6Bm9N8Ms=
-54,23,RpNzY9kLkrnhtnHi8NRd9sTqJqI=,MY+QgD9dmfNMNXYYlha6Bm9N8Ms=
-53,23,RpNzY9kLkrnhtnHi8NRd9sTqJqI=,MY+QgD9dmfNMNXYYlha6Bm9N8Ms=
-52,23,RpNzY9kLkrnhtnHi8NRd9sTqJqI=,MY+QgD9dmfNMNXYYlha6Bm9N8Ms=
-51,23,RpNzY9kLkrnhtnHi8NRd9sTqJqI=,MY+QgD9dmfNMNXYYlha6Bm9N8Ms=
-50,23,RpNzY9kLkrnhtnHi8NRd9sTqJqI=,MY+QgD9dmfNMNXYYlha6Bm9N8Ms=
-49,23,RpNzY9kLkrnhtnHi8NRd9sTqJqI=,MY+QgD9dmfNMNXYYlha6Bm9N8Ms=
-60,23,RpNzY9kLkrnhtnHi8NRd9sTqJqI=,CSCu/jhZ0Qs+TKNKWcBLS0epRa0=
-60,25,RpNzY9kLkrnhtnHi8NRd9sTqJqI=,6yeu6I8gWQTCSUi+/Awcjv9hGRE=
-64,16,RpNzY9kLkrnhtnHi8NRd9sTqJqI=,CSCu/jhZ0Qs+TKNKWcBLS0epRa0=
-64,23,RpNzY9kLkrnhtnHi8NRd9sTqJqI=,CSCu/jhZ0Qs+TKNKWcBLS0epRa0=
-64,18,RpNzY9kLkrnhtnHi8NRd9sTqJqI=,CSCu/jhZ0Qs+TKNKWcBLS0epRa0=
-64,19,RpNzY9kLkrnhtnHi8NRd9sTqJqI=,CSCu/jhZ0Qs+TKNKWcBLS0epRa0=
-58,24,RpNzY9kLkrnhtnHi8NRd9sTqJqI=,6yeu6I8gWQTCSUi+/Awcjv9hGRE=
-64,22,RpNzY9kLkrnhtnHi8NRd9sTqJqI=,CSCu/jhZ0Qs+TKNKWcBLS0epRa0=
-60,24,RpNzY9kLkrnhtnHi8NRd9sTqJqI=,6yeu6I8gWQTCSUi+/Awcjv9hGRE=
-63,18,RpNzY9kLkrnhtnHi8NRd9sTqJqI=,CSCu/jhZ0Qs+TKNKWcBLS0epRa0=
-63,17,RpNzY9kLkrnhtnHi8NRd9sTqJqI=,CSCu/jhZ0Qs+TKNKWcBLS0epRa0=
-57,25,RpNzY9kLkrnhtnHi8NRd9sTqJqI=,6yeu6I8gWQTCSUi+/Awcjv9hGRE=
-63,20,RpNzY9kLkrnhtnHi8NRd9sTqJqI=,CSCu/jhZ0Qs+TKNKWcBLS0epRa0=
-59,24,RpNzY9kLkrnhtnHi8NRd9sTqJqI=,6yeu6I8gWQTCSUi+/Awcjv9hGRE=
-64,21,RpNzY9kLkrnhtnHi8NRd9sTqJqI=,CSCu/jhZ0Qs+TKNKWcBLS0epRa0=
-59,25,RpNzY9kLkrnhtnHi8NRd9sTqJqI=,6yeu6I8gWQTCSUi+/Awcjv9hGRE=
-64,20,RpNzY9kLkrnhtnHi8NRd9sTqJqI=,CSCu/jhZ0Qs+TKNKWcBLS0epRa0=
-58,25,RpNzY9kLkrnhtnHi8NRd9sTqJqI=,6yeu6I8gWQTCSUi+/Awcjv9hGRE=
-57,24,RpNzY9kLkrnhtnHi8NRd9sTqJqI=,6yeu6I8gWQTCSUi+/Awcjv9hGRE=
-63,25,RpNzY9kLkrnhtnHi8NRd9sTqJqI=,6yeu6I8gWQTCSUi+/Awcjv9hGRE=
-62,25,RpNzY9kLkrnhtnHi8NRd9sTqJqI=,6yeu6I8gWQTCSUi+/Awcjv9hGRE=
-64,17,RpNzY9kLkrnhtnHi8NRd9sTqJqI=,CSCu/jhZ0Qs+TKNKWcBLS0epRa0=
-62,23,RpNzY9kLkrnhtnHi8NRd9sTqJqI=,CSCu/jhZ0Qs+TKNKWcBLS0epRa0=
-61,23,RpNzY9kLkrnhtnHi8NRd9sTqJqI=,CSCu/jhZ0Qs+TKNKWcBLS0epRa0=
-63,23,RpNzY9kLkrnhtnHi8NRd9sTqJqI=,CSCu/jhZ0Qs+TKNKWcBLS0epRa0=
-64,25,RpNzY9kLkrnhtnHi8NRd9sTqJqI=,6yeu6I8gWQTCSUi+/Awcjv9hGRE=
-61,25,RpNzY9kLkrnhtnHi8NRd9sTqJqI=,6yeu6I8gWQTCSUi+/Awcjv9hGRE=
-61,24,RpNzY9kLkrnhtnHi8NRd9sTqJqI=,6yeu6I8gWQTCSUi+/Awcjv9hGRE=
-64,24,RpNzY9kLkrnhtnHi8NRd9sTqJqI=,6yeu6I8gWQTCSUi+/Awcjv9hGRE=
-62,24,RpNzY9kLkrnhtnHi8NRd9sTqJqI=,6yeu6I8gWQTCSUi+/Awcjv9hGRE=
-63,24,RpNzY9kLkrnhtnHi8NRd9sTqJqI=,6yeu6I8gWQTCSUi+/Awcjv9hGRE=
-35,22,jM2p+7fj9xfRpX4Q2bM1NAGKU64=,jn00GdraLA3BmzzW8VbF1ocH/yU=
-47,18,jM2p+7fj9xfRpX4Q2bM1NAGKU64=,oVckrVjBqjh2uC8fkVLtxHLi6LA=
-46,18,jM2p+7fj9xfRpX4Q2bM1NAGKU64=,oVckrVjBqjh2uC8fkVLtxHLi6LA=
-40,17,jM2p+7fj9xfRpX4Q2bM1NAGKU64=,jn00GdraLA3BmzzW8VbF1ocH/yU=
-46,20,jM2p+7fj9xfRpX4Q2bM1NAGKU64=,oVckrVjBqjh2uC8fkVLtxHLi6LA=
-45,18,jM2p+7fj9xfRpX4Q2bM1NAGKU64=,oVckrVjBqjh2uC8fkVLtxHLi6LA=
-44,18,jM2p+7fj9xfRpX4Q2bM1NAGKU64=,oVckrVjBqjh2uC8fkVLtxHLi6LA=
-47,17,jM2p+7fj9xfRpX4Q2bM1NAGKU64=,oVckrVjBqjh2uC8fkVLtxHLi6LA=
-46,17,jM2p+7fj9xfRpX4Q2bM1NAGKU64=,oVckrVjBqjh2uC8fkVLtxHLi6LA=
-45,20,jM2p+7fj9xfRpX4Q2bM1NAGKU64=,oVckrVjBqjh2uC8fkVLtxHLi6LA=
-44,20,jM2p+7fj9xfRpX4Q2bM1NAGKU64=,oVckrVjBqjh2uC8fkVLtxHLi6LA=
-45,17,jM2p+7fj9xfRpX4Q2bM1NAGKU64=,oVckrVjBqjh2uC8fkVLtxHLi6LA=
-43,18,jM2p+7fj9xfRpX4Q2bM1NAGKU64=,oVckrVjBqjh2uC8fkVLtxHLi6LA=
-40,19,jM2p+7fj9xfRpX4Q2bM1NAGKU64=,jn00GdraLA3BmzzW8VbF1ocH/yU=
-42,19,jM2p+7fj9xfRpX4Q2bM1NAGKU64=,oVckrVjBqjh2uC8fkVLtxHLi6LA=
-41,17,jM2p+7fj9xfRpX4Q2bM1NAGKU64=,oVckrVjBqjh2uC8fkVLtxHLi6LA=
-44,17,jM2p+7fj9xfRpX4Q2bM1NAGKU64=,oVckrVjBqjh2uC8fkVLtxHLi6LA=
-43,20,jM2p+7fj9xfRpX4Q2bM1NAGKU64=,oVckrVjBqjh2uC8fkVLtxHLi6LA=
-41,19,jM2p+7fj9xfRpX4Q2bM1NAGKU64=,oVckrVjBqjh2uC8fkVLtxHLi6LA=
-40,21,jM2p+7fj9xfRpX4Q2bM1NAGKU64=,jn00GdraLA3BmzzW8VbF1ocH/yU=
-43,17,jM2p+7fj9xfRpX4Q2bM1NAGKU64=,oVckrVjBqjh2uC8fkVLtxHLi6LA=
-42,17,jM2p+7fj9xfRpX4Q2bM1NAGKU64=,oVckrVjBqjh2uC8fkVLtxHLi6LA=
-41,21,jM2p+7fj9xfRpX4Q2bM1NAGKU64=,oVckrVjBqjh2uC8fkVLtxHLi6LA=
-47,22,jM2p+7fj9xfRpX4Q2bM1NAGKU64=,oVckrVjBqjh2uC8fkVLtxHLi6LA=
-44,16,jM2p+7fj9xfRpX4Q2bM1NAGKU64=,oVckrVjBqjh2uC8fkVLtxHLi6LA=
-42,16,jM2p+7fj9xfRpX4Q2bM1NAGKU64=,oVckrVjBqjh2uC8fkVLtxHLi6LA=
-46,16,jM2p+7fj9xfRpX4Q2bM1NAGKU64=,oVckrVjBqjh2uC8fkVLtxHLi6LA=
-47,16,jM2p+7fj9xfRpX4Q2bM1NAGKU64=,oVckrVjBqjh2uC8fkVLtxHLi6LA=
-45,16,jM2p+7fj9xfRpX4Q2bM1NAGKU64=,oVckrVjBqjh2uC8fkVLtxHLi6LA=
-43,16,jM2p+7fj9xfRpX4Q2bM1NAGKU64=,oVckrVjBqjh2uC8fkVLtxHLi6LA=
-36,21,jM2p+7fj9xfRpX4Q2bM1NAGKU64=,jn00GdraLA3BmzzW8VbF1ocH/yU=
-37,21,jM2p+7fj9xfRpX4Q2bM1NAGKU64=,jn00GdraLA3BmzzW8VbF1ocH/yU=
-39,21,jM2p+7fj9xfRpX4Q2bM1NAGKU64=,jn00GdraLA3BmzzW8VbF1ocH/yU=
-38,21,jM2p+7fj9xfRpX4Q2bM1NAGKU64=,jn00GdraLA3BmzzW8VbF1ocH/yU=
-33,20,jM2p+7fj9xfRpX4Q2bM1NAGKU64=,jn00GdraLA3BmzzW8VbF1ocH/yU=
-35,20,jM2p+7fj9xfRpX4Q2bM1NAGKU64=,jn00GdraLA3BmzzW8VbF1ocH/yU=
-37,19,jM2p+7fj9xfRpX4Q2bM1NAGKU64=,jn00GdraLA3BmzzW8VbF1ocH/yU=
-34,20,jM2p+7fj9xfRpX4Q2bM1NAGKU64=,jn00GdraLA3BmzzW8VbF1ocH/yU=
-38,19,jM2p+7fj9xfRpX4Q2bM1NAGKU64=,jn00GdraLA3BmzzW8VbF1ocH/yU=
-33,18,jM2p+7fj9xfRpX4Q2bM1NAGKU64=,jn00GdraLA3BmzzW8VbF1ocH/yU=
-39,19,jM2p+7fj9xfRpX4Q2bM1NAGKU64=,jn00GdraLA3BmzzW8VbF1ocH/yU=
-35,18,jM2p+7fj9xfRpX4Q2bM1NAGKU64=,jn00GdraLA3BmzzW8VbF1ocH/yU=
-34,18,jM2p+7fj9xfRpX4Q2bM1NAGKU64=,jn00GdraLA3BmzzW8VbF1ocH/yU=
-36,18,jM2p+7fj9xfRpX4Q2bM1NAGKU64=,jn00GdraLA3BmzzW8VbF1ocH/yU=
-37,18,jM2p+7fj9xfRpX4Q2bM1NAGKU64=,jn00GdraLA3BmzzW8VbF1ocH/yU=
-33,17,jM2p+7fj9xfRpX4Q2bM1NAGKU64=,jn00GdraLA3BmzzW8VbF1ocH/yU=
-34,22,jM2p+7fj9xfRpX4Q2bM1NAGKU64=,jn00GdraLA3BmzzW8VbF1ocH/yU=
-33,22,jM2p+7fj9xfRpX4Q2bM1NAGKU64=,jn00GdraLA3BmzzW8VbF1ocH/yU=
-39,17,jM2p+7fj9xfRpX4Q2bM1NAGKU64=,jn00GdraLA3BmzzW8VbF1ocH/yU=
-46,29,jM2p+7fj9xfRpX4Q2bM1NAGKU64=,FQb1kKuEeKmLONsJNG60v7pMnTY=
-47,29,jM2p+7fj9xfRpX4Q2bM1NAGKU64=,FQb1kKuEeKmLONsJNG60v7pMnTY=
-45,29,jM2p+7fj9xfRpX4Q2bM1NAGKU64=,FQb1kKuEeKmLONsJNG60v7pMnTY=
-44,29,jM2p+7fj9xfRpX4Q2bM1NAGKU64=,FQb1kKuEeKmLONsJNG60v7pMnTY=
-47,30,jM2p+7fj9xfRpX4Q2bM1NAGKU64=,FQb1kKuEeKmLONsJNG60v7pMnTY=
-42,29,jM2p+7fj9xfRpX4Q2bM1NAGKU64=,FQb1kKuEeKmLONsJNG60v7pMnTY=
-43,29,jM2p+7fj9xfRpX4Q2bM1NAGKU64=,FQb1kKuEeKmLONsJNG60v7pMnTY=
-46,30,jM2p+7fj9xfRpX4Q2bM1NAGKU64=,FQb1kKuEeKmLONsJNG60v7pMnTY=
-44,30,jM2p+7fj9xfRpX4Q2bM1NAGKU64=,FQb1kKuEeKmLONsJNG60v7pMnTY=
-45,30,jM2p+7fj9xfRpX4Q2bM1NAGKU64=,FQb1kKuEeKmLONsJNG60v7pMnTY=
-42,28,jM2p+7fj9xfRpX4Q2bM1NAGKU64=,FQb1kKuEeKmLONsJNG60v7pMnTY=
-43,30,jM2p+7fj9xfRpX4Q2bM1NAGKU64=,FQb1kKuEeKmLONsJNG60v7pMnTY=
-42,30,jM2p+7fj9xfRpX4Q2bM1NAGKU64=,FQb1kKuEeKmLONsJNG60v7pMnTY=
-47,31,jM2p+7fj9xfRpX4Q2bM1NAGKU64=,FQb1kKuEeKmLONsJNG60v7pMnTY=
-47,27,jM2p+7fj9xfRpX4Q2bM1NAGKU64=,FQb1kKuEeKmLONsJNG60v7pMnTY=
-46,27,jM2p+7fj9xfRpX4Q2bM1NAGKU64=,FQb1kKuEeKmLONsJNG60v7pMnTY=
-46,31,jM2p+7fj9xfRpX4Q2bM1NAGKU64=,FQb1kKuEeKmLONsJNG60v7pMnTY=
-45,31,jM2p+7fj9xfRpX4Q2bM1NAGKU64=,FQb1kKuEeKmLONsJNG60v7pMnTY=
-45,27,jM2p+7fj9xfRpX4Q2bM1NAGKU64=,FQb1kKuEeKmLONsJNG60v7pMnTY=
-44,27,jM2p+7fj9xfRpX4Q2bM1NAGKU64=,FQb1kKuEeKmLONsJNG60v7pMnTY=
-43,27,jM2p+7fj9xfRpX4Q2bM1NAGKU64=,FQb1kKuEeKmLONsJNG60v7pMnTY=
-42,27,jM2p+7fj9xfRpX4Q2bM1NAGKU64=,FQb1kKuEeKmLONsJNG60v7pMnTY=
-43,28,jM2p+7fj9xfRpX4Q2bM1NAGKU64=,FQb1kKuEeKmLONsJNG60v7pMnTY=
-46,28,jM2p+7fj9xfRpX4Q2bM1NAGKU64=,FQb1kKuEeKmLONsJNG60v7pMnTY=
-47,28,jM2p+7fj9xfRpX4Q2bM1NAGKU64=,FQb1kKuEeKmLONsJNG60v7pMnTY=
-45,28,jM2p+7fj9xfRpX4Q2bM1NAGKU64=,FQb1kKuEeKmLONsJNG60v7pMnTY=
-44,28,jM2p+7fj9xfRpX4Q2bM1NAGKU64=,FQb1kKuEeKmLONsJNG60v7pMnTY=
-43,31,jM2p+7fj9xfRpX4Q2bM1NAGKU64=,FQb1kKuEeKmLONsJNG60v7pMnTY=
-42,31,jM2p+7fj9xfRpX4Q2bM1NAGKU64=,FQb1kKuEeKmLONsJNG60v7pMnTY=
-44,31,jM2p+7fj9xfRpX4Q2bM1NAGKU64=,FQb1kKuEeKmLONsJNG60v7pMnTY=
-41,29,jM2p+7fj9xfRpX4Q2bM1NAGKU64=,FQb1kKuEeKmLONsJNG60v7pMnTY=
-41,30,jM2p+7fj9xfRpX4Q2bM1NAGKU64=,FQb1kKuEeKmLONsJNG60v7pMnTY=
-41,27,jM2p+7fj9xfRpX4Q2bM1NAGKU64=,FQb1kKuEeKmLONsJNG60v7pMnTY=
-40,27,jM2p+7fj9xfRpX4Q2bM1NAGKU64=,nhfN3ZgcriW/9G1UTxlmUaeGguY=
-39,27,jM2p+7fj9xfRpX4Q2bM1NAGKU64=,nhfN3ZgcriW/9G1UTxlmUaeGguY=
-38,27,jM2p+7fj9xfRpX4Q2bM1NAGKU64=,nhfN3ZgcriW/9G1UTxlmUaeGguY=
-37,27,jM2p+7fj9xfRpX4Q2bM1NAGKU64=,nhfN3ZgcriW/9G1UTxlmUaeGguY=
-36,27,jM2p+7fj9xfRpX4Q2bM1NAGKU64=,nhfN3ZgcriW/9G1UTxlmUaeGguY=
-35,27,jM2p+7fj9xfRpX4Q2bM1NAGKU64=,nhfN3ZgcriW/9G1UTxlmUaeGguY=
-34,27,jM2p+7fj9xfRpX4Q2bM1NAGKU64=,nhfN3ZgcriW/9G1UTxlmUaeGguY=
-40,28,jM2p+7fj9xfRpX4Q2bM1NAGKU64=,nhfN3ZgcriW/9G1UTxlmUaeGguY=
-39,28,jM2p+7fj9xfRpX4Q2bM1NAGKU64=,nhfN3ZgcriW/9G1UTxlmUaeGguY=
-38,28,jM2p+7fj9xfRpX4Q2bM1NAGKU64=,nhfN3ZgcriW/9G1UTxlmUaeGguY=
-36,28,jM2p+7fj9xfRpX4Q2bM1NAGKU64=,nhfN3ZgcriW/9G1UTxlmUaeGguY=
-37,28,jM2p+7fj9xfRpX4Q2bM1NAGKU64=,nhfN3ZgcriW/9G1UTxlmUaeGguY=
-34,28,jM2p+7fj9xfRpX4Q2bM1NAGKU64=,nhfN3ZgcriW/9G1UTxlmUaeGguY=
-35,28,jM2p+7fj9xfRpX4Q2bM1NAGKU64=,nhfN3ZgcriW/9G1UTxlmUaeGguY=
-41,28,jM2p+7fj9xfRpX4Q2bM1NAGKU64=,FQb1kKuEeKmLONsJNG60v7pMnTY=
-40,29,jM2p+7fj9xfRpX4Q2bM1NAGKU64=,nhfN3ZgcriW/9G1UTxlmUaeGguY=
-39,29,jM2p+7fj9xfRpX4Q2bM1NAGKU64=,nhfN3ZgcriW/9G1UTxlmUaeGguY=
-41,31,jM2p+7fj9xfRpX4Q2bM1NAGKU64=,FQb1kKuEeKmLONsJNG60v7pMnTY=
-38,29,jM2p+7fj9xfRpX4Q2bM1NAGKU64=,nhfN3ZgcriW/9G1UTxlmUaeGguY=
-34,31,jM2p+7fj9xfRpX4Q2bM1NAGKU64=,nhfN3ZgcriW/9G1UTxlmUaeGguY=
-37,29,jM2p+7fj9xfRpX4Q2bM1NAGKU64=,nhfN3ZgcriW/9G1UTxlmUaeGguY=
-35,29,jM2p+7fj9xfRpX4Q2bM1NAGKU64=,nhfN3ZgcriW/9G1UTxlmUaeGguY=
-36,29,jM2p+7fj9xfRpX4Q2bM1NAGKU64=,nhfN3ZgcriW/9G1UTxlmUaeGguY=
-34,29,jM2p+7fj9xfRpX4Q2bM1NAGKU64=,nhfN3ZgcriW/9G1UTxlmUaeGguY=
-40,30,jM2p+7fj9xfRpX4Q2bM1NAGKU64=,nhfN3ZgcriW/9G1UTxlmUaeGguY=
-39,30,jM2p+7fj9xfRpX4Q2bM1NAGKU64=,nhfN3ZgcriW/9G1UTxlmUaeGguY=
-38,30,jM2p+7fj9xfRpX4Q2bM1NAGKU64=,nhfN3ZgcriW/9G1UTxlmUaeGguY=
-35,31,jM2p+7fj9xfRpX4Q2bM1NAGKU64=,nhfN3ZgcriW/9G1UTxlmUaeGguY=
-37,30,jM2p+7fj9xfRpX4Q2bM1NAGKU64=,nhfN3ZgcriW/9G1UTxlmUaeGguY=
-36,31,jM2p+7fj9xfRpX4Q2bM1NAGKU64=,nhfN3ZgcriW/9G1UTxlmUaeGguY=
-37,31,jM2p+7fj9xfRpX4Q2bM1NAGKU64=,nhfN3ZgcriW/9G1UTxlmUaeGguY=
-39,31,jM2p+7fj9xfRpX4Q2bM1NAGKU64=,nhfN3ZgcriW/9G1UTxlmUaeGguY=
-40,31,jM2p+7fj9xfRpX4Q2bM1NAGKU64=,nhfN3ZgcriW/9G1UTxlmUaeGguY=
-34,30,jM2p+7fj9xfRpX4Q2bM1NAGKU64=,nhfN3ZgcriW/9G1UTxlmUaeGguY=
-38,31,jM2p+7fj9xfRpX4Q2bM1NAGKU64=,nhfN3ZgcriW/9G1UTxlmUaeGguY=
-41,23,jM2p+7fj9xfRpX4Q2bM1NAGKU64=,oVckrVjBqjh2uC8fkVLtxHLi6LA=
-37,22,jM2p+7fj9xfRpX4Q2bM1NAGKU64=,jn00GdraLA3BmzzW8VbF1ocH/yU=
-37,23,jM2p+7fj9xfRpX4Q2bM1NAGKU64=,jn00GdraLA3BmzzW8VbF1ocH/yU=
-38,22,jM2p+7fj9xfRpX4Q2bM1NAGKU64=,jn00GdraLA3BmzzW8VbF1ocH/yU=
-39,22,jM2p+7fj9xfRpX4Q2bM1NAGKU64=,jn00GdraLA3BmzzW8VbF1ocH/yU=
-40,20,jM2p+7fj9xfRpX4Q2bM1NAGKU64=,jn00GdraLA3BmzzW8VbF1ocH/yU=
-40,22,jM2p+7fj9xfRpX4Q2bM1NAGKU64=,jn00GdraLA3BmzzW8VbF1ocH/yU=
-35,30,jM2p+7fj9xfRpX4Q2bM1NAGKU64=,nhfN3ZgcriW/9G1UTxlmUaeGguY=
-37,20,jM2p+7fj9xfRpX4Q2bM1NAGKU64=,jn00GdraLA3BmzzW8VbF1ocH/yU=
-39,20,jM2p+7fj9xfRpX4Q2bM1NAGKU64=,jn00GdraLA3BmzzW8VbF1ocH/yU=
-37,16,jM2p+7fj9xfRpX4Q2bM1NAGKU64=,jn00GdraLA3BmzzW8VbF1ocH/yU=
-40,16,jM2p+7fj9xfRpX4Q2bM1NAGKU64=,jn00GdraLA3BmzzW8VbF1ocH/yU=
-39,16,jM2p+7fj9xfRpX4Q2bM1NAGKU64=,jn00GdraLA3BmzzW8VbF1ocH/yU=
-38,16,jM2p+7fj9xfRpX4Q2bM1NAGKU64=,jn00GdraLA3BmzzW8VbF1ocH/yU=
-36,30,jM2p+7fj9xfRpX4Q2bM1NAGKU64=,nhfN3ZgcriW/9G1UTxlmUaeGguY=
-36,16,jM2p+7fj9xfRpX4Q2bM1NAGKU64=,jn00GdraLA3BmzzW8VbF1ocH/yU=
-35,16,jM2p+7fj9xfRpX4Q2bM1NAGKU64=,jn00GdraLA3BmzzW8VbF1ocH/yU=
-42,23,jM2p+7fj9xfRpX4Q2bM1NAGKU64=,oVckrVjBqjh2uC8fkVLtxHLi6LA=
-40,23,jM2p+7fj9xfRpX4Q2bM1NAGKU64=,jn00GdraLA3BmzzW8VbF1ocH/yU=
-38,23,jM2p+7fj9xfRpX4Q2bM1NAGKU64=,jn00GdraLA3BmzzW8VbF1ocH/yU=
-38,20,jM2p+7fj9xfRpX4Q2bM1NAGKU64=,jn00GdraLA3BmzzW8VbF1ocH/yU=
-39,23,jM2p+7fj9xfRpX4Q2bM1NAGKU64=,jn00GdraLA3BmzzW8VbF1ocH/yU=
-43,19,jM2p+7fj9xfRpX4Q2bM1NAGKU64=,oVckrVjBqjh2uC8fkVLtxHLi6LA=
-44,22,jM2p+7fj9xfRpX4Q2bM1NAGKU64=,oVckrVjBqjh2uC8fkVLtxHLi6LA=
-41,22,jM2p+7fj9xfRpX4Q2bM1NAGKU64=,oVckrVjBqjh2uC8fkVLtxHLi6LA=
-43,22,jM2p+7fj9xfRpX4Q2bM1NAGKU64=,oVckrVjBqjh2uC8fkVLtxHLi6LA=
-43,23,jM2p+7fj9xfRpX4Q2bM1NAGKU64=,oVckrVjBqjh2uC8fkVLtxHLi6LA=
-40,25,jM2p+7fj9xfRpX4Q2bM1NAGKU64=,nhfN3ZgcriW/9G1UTxlmUaeGguY=
-42,22,jM2p+7fj9xfRpX4Q2bM1NAGKU64=,oVckrVjBqjh2uC8fkVLtxHLi6LA=
-42,20,jM2p+7fj9xfRpX4Q2bM1NAGKU64=,oVckrVjBqjh2uC8fkVLtxHLi6LA=
-44,23,jM2p+7fj9xfRpX4Q2bM1NAGKU64=,oVckrVjBqjh2uC8fkVLtxHLi6LA=
-44,24,jM2p+7fj9xfRpX4Q2bM1NAGKU64=,FQb1kKuEeKmLONsJNG60v7pMnTY=
-42,21,jM2p+7fj9xfRpX4Q2bM1NAGKU64=,oVckrVjBqjh2uC8fkVLtxHLi6LA=
-44,21,jM2p+7fj9xfRpX4Q2bM1NAGKU64=,oVckrVjBqjh2uC8fkVLtxHLi6LA=
-43,25,jM2p+7fj9xfRpX4Q2bM1NAGKU64=,FQb1kKuEeKmLONsJNG60v7pMnTY=
-43,21,jM2p+7fj9xfRpX4Q2bM1NAGKU64=,oVckrVjBqjh2uC8fkVLtxHLi6LA=
-43,24,jM2p+7fj9xfRpX4Q2bM1NAGKU64=,FQb1kKuEeKmLONsJNG60v7pMnTY=
-42,24,jM2p+7fj9xfRpX4Q2bM1NAGKU64=,FQb1kKuEeKmLONsJNG60v7pMnTY=
-42,25,jM2p+7fj9xfRpX4Q2bM1NAGKU64=,FQb1kKuEeKmLONsJNG60v7pMnTY=
-41,20,jM2p+7fj9xfRpX4Q2bM1NAGKU64=,oVckrVjBqjh2uC8fkVLtxHLi6LA=
-44,25,jM2p+7fj9xfRpX4Q2bM1NAGKU64=,FQb1kKuEeKmLONsJNG60v7pMnTY=
-43,26,jM2p+7fj9xfRpX4Q2bM1NAGKU64=,FQb1kKuEeKmLONsJNG60v7pMnTY=
-44,26,jM2p+7fj9xfRpX4Q2bM1NAGKU64=,FQb1kKuEeKmLONsJNG60v7pMnTY=
-42,26,jM2p+7fj9xfRpX4Q2bM1NAGKU64=,FQb1kKuEeKmLONsJNG60v7pMnTY=
-41,26,jM2p+7fj9xfRpX4Q2bM1NAGKU64=,FQb1kKuEeKmLONsJNG60v7pMnTY=
-37,26,jM2p+7fj9xfRpX4Q2bM1NAGKU64=,nhfN3ZgcriW/9G1UTxlmUaeGguY=
-38,26,jM2p+7fj9xfRpX4Q2bM1NAGKU64=,nhfN3ZgcriW/9G1UTxlmUaeGguY=
-41,25,jM2p+7fj9xfRpX4Q2bM1NAGKU64=,FQb1kKuEeKmLONsJNG60v7pMnTY=
-39,25,jM2p+7fj9xfRpX4Q2bM1NAGKU64=,nhfN3ZgcriW/9G1UTxlmUaeGguY=
-44,19,jM2p+7fj9xfRpX4Q2bM1NAGKU64=,oVckrVjBqjh2uC8fkVLtxHLi6LA=
-39,26,jM2p+7fj9xfRpX4Q2bM1NAGKU64=,nhfN3ZgcriW/9G1UTxlmUaeGguY=
-41,16,jM2p+7fj9xfRpX4Q2bM1NAGKU64=,oVckrVjBqjh2uC8fkVLtxHLi6LA=
-40,26,jM2p+7fj9xfRpX4Q2bM1NAGKU64=,nhfN3ZgcriW/9G1UTxlmUaeGguY=
-41,24,jM2p+7fj9xfRpX4Q2bM1NAGKU64=,FQb1kKuEeKmLONsJNG60v7pMnTY=
-41,18,jM2p+7fj9xfRpX4Q2bM1NAGKU64=,oVckrVjBqjh2uC8fkVLtxHLi6LA=
-38,17,jM2p+7fj9xfRpX4Q2bM1NAGKU64=,jn00GdraLA3BmzzW8VbF1ocH/yU=
-38,18,jM2p+7fj9xfRpX4Q2bM1NAGKU64=,jn00GdraLA3BmzzW8VbF1ocH/yU=
-39,24,jM2p+7fj9xfRpX4Q2bM1NAGKU64=,nhfN3ZgcriW/9G1UTxlmUaeGguY=
-42,18,jM2p+7fj9xfRpX4Q2bM1NAGKU64=,oVckrVjBqjh2uC8fkVLtxHLi6LA=
-38,25,jM2p+7fj9xfRpX4Q2bM1NAGKU64=,nhfN3ZgcriW/9G1UTxlmUaeGguY=
-37,25,jM2p+7fj9xfRpX4Q2bM1NAGKU64=,nhfN3ZgcriW/9G1UTxlmUaeGguY=
-40,24,jM2p+7fj9xfRpX4Q2bM1NAGKU64=,nhfN3ZgcriW/9G1UTxlmUaeGguY=
-38,24,jM2p+7fj9xfRpX4Q2bM1NAGKU64=,nhfN3ZgcriW/9G1UTxlmUaeGguY=
-37,24,jM2p+7fj9xfRpX4Q2bM1NAGKU64=,nhfN3ZgcriW/9G1UTxlmUaeGguY=
-40,18,jM2p+7fj9xfRpX4Q2bM1NAGKU64=,jn00GdraLA3BmzzW8VbF1ocH/yU=
-39,18,jM2p+7fj9xfRpX4Q2bM1NAGKU64=,jn00GdraLA3BmzzW8VbF1ocH/yU=
-33,28,jM2p+7fj9xfRpX4Q2bM1NAGKU64=,nhfN3ZgcriW/9G1UTxlmUaeGguY=
-33,27,jM2p+7fj9xfRpX4Q2bM1NAGKU64=,nhfN3ZgcriW/9G1UTxlmUaeGguY=
-33,29,jM2p+7fj9xfRpX4Q2bM1NAGKU64=,nhfN3ZgcriW/9G1UTxlmUaeGguY=
-33,31,jM2p+7fj9xfRpX4Q2bM1NAGKU64=,nhfN3ZgcriW/9G1UTxlmUaeGguY=
-33,30,jM2p+7fj9xfRpX4Q2bM1NAGKU64=,nhfN3ZgcriW/9G1UTxlmUaeGguY=
-37,17,jM2p+7fj9xfRpX4Q2bM1NAGKU64=,jn00GdraLA3BmzzW8VbF1ocH/yU=
-33,23,jM2p+7fj9xfRpX4Q2bM1NAGKU64=,jn00GdraLA3BmzzW8VbF1ocH/yU=
-35,26,jM2p+7fj9xfRpX4Q2bM1NAGKU64=,nhfN3ZgcriW/9G1UTxlmUaeGguY=
-33,26,jM2p+7fj9xfRpX4Q2bM1NAGKU64=,nhfN3ZgcriW/9G1UTxlmUaeGguY=
-36,26,jM2p+7fj9xfRpX4Q2bM1NAGKU64=,nhfN3ZgcriW/9G1UTxlmUaeGguY=
-36,22,jM2p+7fj9xfRpX4Q2bM1NAGKU64=,jn00GdraLA3BmzzW8VbF1ocH/yU=
-34,23,jM2p+7fj9xfRpX4Q2bM1NAGKU64=,jn00GdraLA3BmzzW8VbF1ocH/yU=
-33,21,jM2p+7fj9xfRpX4Q2bM1NAGKU64=,jn00GdraLA3BmzzW8VbF1ocH/yU=
-34,26,jM2p+7fj9xfRpX4Q2bM1NAGKU64=,nhfN3ZgcriW/9G1UTxlmUaeGguY=
-35,25,jM2p+7fj9xfRpX4Q2bM1NAGKU64=,nhfN3ZgcriW/9G1UTxlmUaeGguY=
-33,25,jM2p+7fj9xfRpX4Q2bM1NAGKU64=,nhfN3ZgcriW/9G1UTxlmUaeGguY=
-34,25,jM2p+7fj9xfRpX4Q2bM1NAGKU64=,nhfN3ZgcriW/9G1UTxlmUaeGguY=
-35,23,jM2p+7fj9xfRpX4Q2bM1NAGKU64=,jn00GdraLA3BmzzW8VbF1ocH/yU=
-36,24,jM2p+7fj9xfRpX4Q2bM1NAGKU64=,nhfN3ZgcriW/9G1UTxlmUaeGguY=
-36,25,jM2p+7fj9xfRpX4Q2bM1NAGKU64=,nhfN3ZgcriW/9G1UTxlmUaeGguY=
-36,20,jM2p+7fj9xfRpX4Q2bM1NAGKU64=,jn00GdraLA3BmzzW8VbF1ocH/yU=
-35,24,jM2p+7fj9xfRpX4Q2bM1NAGKU64=,nhfN3ZgcriW/9G1UTxlmUaeGguY=
-34,21,jM2p+7fj9xfRpX4Q2bM1NAGKU64=,jn00GdraLA3BmzzW8VbF1ocH/yU=
-33,24,jM2p+7fj9xfRpX4Q2bM1NAGKU64=,nhfN3ZgcriW/9G1UTxlmUaeGguY=
-34,24,jM2p+7fj9xfRpX4Q2bM1NAGKU64=,nhfN3ZgcriW/9G1UTxlmUaeGguY=
-36,23,jM2p+7fj9xfRpX4Q2bM1NAGKU64=,jn00GdraLA3BmzzW8VbF1ocH/yU=
-33,16,jM2p+7fj9xfRpX4Q2bM1NAGKU64=,jn00GdraLA3BmzzW8VbF1ocH/yU=
-33,19,jM2p+7fj9xfRpX4Q2bM1NAGKU64=,jn00GdraLA3BmzzW8VbF1ocH/yU=
-34,17,jM2p+7fj9xfRpX4Q2bM1NAGKU64=,jn00GdraLA3BmzzW8VbF1ocH/yU=
-35,19,jM2p+7fj9xfRpX4Q2bM1NAGKU64=,jn00GdraLA3BmzzW8VbF1ocH/yU=
-34,16,jM2p+7fj9xfRpX4Q2bM1NAGKU64=,jn00GdraLA3BmzzW8VbF1ocH/yU=
-35,17,jM2p+7fj9xfRpX4Q2bM1NAGKU64=,jn00GdraLA3BmzzW8VbF1ocH/yU=
-36,17,jM2p+7fj9xfRpX4Q2bM1NAGKU64=,jn00GdraLA3BmzzW8VbF1ocH/yU=
-35,21,jM2p+7fj9xfRpX4Q2bM1NAGKU64=,jn00GdraLA3BmzzW8VbF1ocH/yU=
-48,29,jM2p+7fj9xfRpX4Q2bM1NAGKU64=,FQb1kKuEeKmLONsJNG60v7pMnTY=
-48,30,jM2p+7fj9xfRpX4Q2bM1NAGKU64=,FQb1kKuEeKmLONsJNG60v7pMnTY=
-48,27,jM2p+7fj9xfRpX4Q2bM1NAGKU64=,FQb1kKuEeKmLONsJNG60v7pMnTY=
-48,31,jM2p+7fj9xfRpX4Q2bM1NAGKU64=,FQb1kKuEeKmLONsJNG60v7pMnTY=
-48,28,jM2p+7fj9xfRpX4Q2bM1NAGKU64=,FQb1kKuEeKmLONsJNG60v7pMnTY=
-34,19,jM2p+7fj9xfRpX4Q2bM1NAGKU64=,jn00GdraLA3BmzzW8VbF1ocH/yU=
-48,22,jM2p+7fj9xfRpX4Q2bM1NAGKU64=,oVckrVjBqjh2uC8fkVLtxHLi6LA=
-48,18,jM2p+7fj9xfRpX4Q2bM1NAGKU64=,oVckrVjBqjh2uC8fkVLtxHLi6LA=
-48,19,jM2p+7fj9xfRpX4Q2bM1NAGKU64=,oVckrVjBqjh2uC8fkVLtxHLi6LA=
-48,16,jM2p+7fj9xfRpX4Q2bM1NAGKU64=,oVckrVjBqjh2uC8fkVLtxHLi6LA=
-48,17,jM2p+7fj9xfRpX4Q2bM1NAGKU64=,oVckrVjBqjh2uC8fkVLtxHLi6LA=
-36,19,jM2p+7fj9xfRpX4Q2bM1NAGKU64=,jn00GdraLA3BmzzW8VbF1ocH/yU=
-47,19,jM2p+7fj9xfRpX4Q2bM1NAGKU64=,oVckrVjBqjh2uC8fkVLtxHLi6LA=
-46,21,jM2p+7fj9xfRpX4Q2bM1NAGKU64=,oVckrVjBqjh2uC8fkVLtxHLi6LA=
-48,21,jM2p+7fj9xfRpX4Q2bM1NAGKU64=,oVckrVjBqjh2uC8fkVLtxHLi6LA=
-48,20,jM2p+7fj9xfRpX4Q2bM1NAGKU64=,oVckrVjBqjh2uC8fkVLtxHLi6LA=
-45,24,jM2p+7fj9xfRpX4Q2bM1NAGKU64=,FQb1kKuEeKmLONsJNG60v7pMnTY=
-47,26,jM2p+7fj9xfRpX4Q2bM1NAGKU64=,FQb1kKuEeKmLONsJNG60v7pMnTY=
-47,25,jM2p+7fj9xfRpX4Q2bM1NAGKU64=,FQb1kKuEeKmLONsJNG60v7pMnTY=
-46,19,jM2p+7fj9xfRpX4Q2bM1NAGKU64=,oVckrVjBqjh2uC8fkVLtxHLi6LA=
-46,25,jM2p+7fj9xfRpX4Q2bM1NAGKU64=,FQb1kKuEeKmLONsJNG60v7pMnTY=
-47,24,jM2p+7fj9xfRpX4Q2bM1NAGKU64=,FQb1kKuEeKmLONsJNG60v7pMnTY=
-48,24,jM2p+7fj9xfRpX4Q2bM1NAGKU64=,FQb1kKuEeKmLONsJNG60v7pMnTY=
-46,24,jM2p+7fj9xfRpX4Q2bM1NAGKU64=,FQb1kKuEeKmLONsJNG60v7pMnTY=
-45,25,jM2p+7fj9xfRpX4Q2bM1NAGKU64=,FQb1kKuEeKmLONsJNG60v7pMnTY=
-48,23,jM2p+7fj9xfRpX4Q2bM1NAGKU64=,oVckrVjBqjh2uC8fkVLtxHLi6LA=
-46,26,jM2p+7fj9xfRpX4Q2bM1NAGKU64=,FQb1kKuEeKmLONsJNG60v7pMnTY=
-48,26,jM2p+7fj9xfRpX4Q2bM1NAGKU64=,FQb1kKuEeKmLONsJNG60v7pMnTY=
-45,19,jM2p+7fj9xfRpX4Q2bM1NAGKU64=,oVckrVjBqjh2uC8fkVLtxHLi6LA=
-45,23,jM2p+7fj9xfRpX4Q2bM1NAGKU64=,oVckrVjBqjh2uC8fkVLtxHLi6LA=
-45,21,jM2p+7fj9xfRpX4Q2bM1NAGKU64=,oVckrVjBqjh2uC8fkVLtxHLi6LA=
-46,23,jM2p+7fj9xfRpX4Q2bM1NAGKU64=,oVckrVjBqjh2uC8fkVLtxHLi6LA=
-46,22,jM2p+7fj9xfRpX4Q2bM1NAGKU64=,oVckrVjBqjh2uC8fkVLtxHLi6LA=
-47,21,jM2p+7fj9xfRpX4Q2bM1NAGKU64=,oVckrVjBqjh2uC8fkVLtxHLi6LA=
-45,22,jM2p+7fj9xfRpX4Q2bM1NAGKU64=,oVckrVjBqjh2uC8fkVLtxHLi6LA=
-47,20,jM2p+7fj9xfRpX4Q2bM1NAGKU64=,oVckrVjBqjh2uC8fkVLtxHLi6LA=
-47,23,jM2p+7fj9xfRpX4Q2bM1NAGKU64=,oVckrVjBqjh2uC8fkVLtxHLi6LA=
-48,25,jM2p+7fj9xfRpX4Q2bM1NAGKU64=,FQb1kKuEeKmLONsJNG60v7pMnTY=
-45,26,jM2p+7fj9xfRpX4Q2bM1NAGKU64=,FQb1kKuEeKmLONsJNG60v7pMnTY=
-34,7,jM2p+7fj9xfRpX4Q2bM1NAGKU64=,+J7CGqG/zz2a/fmaqx8DVLmVdwE=
-39,2,jM2p+7fj9xfRpX4Q2bM1NAGKU64=,+J7CGqG/zz2a/fmaqx8DVLmVdwE=
-36,7,jM2p+7fj9xfRpX4Q2bM1NAGKU64=,+J7CGqG/zz2a/fmaqx8DVLmVdwE=
-35,7,jM2p+7fj9xfRpX4Q2bM1NAGKU64=,+J7CGqG/zz2a/fmaqx8DVLmVdwE=
-37,7,jM2p+7fj9xfRpX4Q2bM1NAGKU64=,+J7CGqG/zz2a/fmaqx8DVLmVdwE=
-38,7,jM2p+7fj9xfRpX4Q2bM1NAGKU64=,+J7CGqG/zz2a/fmaqx8DVLmVdwE=
-39,7,jM2p+7fj9xfRpX4Q2bM1NAGKU64=,+J7CGqG/zz2a/fmaqx8DVLmVdwE=
-34,6,jM2p+7fj9xfRpX4Q2bM1NAGKU64=,+J7CGqG/zz2a/fmaqx8DVLmVdwE=
-35,6,jM2p+7fj9xfRpX4Q2bM1NAGKU64=,+J7CGqG/zz2a/fmaqx8DVLmVdwE=
-36,6,jM2p+7fj9xfRpX4Q2bM1NAGKU64=,+J7CGqG/zz2a/fmaqx8DVLmVdwE=
-38,6,jM2p+7fj9xfRpX4Q2bM1NAGKU64=,+J7CGqG/zz2a/fmaqx8DVLmVdwE=
-37,6,jM2p+7fj9xfRpX4Q2bM1NAGKU64=,+J7CGqG/zz2a/fmaqx8DVLmVdwE=
-39,6,jM2p+7fj9xfRpX4Q2bM1NAGKU64=,+J7CGqG/zz2a/fmaqx8DVLmVdwE=
-34,5,jM2p+7fj9xfRpX4Q2bM1NAGKU64=,+J7CGqG/zz2a/fmaqx8DVLmVdwE=
-35,5,jM2p+7fj9xfRpX4Q2bM1NAGKU64=,+J7CGqG/zz2a/fmaqx8DVLmVdwE=
-36,5,jM2p+7fj9xfRpX4Q2bM1NAGKU64=,+J7CGqG/zz2a/fmaqx8DVLmVdwE=
-39,5,jM2p+7fj9xfRpX4Q2bM1NAGKU64=,+J7CGqG/zz2a/fmaqx8DVLmVdwE=
-38,5,jM2p+7fj9xfRpX4Q2bM1NAGKU64=,+J7CGqG/zz2a/fmaqx8DVLmVdwE=
-37,5,jM2p+7fj9xfRpX4Q2bM1NAGKU64=,+J7CGqG/zz2a/fmaqx8DVLmVdwE=
-36,4,jM2p+7fj9xfRpX4Q2bM1NAGKU64=,+J7CGqG/zz2a/fmaqx8DVLmVdwE=
-34,4,jM2p+7fj9xfRpX4Q2bM1NAGKU64=,+J7CGqG/zz2a/fmaqx8DVLmVdwE=
-35,4,jM2p+7fj9xfRpX4Q2bM1NAGKU64=,+J7CGqG/zz2a/fmaqx8DVLmVdwE=
-38,4,jM2p+7fj9xfRpX4Q2bM1NAGKU64=,+J7CGqG/zz2a/fmaqx8DVLmVdwE=
-37,4,jM2p+7fj9xfRpX4Q2bM1NAGKU64=,+J7CGqG/zz2a/fmaqx8DVLmVdwE=
-39,4,jM2p+7fj9xfRpX4Q2bM1NAGKU64=,+J7CGqG/zz2a/fmaqx8DVLmVdwE=
-35,3,jM2p+7fj9xfRpX4Q2bM1NAGKU64=,+J7CGqG/zz2a/fmaqx8DVLmVdwE=
-34,3,jM2p+7fj9xfRpX4Q2bM1NAGKU64=,+J7CGqG/zz2a/fmaqx8DVLmVdwE=
-36,3,jM2p+7fj9xfRpX4Q2bM1NAGKU64=,+J7CGqG/zz2a/fmaqx8DVLmVdwE=
-37,3,jM2p+7fj9xfRpX4Q2bM1NAGKU64=,+J7CGqG/zz2a/fmaqx8DVLmVdwE=
-39,3,jM2p+7fj9xfRpX4Q2bM1NAGKU64=,+J7CGqG/zz2a/fmaqx8DVLmVdwE=
-38,3,jM2p+7fj9xfRpX4Q2bM1NAGKU64=,+J7CGqG/zz2a/fmaqx8DVLmVdwE=
-34,2,jM2p+7fj9xfRpX4Q2bM1NAGKU64=,+J7CGqG/zz2a/fmaqx8DVLmVdwE=
-35,2,jM2p+7fj9xfRpX4Q2bM1NAGKU64=,+J7CGqG/zz2a/fmaqx8DVLmVdwE=
-36,2,jM2p+7fj9xfRpX4Q2bM1NAGKU64=,+J7CGqG/zz2a/fmaqx8DVLmVdwE=
-37,2,jM2p+7fj9xfRpX4Q2bM1NAGKU64=,+J7CGqG/zz2a/fmaqx8DVLmVdwE=
-38,2,jM2p+7fj9xfRpX4Q2bM1NAGKU64=,+J7CGqG/zz2a/fmaqx8DVLmVdwE=
-33,2,jM2p+7fj9xfRpX4Q2bM1NAGKU64=,+J7CGqG/zz2a/fmaqx8DVLmVdwE=
-33,7,jM2p+7fj9xfRpX4Q2bM1NAGKU64=,+J7CGqG/zz2a/fmaqx8DVLmVdwE=
-33,5,jM2p+7fj9xfRpX4Q2bM1NAGKU64=,+J7CGqG/zz2a/fmaqx8DVLmVdwE=
-33,3,jM2p+7fj9xfRpX4Q2bM1NAGKU64=,+J7CGqG/zz2a/fmaqx8DVLmVdwE=
-33,6,jM2p+7fj9xfRpX4Q2bM1NAGKU64=,+J7CGqG/zz2a/fmaqx8DVLmVdwE=
-33,0,jM2p+7fj9xfRpX4Q2bM1NAGKU64=,+J7CGqG/zz2a/fmaqx8DVLmVdwE=
-33,4,jM2p+7fj9xfRpX4Q2bM1NAGKU64=,+J7CGqG/zz2a/fmaqx8DVLmVdwE=
-33,1,jM2p+7fj9xfRpX4Q2bM1NAGKU64=,+J7CGqG/zz2a/fmaqx8DVLmVdwE=
-36,0,jM2p+7fj9xfRpX4Q2bM1NAGKU64=,+J7CGqG/zz2a/fmaqx8DVLmVdwE=
-36,1,jM2p+7fj9xfRpX4Q2bM1NAGKU64=,+J7CGqG/zz2a/fmaqx8DVLmVdwE=
-35,0,jM2p+7fj9xfRpX4Q2bM1NAGKU64=,+J7CGqG/zz2a/fmaqx8DVLmVdwE=
-35,1,jM2p+7fj9xfRpX4Q2bM1NAGKU64=,+J7CGqG/zz2a/fmaqx8DVLmVdwE=
-34,0,jM2p+7fj9xfRpX4Q2bM1NAGKU64=,+J7CGqG/zz2a/fmaqx8DVLmVdwE=
-47,2,jM2p+7fj9xfRpX4Q2bM1NAGKU64=,hsiZf4XVMgNjSu6WJAgTqWTFtFQ=
-44,3,jM2p+7fj9xfRpX4Q2bM1NAGKU64=,hsiZf4XVMgNjSu6WJAgTqWTFtFQ=
-44,6,jM2p+7fj9xfRpX4Q2bM1NAGKU64=,hsiZf4XVMgNjSu6WJAgTqWTFtFQ=
-45,6,jM2p+7fj9xfRpX4Q2bM1NAGKU64=,hsiZf4XVMgNjSu6WJAgTqWTFtFQ=
-43,6,jM2p+7fj9xfRpX4Q2bM1NAGKU64=,hsiZf4XVMgNjSu6WJAgTqWTFtFQ=
-45,2,jM2p+7fj9xfRpX4Q2bM1NAGKU64=,hsiZf4XVMgNjSu6WJAgTqWTFtFQ=
-40,2,jM2p+7fj9xfRpX4Q2bM1NAGKU64=,+J7CGqG/zz2a/fmaqx8DVLmVdwE=
-44,2,jM2p+7fj9xfRpX4Q2bM1NAGKU64=,hsiZf4XVMgNjSu6WJAgTqWTFtFQ=
-46,6,jM2p+7fj9xfRpX4Q2bM1NAGKU64=,hsiZf4XVMgNjSu6WJAgTqWTFtFQ=
-40,3,jM2p+7fj9xfRpX4Q2bM1NAGKU64=,+J7CGqG/zz2a/fmaqx8DVLmVdwE=
-43,3,jM2p+7fj9xfRpX4Q2bM1NAGKU64=,hsiZf4XVMgNjSu6WJAgTqWTFtFQ=
-42,3,jM2p+7fj9xfRpX4Q2bM1NAGKU64=,hsiZf4XVMgNjSu6WJAgTqWTFtFQ=
-41,3,jM2p+7fj9xfRpX4Q2bM1NAGKU64=,hsiZf4XVMgNjSu6WJAgTqWTFtFQ=
-43,2,jM2p+7fj9xfRpX4Q2bM1NAGKU64=,hsiZf4XVMgNjSu6WJAgTqWTFtFQ=
-48,4,jM2p+7fj9xfRpX4Q2bM1NAGKU64=,hsiZf4XVMgNjSu6WJAgTqWTFtFQ=
-44,4,jM2p+7fj9xfRpX4Q2bM1NAGKU64=,hsiZf4XVMgNjSu6WJAgTqWTFtFQ=
-40,4,jM2p+7fj9xfRpX4Q2bM1NAGKU64=,+J7CGqG/zz2a/fmaqx8DVLmVdwE=
-43,4,jM2p+7fj9xfRpX4Q2bM1NAGKU64=,hsiZf4XVMgNjSu6WJAgTqWTFtFQ=
-42,4,jM2p+7fj9xfRpX4Q2bM1NAGKU64=,hsiZf4XVMgNjSu6WJAgTqWTFtFQ=
-42,2,jM2p+7fj9xfRpX4Q2bM1NAGKU64=,hsiZf4XVMgNjSu6WJAgTqWTFtFQ=
-48,6,jM2p+7fj9xfRpX4Q2bM1NAGKU64=,hsiZf4XVMgNjSu6WJAgTqWTFtFQ=
-47,6,jM2p+7fj9xfRpX4Q2bM1NAGKU64=,hsiZf4XVMgNjSu6WJAgTqWTFtFQ=
-48,2,jM2p+7fj9xfRpX4Q2bM1NAGKU64=,hsiZf4XVMgNjSu6WJAgTqWTFtFQ=
-43,5,jM2p+7fj9xfRpX4Q2bM1NAGKU64=,hsiZf4XVMgNjSu6WJAgTqWTFtFQ=
-41,5,jM2p+7fj9xfRpX4Q2bM1NAGKU64=,hsiZf4XVMgNjSu6WJAgTqWTFtFQ=
-41,7,jM2p+7fj9xfRpX4Q2bM1NAGKU64=,hsiZf4XVMgNjSu6WJAgTqWTFtFQ=
-43,7,jM2p+7fj9xfRpX4Q2bM1NAGKU64=,hsiZf4XVMgNjSu6WJAgTqWTFtFQ=
-42,7,jM2p+7fj9xfRpX4Q2bM1NAGKU64=,hsiZf4XVMgNjSu6WJAgTqWTFtFQ=
-45,3,jM2p+7fj9xfRpX4Q2bM1NAGKU64=,hsiZf4XVMgNjSu6WJAgTqWTFtFQ=
-45,7,jM2p+7fj9xfRpX4Q2bM1NAGKU64=,hsiZf4XVMgNjSu6WJAgTqWTFtFQ=
-44,7,jM2p+7fj9xfRpX4Q2bM1NAGKU64=,hsiZf4XVMgNjSu6WJAgTqWTFtFQ=
-42,5,jM2p+7fj9xfRpX4Q2bM1NAGKU64=,hsiZf4XVMgNjSu6WJAgTqWTFtFQ=
-44,5,jM2p+7fj9xfRpX4Q2bM1NAGKU64=,hsiZf4XVMgNjSu6WJAgTqWTFtFQ=
-45,5,jM2p+7fj9xfRpX4Q2bM1NAGKU64=,hsiZf4XVMgNjSu6WJAgTqWTFtFQ=
-46,7,jM2p+7fj9xfRpX4Q2bM1NAGKU64=,hsiZf4XVMgNjSu6WJAgTqWTFtFQ=
-45,4,jM2p+7fj9xfRpX4Q2bM1NAGKU64=,hsiZf4XVMgNjSu6WJAgTqWTFtFQ=
-47,7,jM2p+7fj9xfRpX4Q2bM1NAGKU64=,hsiZf4XVMgNjSu6WJAgTqWTFtFQ=
-46,4,jM2p+7fj9xfRpX4Q2bM1NAGKU64=,hsiZf4XVMgNjSu6WJAgTqWTFtFQ=
-46,3,jM2p+7fj9xfRpX4Q2bM1NAGKU64=,hsiZf4XVMgNjSu6WJAgTqWTFtFQ=
-34,1,jM2p+7fj9xfRpX4Q2bM1NAGKU64=,+J7CGqG/zz2a/fmaqx8DVLmVdwE=
-47,3,jM2p+7fj9xfRpX4Q2bM1NAGKU64=,hsiZf4XVMgNjSu6WJAgTqWTFtFQ=
-46,5,jM2p+7fj9xfRpX4Q2bM1NAGKU64=,hsiZf4XVMgNjSu6WJAgTqWTFtFQ=
-40,7,jM2p+7fj9xfRpX4Q2bM1NAGKU64=,+J7CGqG/zz2a/fmaqx8DVLmVdwE=
-48,3,jM2p+7fj9xfRpX4Q2bM1NAGKU64=,hsiZf4XVMgNjSu6WJAgTqWTFtFQ=
-41,2,jM2p+7fj9xfRpX4Q2bM1NAGKU64=,hsiZf4XVMgNjSu6WJAgTqWTFtFQ=
-47,5,jM2p+7fj9xfRpX4Q2bM1NAGKU64=,hsiZf4XVMgNjSu6WJAgTqWTFtFQ=
-40,0,jM2p+7fj9xfRpX4Q2bM1NAGKU64=,+J7CGqG/zz2a/fmaqx8DVLmVdwE=
-47,4,jM2p+7fj9xfRpX4Q2bM1NAGKU64=,hsiZf4XVMgNjSu6WJAgTqWTFtFQ=
-40,5,jM2p+7fj9xfRpX4Q2bM1NAGKU64=,+J7CGqG/zz2a/fmaqx8DVLmVdwE=
-41,4,jM2p+7fj9xfRpX4Q2bM1NAGKU64=,hsiZf4XVMgNjSu6WJAgTqWTFtFQ=
-40,6,jM2p+7fj9xfRpX4Q2bM1NAGKU64=,+J7CGqG/zz2a/fmaqx8DVLmVdwE=
-42,6,jM2p+7fj9xfRpX4Q2bM1NAGKU64=,hsiZf4XVMgNjSu6WJAgTqWTFtFQ=
-41,6,jM2p+7fj9xfRpX4Q2bM1NAGKU64=,hsiZf4XVMgNjSu6WJAgTqWTFtFQ=
-48,7,jM2p+7fj9xfRpX4Q2bM1NAGKU64=,hsiZf4XVMgNjSu6WJAgTqWTFtFQ=
-48,5,jM2p+7fj9xfRpX4Q2bM1NAGKU64=,hsiZf4XVMgNjSu6WJAgTqWTFtFQ=
-37,0,jM2p+7fj9xfRpX4Q2bM1NAGKU64=,+J7CGqG/zz2a/fmaqx8DVLmVdwE=
-38,0,jM2p+7fj9xfRpX4Q2bM1NAGKU64=,+J7CGqG/zz2a/fmaqx8DVLmVdwE=
-39,0,jM2p+7fj9xfRpX4Q2bM1NAGKU64=,+J7CGqG/zz2a/fmaqx8DVLmVdwE=
-38,1,jM2p+7fj9xfRpX4Q2bM1NAGKU64=,+J7CGqG/zz2a/fmaqx8DVLmVdwE=
-40,1,jM2p+7fj9xfRpX4Q2bM1NAGKU64=,+J7CGqG/zz2a/fmaqx8DVLmVdwE=
-39,1,jM2p+7fj9xfRpX4Q2bM1NAGKU64=,+J7CGqG/zz2a/fmaqx8DVLmVdwE=
-37,1,jM2p+7fj9xfRpX4Q2bM1NAGKU64=,+J7CGqG/zz2a/fmaqx8DVLmVdwE=
-41,1,jM2p+7fj9xfRpX4Q2bM1NAGKU64=,hsiZf4XVMgNjSu6WJAgTqWTFtFQ=
-44,0,jM2p+7fj9xfRpX4Q2bM1NAGKU64=,hsiZf4XVMgNjSu6WJAgTqWTFtFQ=
-43,0,jM2p+7fj9xfRpX4Q2bM1NAGKU64=,hsiZf4XVMgNjSu6WJAgTqWTFtFQ=
-41,0,jM2p+7fj9xfRpX4Q2bM1NAGKU64=,hsiZf4XVMgNjSu6WJAgTqWTFtFQ=
-42,0,jM2p+7fj9xfRpX4Q2bM1NAGKU64=,hsiZf4XVMgNjSu6WJAgTqWTFtFQ=
-43,1,jM2p+7fj9xfRpX4Q2bM1NAGKU64=,hsiZf4XVMgNjSu6WJAgTqWTFtFQ=
-46,0,jM2p+7fj9xfRpX4Q2bM1NAGKU64=,hsiZf4XVMgNjSu6WJAgTqWTFtFQ=
-46,2,jM2p+7fj9xfRpX4Q2bM1NAGKU64=,hsiZf4XVMgNjSu6WJAgTqWTFtFQ=
-45,0,jM2p+7fj9xfRpX4Q2bM1NAGKU64=,hsiZf4XVMgNjSu6WJAgTqWTFtFQ=
-42,1,jM2p+7fj9xfRpX4Q2bM1NAGKU64=,hsiZf4XVMgNjSu6WJAgTqWTFtFQ=
-44,1,jM2p+7fj9xfRpX4Q2bM1NAGKU64=,hsiZf4XVMgNjSu6WJAgTqWTFtFQ=
-47,0,jM2p+7fj9xfRpX4Q2bM1NAGKU64=,hsiZf4XVMgNjSu6WJAgTqWTFtFQ=
-48,0,jM2p+7fj9xfRpX4Q2bM1NAGKU64=,hsiZf4XVMgNjSu6WJAgTqWTFtFQ=
-46,1,jM2p+7fj9xfRpX4Q2bM1NAGKU64=,hsiZf4XVMgNjSu6WJAgTqWTFtFQ=
-45,1,jM2p+7fj9xfRpX4Q2bM1NAGKU64=,hsiZf4XVMgNjSu6WJAgTqWTFtFQ=
-48,1,jM2p+7fj9xfRpX4Q2bM1NAGKU64=,hsiZf4XVMgNjSu6WJAgTqWTFtFQ=
-47,1,jM2p+7fj9xfRpX4Q2bM1NAGKU64=,hsiZf4XVMgNjSu6WJAgTqWTFtFQ=
