3,-63,vxZFOUSP1XWdyxTUJ5EGJWv/t2U=,qJWdckjAfhsmQMEWqIiZ5yUnZas=
4,-63,vxZFOUSP1XWdyxTUJ5EGJWv/t2U=,qJWdckjAfhsmQMEWqIiZ5yUnZas=
6,-63,vxZFOUSP1XWdyxTUJ5EGJWv/t2U=,qJWdckjAfhsmQMEWqIiZ5yUnZas=
5,-63,vxZFOUSP1XWdyxTUJ5EGJWv/t2U=,qJWdckjAfhsmQMEWqIiZ5yUnZas=
1,-62,vxZFOUSP1XWdyxTUJ5EGJWv/t2U=,qJWdckjAfhsmQMEWqIiZ5yUnZas=
2,-62,vxZFOUSP1XWdyxTUJ5EGJWv/t2U=,qJWdckjAfhsmQMEWqIiZ5yUnZas=
3,-62,vxZFOUSP1XWdyxTUJ5EGJWv/t2U=,qJWdckjAfhsmQMEWqIiZ5yUnZas=
4,-62,vxZFOUSP1XWdyxTUJ5EGJWv/t2U=,qJWdckjAfhsmQMEWqIiZ5yUnZas=
5,-62,vxZFOUSP1XWdyxTUJ5EGJWv/t2U=,qJWdckjAfhsmQMEWqIiZ5yUnZas=
6,-62,vxZFOUSP1XWdyxTUJ5EGJWv/t2U=,qJWdckjAfhsmQMEWqIiZ5yUnZas=
1,-61,vxZFOUSP1XWdyxTUJ5EGJWv/t2U=,qJWdckjAfhsmQMEWqIiZ5yUnZas=
2,-61,vxZFOUSP1XWdyxTUJ5EGJWv/t2U=,qJWdckjAfhsmQMEWqIiZ5yUnZas=
3,-61,vxZFOUSP1XWdyxTUJ5EGJWv/t2U=,qJWdckjAfhsmQMEWqIiZ5yUnZas=
4,-61,vxZFOUSP1XWdyxTUJ5EGJWv/t2U=,qJWdckjAfhsmQMEWqIiZ5yUnZas=
1,-60,vxZFOUSP1XWdyxTUJ5EGJWv/t2U=,qJWdckjAfhsmQMEWqIiZ5yUnZas=
6,-61,vxZFOUSP1XWdyxTUJ5EGJWv/t2U=,qJWdckjAfhsmQMEWqIiZ5yUnZas=
2,-60,vxZFOUSP1XWdyxTUJ5EGJWv/t2U=,qJWdckjAfhsmQMEWqIiZ5yUnZas=
3,-60,vxZFOUSP1XWdyxTUJ5EGJWv/t2U=,qJWdckjAfhsmQMEWqIiZ5yUnZas=
4,-60,vxZFOUSP1XWdyxTUJ5EGJWv/t2U=,qJWdckjAfhsmQMEWqIiZ5yUnZas=
6,-60,vxZFOUSP1XWdyxTUJ5EGJWv/t2U=,qJWdckjAfhsmQMEWqIiZ5yUnZas=
1,-59,vxZFOUSP1XWdyxTUJ5EGJWv/t2U=,qJWdckjAfhsmQMEWqIiZ5yUnZas=
2,-59,vxZFOUSP1XWdyxTUJ5EGJWv/t2U=,qJWdckjAfhsmQMEWqIiZ5yUnZas=
3,-59,vxZFOUSP1XWdyxTUJ5EGJWv/t2U=,qJWdckjAfhsmQMEWqIiZ5yUnZas=
6,-59,vxZFOUSP1XWdyxTUJ5EGJWv/t2U=,qJWdckjAfhsmQMEWqIiZ5yUnZas=
1,-58,vxZFOUSP1XWdyxTUJ5EGJWv/t2U=,qJWdckjAfhsmQMEWqIiZ5yUnZas=
2,-58,vxZFOUSP1XWdyxTUJ5EGJWv/t2U=,qJWdckjAfhsmQMEWqIiZ5yUnZas=
4,-59,vxZFOUSP1XWdyxTUJ5EGJWv/t2U=,qJWdckjAfhsmQMEWqIiZ5yUnZas=
3,-58,vxZFOUSP1XWdyxTUJ5EGJWv/t2U=,qJWdckjAfhsmQMEWqIiZ5yUnZas=
4,-58,vxZFOUSP1XWdyxTUJ5EGJWv/t2U=,qJWdckjAfhsmQMEWqIiZ5yUnZas=
1,-63,vxZFOUSP1XWdyxTUJ5EGJWv/t2U=,qJWdckjAfhsmQMEWqIiZ5yUnZas=
2,-63,vxZFOUSP1XWdyxTUJ5EGJWv/t2U=,qJWdckjAfhsmQMEWqIiZ5yUnZas=
1,-56,vxZFOUSP1XWdyxTUJ5EGJWv/t2U=,YdQa/HJSgW6oz81ah1Vw7bMcBVM=
6,-58,vxZFOUSP1XWdyxTUJ5EGJWv/t2U=,qJWdckjAfhsmQMEWqIiZ5yUnZas=
2,-56,vxZFOUSP1XWdyxTUJ5EGJWv/t2U=,YdQa/HJSgW6oz81ah1Vw7bMcBVM=
3,-56,vxZFOUSP1XWdyxTUJ5EGJWv/t2U=,YdQa/HJSgW6oz81ah1Vw7bMcBVM=
4,-50,vxZFOUSP1XWdyxTUJ5EGJWv/t2U=,YdQa/HJSgW6oz81ah1Vw7bMcBVM=
5,-50,vxZFOUSP1XWdyxTUJ5EGJWv/t2U=,YdQa/HJSgW6oz81ah1Vw7bMcBVM=
4,-56,vxZFOUSP1XWdyxTUJ5EGJWv/t2U=,YdQa/HJSgW6oz81ah1Vw7bMcBVM=
6,-50,vxZFOUSP1XWdyxTUJ5EGJWv/t2U=,YdQa/HJSgW6oz81ah1Vw7bMcBVM=
0,-55,vxZFOUSP1XWdyxTUJ5EGJWv/t2U=,YdQa/HJSgW6oz81ah1Vw7bMcBVM=
5,-56,vxZFOUSP1XWdyxTUJ5EGJWv/t2U=,YdQa/HJSgW6oz81ah1Vw7bMcBVM=
1,-55,vxZFOUSP1XWdyxTUJ5EGJWv/t2U=,YdQa/HJSgW6oz81ah1Vw7bMcBVM=
2,-55,vxZFOUSP1XWdyxTUJ5EGJWv/t2U=,YdQa/HJSgW6oz81ah1Vw7bMcBVM=
3,-55,vxZFOUSP1XWdyxTUJ5EGJWv/t2U=,YdQa/HJSgW6oz81ah1Vw7bMcBVM=
4,-55,vxZFOUSP1XWdyxTUJ5EGJWv/t2U=,YdQa/HJSgW6oz81ah1Vw7bMcBVM=
5,-55,vxZFOUSP1XWdyxTUJ5EGJWv/t2U=,YdQa/HJSgW6oz81ah1Vw7bMcBVM=
0,-54,vxZFOUSP1XWdyxTUJ5EGJWv/t2U=,YdQa/HJSgW6oz81ah1Vw7bMcBVM=
2,-54,vxZFOUSP1XWdyxTUJ5EGJWv/t2U=,YdQa/HJSgW6oz81ah1Vw7bMcBVM=
1,-54,vxZFOUSP1XWdyxTUJ5EGJWv/t2U=,YdQa/HJSgW6oz81ah1Vw7bMcBVM=
3,-54,vxZFOUSP1XWdyxTUJ5EGJWv/t2U=,YdQa/HJSgW6oz81ah1Vw7bMcBVM=
4,-54,vxZFOUSP1XWdyxTUJ5EGJWv/t2U=,YdQa/HJSgW6oz81ah1Vw7bMcBVM=
1,-49,vxZFOUSP1XWdyxTUJ5EGJWv/t2U=,YdQa/HJSgW6oz81ah1Vw7bMcBVM=
5,-54,vxZFOUSP1XWdyxTUJ5EGJWv/t2U=,YdQa/HJSgW6oz81ah1Vw7bMcBVM=
2,-49,vxZFOUSP1XWdyxTUJ5EGJWv/t2U=,YdQa/HJSgW6oz81ah1Vw7bMcBVM=
6,-57,vxZFOUSP1XWdyxTUJ5EGJWv/t2U=,qJWdckjAfhsmQMEWqIiZ5yUnZas=
3,-49,vxZFOUSP1XWdyxTUJ5EGJWv/t2U=,YdQa/HJSgW6oz81ah1Vw7bMcBVM=
4,-57,vxZFOUSP1XWdyxTUJ5EGJWv/t2U=,qJWdckjAfhsmQMEWqIiZ5yUnZas=
4,-49,vxZFOUSP1XWdyxTUJ5EGJWv/t2U=,YdQa/HJSgW6oz81ah1Vw7bMcBVM=
5,-49,vxZFOUSP1XWdyxTUJ5EGJWv/t2U=,YdQa/HJSgW6oz81ah1Vw7bMcBVM=
3,-50,vxZFOUSP1XWdyxTUJ5EGJWv/t2U=,YdQa/HJSgW6oz81ah1Vw7bMcBVM=
6,-49,vxZFOUSP1XWdyxTUJ5EGJWv/t2U=,YdQa/HJSgW6oz81ah1Vw7bMcBVM=
1,-50,vxZFOUSP1XWdyxTUJ5EGJWv/t2U=,YdQa/HJSgW6oz81ah1Vw7bMcBVM=
0,-53,vxZFOUSP1XWdyxTUJ5EGJWv/t2U=,YdQa/HJSgW6oz81ah1Vw7bMcBVM=
0,-50,vxZFOUSP1XWdyxTUJ5EGJWv/t2U=,YdQa/HJSgW6oz81ah1Vw7bMcBVM=
2,-53,vxZFOUSP1XWdyxTUJ5EGJWv/t2U=,YdQa/HJSgW6oz81ah1Vw7bMcBVM=
1,-53,vxZFOUSP1XWdyxTUJ5EGJWv/t2U=,YdQa/HJSgW6oz81ah1Vw7bMcBVM=
3,-57,vxZFOUSP1XWdyxTUJ5EGJWv/t2U=,qJWdckjAfhsmQMEWqIiZ5yUnZas=
5,-51,vxZFOUSP1XWdyxTUJ5EGJWv/t2U=,YdQa/HJSgW6oz81ah1Vw7bMcBVM=
4,-51,vxZFOUSP1XWdyxTUJ5EGJWv/t2U=,YdQa/HJSgW6oz81ah1Vw7bMcBVM=
3,-53,vxZFOUSP1XWdyxTUJ5EGJWv/t2U=,YdQa/HJSgW6oz81ah1Vw7bMcBVM=
2,-57,vxZFOUSP1XWdyxTUJ5EGJWv/t2U=,qJWdckjAfhsmQMEWqIiZ5yUnZas=
3,-51,vxZFOUSP1XWdyxTUJ5EGJWv/t2U=,YdQa/HJSgW6oz81ah1Vw7bMcBVM=
4,-53,vxZFOUSP1XWdyxTUJ5EGJWv/t2U=,YdQa/HJSgW6oz81ah1Vw7bMcBVM=
2,-51,vxZFOUSP1XWdyxTUJ5EGJWv/t2U=,YdQa/HJSgW6oz81ah1Vw7bMcBVM=
1,-51,vxZFOUSP1XWdyxTUJ5EGJWv/t2U=,YdQa/HJSgW6oz81ah1Vw7bMcBVM=
5,-53,vxZFOUSP1XWdyxTUJ5EGJWv/t2U=,YdQa/HJSgW6oz81ah1Vw7bMcBVM=
0,-51,vxZFOUSP1XWdyxTUJ5EGJWv/t2U=,YdQa/HJSgW6oz81ah1Vw7bMcBVM=
1,-57,vxZFOUSP1XWdyxTUJ5EGJWv/t2U=,qJWdckjAfhsmQMEWqIiZ5yUnZas=
0,-52,vxZFOUSP1XWdyxTUJ5EGJWv/t2U=,YdQa/HJSgW6oz81ah1Vw7bMcBVM=
4,-52,vxZFOUSP1XWdyxTUJ5EGJWv/t2U=,YdQa/HJSgW6oz81ah1Vw7bMcBVM=
3,-52,vxZFOUSP1XWdyxTUJ5EGJWv/t2U=,YdQa/HJSgW6oz81ah1Vw7bMcBVM=
1,-52,vxZFOUSP1XWdyxTUJ5EGJWv/t2U=,YdQa/HJSgW6oz81ah1Vw7bMcBVM=
5,-52,vxZFOUSP1XWdyxTUJ5EGJWv/t2U=,YdQa/HJSgW6oz81ah1Vw7bMcBVM=
2,-52,vxZFOUSP1XWdyxTUJ5EGJWv/t2U=,YdQa/HJSgW6oz81ah1Vw7bMcBVM=
1,-64,vxZFOUSP1XWdyxTUJ5EGJWv/t2U=,qJWdckjAfhsmQMEWqIiZ5yUnZas=
2,-64,vxZFOUSP1XWdyxTUJ5EGJWv/t2U=,qJWdckjAfhsmQMEWqIiZ5yUnZas=
3,-64,vxZFOUSP1XWdyxTUJ5EGJWv/t2U=,qJWdckjAfhsmQMEWqIiZ5yUnZas=
5,-64,vxZFOUSP1XWdyxTUJ5EGJWv/t2U=,qJWdckjAfhsmQMEWqIiZ5yUnZas=
4,-64,vxZFOUSP1XWdyxTUJ5EGJWv/t2U=,qJWdckjAfhsmQMEWqIiZ5yUnZas=
6,-64,vxZFOUSP1XWdyxTUJ5EGJWv/t2U=,qJWdckjAfhsmQMEWqIiZ5yUnZas=
7,-63,vxZFOUSP1XWdyxTUJ5EGJWv/t2U=,qJWdckjAfhsmQMEWqIiZ5yUnZas=
8,-62,vxZFOUSP1XWdyxTUJ5EGJWv/t2U=,T0eU4L1KfYz0RP1zy04S3w2mWDk=
9,-62,vxZFOUSP1XWdyxTUJ5EGJWv/t2U=,T0eU4L1KfYz0RP1zy04S3w2mWDk=
10,-62,vxZFOUSP1XWdyxTUJ5EGJWv/t2U=,T0eU4L1KfYz0RP1zy04S3w2mWDk=
11,-62,vxZFOUSP1XWdyxTUJ5EGJWv/t2U=,T0eU4L1KfYz0RP1zy04S3w2mWDk=
12,-62,vxZFOUSP1XWdyxTUJ5EGJWv/t2U=,T0eU4L1KfYz0RP1zy04S3w2mWDk=
13,-62,vxZFOUSP1XWdyxTUJ5EGJWv/t2U=,T0eU4L1KfYz0RP1zy04S3w2mWDk=
14,-62,vxZFOUSP1XWdyxTUJ5EGJWv/t2U=,T0eU4L1KfYz0RP1zy04S3w2mWDk=
8,-61,vxZFOUSP1XWdyxTUJ5EGJWv/t2U=,T0eU4L1KfYz0RP1zy04S3w2mWDk=
10,-61,vxZFOUSP1XWdyxTUJ5EGJWv/t2U=,T0eU4L1KfYz0RP1zy04S3w2mWDk=
11,-61,vxZFOUSP1XWdyxTUJ5EGJWv/t2U=,T0eU4L1KfYz0RP1zy04S3w2mWDk=
12,-61,vxZFOUSP1XWdyxTUJ5EGJWv/t2U=,T0eU4L1KfYz0RP1zy04S3w2mWDk=
13,-61,vxZFOUSP1XWdyxTUJ5EGJWv/t2U=,T0eU4L1KfYz0RP1zy04S3w2mWDk=
7,-62,vxZFOUSP1XWdyxTUJ5EGJWv/t2U=,qJWdckjAfhsmQMEWqIiZ5yUnZas=
9,-61,vxZFOUSP1XWdyxTUJ5EGJWv/t2U=,T0eU4L1KfYz0RP1zy04S3w2mWDk=
14,-61,vxZFOUSP1XWdyxTUJ5EGJWv/t2U=,T0eU4L1KfYz0RP1zy04S3w2mWDk=
8,-60,vxZFOUSP1XWdyxTUJ5EGJWv/t2U=,T0eU4L1KfYz0RP1zy04S3w2mWDk=
9,-60,vxZFOUSP1XWdyxTUJ5EGJWv/t2U=,T0eU4L1KfYz0RP1zy04S3w2mWDk=
10,-60,vxZFOUSP1XWdyxTUJ5EGJWv/t2U=,T0eU4L1KfYz0RP1zy04S3w2mWDk=
11,-60,vxZFOUSP1XWdyxTUJ5EGJWv/t2U=,T0eU4L1KfYz0RP1zy04S3w2mWDk=
12,-60,vxZFOUSP1XWdyxTUJ5EGJWv/t2U=,T0eU4L1KfYz0RP1zy04S3w2mWDk=
13,-60,vxZFOUSP1XWdyxTUJ5EGJWv/t2U=,T0eU4L1KfYz0RP1zy04S3w2mWDk=
14,-60,vxZFOUSP1XWdyxTUJ5EGJWv/t2U=,T0eU4L1KfYz0RP1zy04S3w2mWDk=
8,-59,vxZFOUSP1XWdyxTUJ5EGJWv/t2U=,T0eU4L1KfYz0RP1zy04S3w2mWDk=
9,-59,vxZFOUSP1XWdyxTUJ5EGJWv/t2U=,T0eU4L1KfYz0RP1zy04S3w2mWDk=
10,-59,vxZFOUSP1XWdyxTUJ5EGJWv/t2U=,T0eU4L1KfYz0RP1zy04S3w2mWDk=
11,-59,vxZFOUSP1XWdyxTUJ5EGJWv/t2U=,T0eU4L1KfYz0RP1zy04S3w2mWDk=
13,-59,vxZFOUSP1XWdyxTUJ5EGJWv/t2U=,T0eU4L1KfYz0RP1zy04S3w2mWDk=
12,-59,vxZFOUSP1XWdyxTUJ5EGJWv/t2U=,T0eU4L1KfYz0RP1zy04S3w2mWDk=
14,-59,vxZFOUSP1XWdyxTUJ5EGJWv/t2U=,T0eU4L1KfYz0RP1zy04S3w2mWDk=
8,-58,vxZFOUSP1XWdyxTUJ5EGJWv/t2U=,T0eU4L1KfYz0RP1zy04S3w2mWDk=
7,-61,vxZFOUSP1XWdyxTUJ5EGJWv/t2U=,qJWdckjAfhsmQMEWqIiZ5yUnZas=
9,-58,vxZFOUSP1XWdyxTUJ5EGJWv/t2U=,T0eU4L1KfYz0RP1zy04S3w2mWDk=
10,-58,vxZFOUSP1XWdyxTUJ5EGJWv/t2U=,T0eU4L1KfYz0RP1zy04S3w2mWDk=
11,-58,vxZFOUSP1XWdyxTUJ5EGJWv/t2U=,T0eU4L1KfYz0RP1zy04S3w2mWDk=
12,-58,vxZFOUSP1XWdyxTUJ5EGJWv/t2U=,T0eU4L1KfYz0RP1zy04S3w2mWDk=
13,-58,vxZFOUSP1XWdyxTUJ5EGJWv/t2U=,T0eU4L1KfYz0RP1zy04S3w2mWDk=
14,-58,vxZFOUSP1XWdyxTUJ5EGJWv/t2U=,T0eU4L1KfYz0RP1zy04S3w2mWDk=
7,-60,vxZFOUSP1XWdyxTUJ5EGJWv/t2U=,qJWdckjAfhsmQMEWqIiZ5yUnZas=
14,-63,vxZFOUSP1XWdyxTUJ5EGJWv/t2U=,T0eU4L1KfYz0RP1zy04S3w2mWDk=
12,-63,vxZFOUSP1XWdyxTUJ5EGJWv/t2U=,T0eU4L1KfYz0RP1zy04S3w2mWDk=
5,-61,vxZFOUSP1XWdyxTUJ5EGJWv/t2U=,qJWdckjAfhsmQMEWqIiZ5yUnZas=
11,-63,vxZFOUSP1XWdyxTUJ5EGJWv/t2U=,T0eU4L1KfYz0RP1zy04S3w2mWDk=
13,-63,vxZFOUSP1XWdyxTUJ5EGJWv/t2U=,T0eU4L1KfYz0RP1zy04S3w2mWDk=
10,-63,vxZFOUSP1XWdyxTUJ5EGJWv/t2U=,T0eU4L1KfYz0RP1zy04S3w2mWDk=
7,-59,vxZFOUSP1XWdyxTUJ5EGJWv/t2U=,qJWdckjAfhsmQMEWqIiZ5yUnZas=
9,-63,vxZFOUSP1XWdyxTUJ5EGJWv/t2U=,T0eU4L1KfYz0RP1zy04S3w2mWDk=
8,-64,vxZFOUSP1XWdyxTUJ5EGJWv/t2U=,T0eU4L1KfYz0RP1zy04S3w2mWDk=
8,-63,vxZFOUSP1XWdyxTUJ5EGJWv/t2U=,T0eU4L1KfYz0RP1zy04S3w2mWDk=
9,-64,vxZFOUSP1XWdyxTUJ5EGJWv/t2U=,T0eU4L1KfYz0RP1zy04S3w2mWDk=
7,-58,vxZFOUSP1XWdyxTUJ5EGJWv/t2U=,qJWdckjAfhsmQMEWqIiZ5yUnZas=
14,-64,vxZFOUSP1XWdyxTUJ5EGJWv/t2U=,T0eU4L1KfYz0RP1zy04S3w2mWDk=
10,-64,vxZFOUSP1XWdyxTUJ5EGJWv/t2U=,T0eU4L1KfYz0RP1zy04S3w2mWDk=
7,-64,vxZFOUSP1XWdyxTUJ5EGJWv/t2U=,qJWdckjAfhsmQMEWqIiZ5yUnZas=
13,-64,vxZFOUSP1XWdyxTUJ5EGJWv/t2U=,T0eU4L1KfYz0RP1zy04S3w2mWDk=
12,-64,vxZFOUSP1XWdyxTUJ5EGJWv/t2U=,T0eU4L1KfYz0RP1zy04S3w2mWDk=
11,-64,vxZFOUSP1XWdyxTUJ5EGJWv/t2U=,T0eU4L1KfYz0RP1zy04S3w2mWDk=
0,-49,vxZFOUSP1XWdyxTUJ5EGJWv/t2U=,YdQa/HJSgW6oz81ah1Vw7bMcBVM=
0,-56,vxZFOUSP1XWdyxTUJ5EGJWv/t2U=,YdQa/HJSgW6oz81ah1Vw7bMcBVM=
0,-62,vxZFOUSP1XWdyxTUJ5EGJWv/t2U=,qJWdckjAfhsmQMEWqIiZ5yUnZas=
0,-61,vxZFOUSP1XWdyxTUJ5EGJWv/t2U=,qJWdckjAfhsmQMEWqIiZ5yUnZas=
0,-60,vxZFOUSP1XWdyxTUJ5EGJWv/t2U=,qJWdckjAfhsmQMEWqIiZ5yUnZas=
0,-59,vxZFOUSP1XWdyxTUJ5EGJWv/t2U=,qJWdckjAfhsmQMEWqIiZ5yUnZas=
0,-57,vxZFOUSP1XWdyxTUJ5EGJWv/t2U=,qJWdckjAfhsmQMEWqIiZ5yUnZas=
0,-58,vxZFOUSP1XWdyxTUJ5EGJWv/t2U=,qJWdckjAfhsmQMEWqIiZ5yUnZas=
0,-63,vxZFOUSP1XWdyxTUJ5EGJWv/t2U=,qJWdckjAfhsmQMEWqIiZ5yUnZas=
0,-64,vxZFOUSP1XWdyxTUJ5EGJWv/t2U=,qJWdckjAfhsmQMEWqIiZ5yUnZas=
2,-50,vxZFOUSP1XWdyxTUJ5EGJWv/t2U=,YdQa/HJSgW6oz81ah1Vw7bMcBVM=
15,-64,vxZFOUSP1XWdyxTUJ5EGJWv/t2U=,T0eU4L1KfYz0RP1zy04S3w2mWDk=
15,-62,vxZFOUSP1XWdyxTUJ5EGJWv/t2U=,T0eU4L1KfYz0RP1zy04S3w2mWDk=
15,-61,vxZFOUSP1XWdyxTUJ5EGJWv/t2U=,T0eU4L1KfYz0RP1zy04S3w2mWDk=
15,-63,vxZFOUSP1XWdyxTUJ5EGJWv/t2U=,T0eU4L1KfYz0RP1zy04S3w2mWDk=
7,-57,vxZFOUSP1XWdyxTUJ5EGJWv/t2U=,qJWdckjAfhsmQMEWqIiZ5yUnZas=
14,-55,vxZFOUSP1XWdyxTUJ5EGJWv/t2U=,6GlJO0hpVrFuuGti5tEtdNWXRu0=
15,-53,vxZFOUSP1XWdyxTUJ5EGJWv/t2U=,6GlJO0hpVrFuuGti5tEtdNWXRu0=
8,-52,vxZFOUSP1XWdyxTUJ5EGJWv/t2U=,6GlJO0hpVrFuuGti5tEtdNWXRu0=
8,-54,vxZFOUSP1XWdyxTUJ5EGJWv/t2U=,6GlJO0hpVrFuuGti5tEtdNWXRu0=
8,-53,vxZFOUSP1XWdyxTUJ5EGJWv/t2U=,6GlJO0hpVrFuuGti5tEtdNWXRu0=
9,-52,vxZFOUSP1XWdyxTUJ5EGJWv/t2U=,6GlJO0hpVrFuuGti5tEtdNWXRu0=
14,-56,vxZFOUSP1XWdyxTUJ5EGJWv/t2U=,6GlJO0hpVrFuuGti5tEtdNWXRu0=
10,-52,vxZFOUSP1XWdyxTUJ5EGJWv/t2U=,6GlJO0hpVrFuuGti5tEtdNWXRu0=
7,-56,vxZFOUSP1XWdyxTUJ5EGJWv/t2U=,YdQa/HJSgW6oz81ah1Vw7bMcBVM=
10,-56,vxZFOUSP1XWdyxTUJ5EGJWv/t2U=,6GlJO0hpVrFuuGti5tEtdNWXRu0=
13,-56,vxZFOUSP1XWdyxTUJ5EGJWv/t2U=,6GlJO0hpVrFuuGti5tEtdNWXRu0=
8,-55,vxZFOUSP1XWdyxTUJ5EGJWv/t2U=,6GlJO0hpVrFuuGti5tEtdNWXRu0=
8,-56,vxZFOUSP1XWdyxTUJ5EGJWv/t2U=,6GlJO0hpVrFuuGti5tEtdNWXRu0=
12,-52,vxZFOUSP1XWdyxTUJ5EGJWv/t2U=,6GlJO0hpVrFuuGti5tEtdNWXRu0=
13,-52,vxZFOUSP1XWdyxTUJ5EGJWv/t2U=,6GlJO0hpVrFuuGti5tEtdNWXRu0=
13,-53,vxZFOUSP1XWdyxTUJ5EGJWv/t2U=,6GlJO0hpVrFuuGti5tEtdNWXRu0=
13,-54,vxZFOUSP1XWdyxTUJ5EGJWv/t2U=,6GlJO0hpVrFuuGti5tEtdNWXRu0=
15,-52,vxZFOUSP1XWdyxTUJ5EGJWv/t2U=,6GlJO0hpVrFuuGti5tEtdNWXRu0=
11,-56,vxZFOUSP1XWdyxTUJ5EGJWv/t2U=,6GlJO0hpVrFuuGti5tEtdNWXRu0=
12,-53,vxZFOUSP1XWdyxTUJ5EGJWv/t2U=,6GlJO0hpVrFuuGti5tEtdNWXRu0=
8,-51,vxZFOUSP1XWdyxTUJ5EGJWv/t2U=,6GlJO0hpVrFuuGti5tEtdNWXRu0=
9,-54,vxZFOUSP1XWdyxTUJ5EGJWv/t2U=,6GlJO0hpVrFuuGti5tEtdNWXRu0=
11,-53,vxZFOUSP1XWdyxTUJ5EGJWv/t2U=,6GlJO0hpVrFuuGti5tEtdNWXRu0=
9,-55,vxZFOUSP1XWdyxTUJ5EGJWv/t2U=,6GlJO0hpVrFuuGti5tEtdNWXRu0=
7,-52,vxZFOUSP1XWdyxTUJ5EGJWv/t2U=,YdQa/HJSgW6oz81ah1Vw7bMcBVM=
10,-51,vxZFOUSP1XWdyxTUJ5EGJWv/t2U=,6GlJO0hpVrFuuGti5tEtdNWXRu0=
10,-53,vxZFOUSP1XWdyxTUJ5EGJWv/t2U=,6GlJO0hpVrFuuGti5tEtdNWXRu0=
7,-55,vxZFOUSP1XWdyxTUJ5EGJWv/t2U=,YdQa/HJSgW6oz81ah1Vw7bMcBVM=
13,-55,vxZFOUSP1XWdyxTUJ5EGJWv/t2U=,6GlJO0hpVrFuuGti5tEtdNWXRu0=
10,-55,vxZFOUSP1XWdyxTUJ5EGJWv/t2U=,6GlJO0hpVrFuuGti5tEtdNWXRu0=
12,-51,vxZFOUSP1XWdyxTUJ5EGJWv/t2U=,6GlJO0hpVrFuuGti5tEtdNWXRu0=
12,-55,vxZFOUSP1XWdyxTUJ5EGJWv/t2U=,6GlJO0hpVrFuuGti5tEtdNWXRu0=
9,-56,vxZFOUSP1XWdyxTUJ5EGJWv/t2U=,6GlJO0hpVrFuuGti5tEtdNWXRu0=
14,-57,vxZFOUSP1XWdyxTUJ5EGJWv/t2U=,T0eU4L1KfYz0RP1zy04S3w2mWDk=
13,-51,vxZFOUSP1XWdyxTUJ5EGJWv/t2U=,6GlJO0hpVrFuuGti5tEtdNWXRu0=
13,-57,vxZFOUSP1XWdyxTUJ5EGJWv/t2U=,T0eU4L1KfYz0RP1zy04S3w2mWDk=
12,-57,vxZFOUSP1XWdyxTUJ5EGJWv/t2U=,T0eU4L1KfYz0RP1zy04S3w2mWDk=
11,-57,vxZFOUSP1XWdyxTUJ5EGJWv/t2U=,T0eU4L1KfYz0RP1zy04S3w2mWDk=
15,-51,vxZFOUSP1XWdyxTUJ5EGJWv/t2U=,6GlJO0hpVrFuuGti5tEtdNWXRu0=
8,-50,vxZFOUSP1XWdyxTUJ5EGJWv/t2U=,6GlJO0hpVrFuuGti5tEtdNWXRu0=
10,-54,vxZFOUSP1XWdyxTUJ5EGJWv/t2U=,6GlJO0hpVrFuuGti5tEtdNWXRu0=
11,-55,vxZFOUSP1XWdyxTUJ5EGJWv/t2U=,6GlJO0hpVrFuuGti5tEtdNWXRu0=
12,-54,vxZFOUSP1XWdyxTUJ5EGJWv/t2U=,6GlJO0hpVrFuuGti5tEtdNWXRu0=
10,-57,vxZFOUSP1XWdyxTUJ5EGJWv/t2U=,T0eU4L1KfYz0RP1zy04S3w2mWDk=
12,-56,vxZFOUSP1XWdyxTUJ5EGJWv/t2U=,6GlJO0hpVrFuuGti5tEtdNWXRu0=
9,-57,vxZFOUSP1XWdyxTUJ5EGJWv/t2U=,T0eU4L1KfYz0RP1zy04S3w2mWDk=
11,-54,vxZFOUSP1XWdyxTUJ5EGJWv/t2U=,6GlJO0hpVrFuuGti5tEtdNWXRu0=
7,-54,vxZFOUSP1XWdyxTUJ5EGJWv/t2U=,YdQa/HJSgW6oz81ah1Vw7bMcBVM=
15,-50,vxZFOUSP1XWdyxTUJ5EGJWv/t2U=,6GlJO0hpVrFuuGti5tEtdNWXRu0=
8,-57,vxZFOUSP1XWdyxTUJ5EGJWv/t2U=,T0eU4L1KfYz0RP1zy04S3w2mWDk=
7,-53,vxZFOUSP1XWdyxTUJ5EGJWv/t2U=,YdQa/HJSgW6oz81ah1Vw7bMcBVM=
9,-50,vxZFOUSP1XWdyxTUJ5EGJWv/t2U=,6GlJO0hpVrFuuGti5tEtdNWXRu0=
13,-50,vxZFOUSP1XWdyxTUJ5EGJWv/t2U=,6GlJO0hpVrFuuGti5tEtdNWXRu0=
9,-53,vxZFOUSP1XWdyxTUJ5EGJWv/t2U=,6GlJO0hpVrFuuGti5tEtdNWXRu0=
12,-50,vxZFOUSP1XWdyxTUJ5EGJWv/t2U=,6GlJO0hpVrFuuGti5tEtdNWXRu0=
6,-55,vxZFOUSP1XWdyxTUJ5EGJWv/t2U=,YdQa/HJSgW6oz81ah1Vw7bMcBVM=
5,-59,vxZFOUSP1XWdyxTUJ5EGJWv/t2U=,qJWdckjAfhsmQMEWqIiZ5yUnZas=
5,-58,vxZFOUSP1XWdyxTUJ5EGJWv/t2U=,qJWdckjAfhsmQMEWqIiZ5yUnZas=
5,-57,vxZFOUSP1XWdyxTUJ5EGJWv/t2U=,qJWdckjAfhsmQMEWqIiZ5yUnZas=
5,-60,vxZFOUSP1XWdyxTUJ5EGJWv/t2U=,qJWdckjAfhsmQMEWqIiZ5yUnZas=
6,-54,vxZFOUSP1XWdyxTUJ5EGJWv/t2U=,YdQa/HJSgW6oz81ah1Vw7bMcBVM=
15,-57,vxZFOUSP1XWdyxTUJ5EGJWv/t2U=,T0eU4L1KfYz0RP1zy04S3w2mWDk=
15,-54,vxZFOUSP1XWdyxTUJ5EGJWv/t2U=,6GlJO0hpVrFuuGti5tEtdNWXRu0=
6,-56,vxZFOUSP1XWdyxTUJ5EGJWv/t2U=,YdQa/HJSgW6oz81ah1Vw7bMcBVM=
6,-53,vxZFOUSP1XWdyxTUJ5EGJWv/t2U=,YdQa/HJSgW6oz81ah1Vw7bMcBVM=
15,-55,vxZFOUSP1XWdyxTUJ5EGJWv/t2U=,6GlJO0hpVrFuuGti5tEtdNWXRu0=
13,-49,vxZFOUSP1XWdyxTUJ5EGJWv/t2U=,6GlJO0hpVrFuuGti5tEtdNWXRu0=
15,-49,vxZFOUSP1XWdyxTUJ5EGJWv/t2U=,6GlJO0hpVrFuuGti5tEtdNWXRu0=
12,-49,vxZFOUSP1XWdyxTUJ5EGJWv/t2U=,6GlJO0hpVrFuuGti5tEtdNWXRu0=
9,-49,vxZFOUSP1XWdyxTUJ5EGJWv/t2U=,6GlJO0hpVrFuuGti5tEtdNWXRu0=
8,-49,vxZFOUSP1XWdyxTUJ5EGJWv/t2U=,6GlJO0hpVrFuuGti5tEtdNWXRu0=
15,-59,vxZFOUSP1XWdyxTUJ5EGJWv/t2U=,T0eU4L1KfYz0RP1zy04S3w2mWDk=
15,-58,vxZFOUSP1XWdyxTUJ5EGJWv/t2U=,T0eU4L1KfYz0RP1zy04S3w2mWDk=
15,-56,vxZFOUSP1XWdyxTUJ5EGJWv/t2U=,6GlJO0hpVrFuuGti5tEtdNWXRu0=
14,-54,vxZFOUSP1XWdyxTUJ5EGJWv/t2U=,6GlJO0hpVrFuuGti5tEtdNWXRu0=
15,-60,vxZFOUSP1XWdyxTUJ5EGJWv/t2U=,T0eU4L1KfYz0RP1zy04S3w2mWDk=
11,-52,vxZFOUSP1XWdyxTUJ5EGJWv/t2U=,6GlJO0hpVrFuuGti5tEtdNWXRu0=
14,-53,vxZFOUSP1XWdyxTUJ5EGJWv/t2U=,6GlJO0hpVrFuuGti5tEtdNWXRu0=
7,-51,vxZFOUSP1XWdyxTUJ5EGJWv/t2U=,YdQa/HJSgW6oz81ah1Vw7bMcBVM=
6,-51,vxZFOUSP1XWdyxTUJ5EGJWv/t2U=,YdQa/HJSgW6oz81ah1Vw7bMcBVM=
10,-49,vxZFOUSP1XWdyxTUJ5EGJWv/t2U=,6GlJO0hpVrFuuGti5tEtdNWXRu0=
9,-51,vxZFOUSP1XWdyxTUJ5EGJWv/t2U=,6GlJO0hpVrFuuGti5tEtdNWXRu0=
6,-52,vxZFOUSP1XWdyxTUJ5EGJWv/t2U=,YdQa/HJSgW6oz81ah1Vw7bMcBVM=
7,-50,vxZFOUSP1XWdyxTUJ5EGJWv/t2U=,YdQa/HJSgW6oz81ah1Vw7bMcBVM=
14,-52,vxZFOUSP1XWdyxTUJ5EGJWv/t2U=,6GlJO0hpVrFuuGti5tEtdNWXRu0=
7,-49,vxZFOUSP1XWdyxTUJ5EGJWv/t2U=,YdQa/HJSgW6oz81ah1Vw7bMcBVM=
11,-51,vxZFOUSP1XWdyxTUJ5EGJWv/t2U=,6GlJO0hpVrFuuGti5tEtdNWXRu0=
10,-50,vxZFOUSP1XWdyxTUJ5EGJWv/t2U=,6GlJO0hpVrFuuGti5tEtdNWXRu0=
14,-51,vxZFOUSP1XWdyxTUJ5EGJWv/t2U=,6GlJO0hpVrFuuGti5tEtdNWXRu0=
11,-50,vxZFOUSP1XWdyxTUJ5EGJWv/t2U=,6GlJO0hpVrFuuGti5tEtdNWXRu0=
11,-49,vxZFOUSP1XWdyxTUJ5EGJWv/t2U=,6GlJO0hpVrFuuGti5tEtdNWXRu0=
14,-50,vxZFOUSP1XWdyxTUJ5EGJWv/t2U=,6GlJO0hpVrFuuGti5tEtdNWXRu0=
14,-49,vxZFOUSP1XWdyxTUJ5EGJWv/t2U=,6GlJO0hpVrFuuGti5tEtdNWXRu0=
4,-47,vxZFOUSP1XWdyxTUJ5EGJWv/t2U=,T7kXlmtUgg7LMjRQnbFFDemI2ds=
5,-41,vxZFOUSP1XWdyxTUJ5EGJWv/t2U=,T7kXlmtUgg7LMjRQnbFFDemI2ds=
3,-47,vxZFOUSP1XWdyxTUJ5EGJWv/t2U=,T7kXlmtUgg7LMjRQnbFFDemI2ds=
6,-41,vxZFOUSP1XWdyxTUJ5EGJWv/t2U=,T7kXlmtUgg7LMjRQnbFFDemI2ds=
2,-47,vxZFOUSP1XWdyxTUJ5EGJWv/t2U=,T7kXlmtUgg7LMjRQnbFFDemI2ds=
4,-41,vxZFOUSP1XWdyxTUJ5EGJWv/t2U=,T7kXlmtUgg7LMjRQnbFFDemI2ds=
3,-41,vxZFOUSP1XWdyxTUJ5EGJWv/t2U=,T7kXlmtUgg7LMjRQnbFFDemI2ds=
1,-47,vxZFOUSP1XWdyxTUJ5EGJWv/t2U=,T7kXlmtUgg7LMjRQnbFFDemI2ds=
1,-41,vxZFOUSP1XWdyxTUJ5EGJWv/t2U=,T7kXlmtUgg7LMjRQnbFFDemI2ds=
6,-48,vxZFOUSP1XWdyxTUJ5EGJWv/t2U=,T7kXlmtUgg7LMjRQnbFFDemI2ds=
2,-41,vxZFOUSP1XWdyxTUJ5EGJWv/t2U=,T7kXlmtUgg7LMjRQnbFFDemI2ds=
5,-48,vxZFOUSP1XWdyxTUJ5EGJWv/t2U=,T7kXlmtUgg7LMjRQnbFFDemI2ds=
4,-48,vxZFOUSP1XWdyxTUJ5EGJWv/t2U=,T7kXlmtUgg7LMjRQnbFFDemI2ds=
2,-48,vxZFOUSP1XWdyxTUJ5EGJWv/t2U=,T7kXlmtUgg7LMjRQnbFFDemI2ds=
3,-48,vxZFOUSP1XWdyxTUJ5EGJWv/t2U=,T7kXlmtUgg7LMjRQnbFFDemI2ds=
1,-48,vxZFOUSP1XWdyxTUJ5EGJWv/t2U=,T7kXlmtUgg7LMjRQnbFFDemI2ds=
6,-42,vxZFOUSP1XWdyxTUJ5EGJWv/t2U=,T7kXlmtUgg7LMjRQnbFFDemI2ds=
5,-42,vxZFOUSP1XWdyxTUJ5EGJWv/t2U=,T7kXlmtUgg7LMjRQnbFFDemI2ds=
4,-42,vxZFOUSP1XWdyxTUJ5EGJWv/t2U=,T7kXlmtUgg7LMjRQnbFFDemI2ds=
3,-42,vxZFOUSP1XWdyxTUJ5EGJWv/t2U=,T7kXlmtUgg7LMjRQnbFFDemI2ds=
2,-42,vxZFOUSP1XWdyxTUJ5EGJWv/t2U=,T7kXlmtUgg7LMjRQnbFFDemI2ds=
1,-42,vxZFOUSP1XWdyxTUJ5EGJWv/t2U=,T7kXlmtUgg7LMjRQnbFFDemI2ds=
6,-43,vxZFOUSP1XWdyxTUJ5EGJWv/t2U=,T7kXlmtUgg7LMjRQnbFFDemI2ds=
4,-43,vxZFOUSP1XWdyxTUJ5EGJWv/t2U=,T7kXlmtUgg7LMjRQnbFFDemI2ds=
5,-43,vxZFOUSP1XWdyxTUJ5EGJWv/t2U=,T7kXlmtUgg7LMjRQnbFFDemI2ds=
3,-43,vxZFOUSP1XWdyxTUJ5EGJWv/t2U=,T7kXlmtUgg7LMjRQnbFFDemI2ds=
2,-43,vxZFOUSP1XWdyxTUJ5EGJWv/t2U=,T7kXlmtUgg7LMjRQnbFFDemI2ds=
1,-43,vxZFOUSP1XWdyxTUJ5EGJWv/t2U=,T7kXlmtUgg7LMjRQnbFFDemI2ds=
6,-44,vxZFOUSP1XWdyxTUJ5EGJWv/t2U=,T7kXlmtUgg7LMjRQnbFFDemI2ds=
5,-44,vxZFOUSP1XWdyxTUJ5EGJWv/t2U=,T7kXlmtUgg7LMjRQnbFFDemI2ds=
4,-44,vxZFOUSP1XWdyxTUJ5EGJWv/t2U=,T7kXlmtUgg7LMjRQnbFFDemI2ds=
3,-44,vxZFOUSP1XWdyxTUJ5EGJWv/t2U=,T7kXlmtUgg7LMjRQnbFFDemI2ds=
1,-44,vxZFOUSP1XWdyxTUJ5EGJWv/t2U=,T7kXlmtUgg7LMjRQnbFFDemI2ds=
5,-45,vxZFOUSP1XWdyxTUJ5EGJWv/t2U=,T7kXlmtUgg7LMjRQnbFFDemI2ds=
2,-44,vxZFOUSP1XWdyxTUJ5EGJWv/t2U=,T7kXlmtUgg7LMjRQnbFFDemI2ds=
4,-45,vxZFOUSP1XWdyxTUJ5EGJWv/t2U=,T7kXlmtUgg7LMjRQnbFFDemI2ds=
3,-45,vxZFOUSP1XWdyxTUJ5EGJWv/t2U=,T7kXlmtUgg7LMjRQnbFFDemI2ds=
6,-45,vxZFOUSP1XWdyxTUJ5EGJWv/t2U=,T7kXlmtUgg7LMjRQnbFFDemI2ds=
2,-45,vxZFOUSP1XWdyxTUJ5EGJWv/t2U=,T7kXlmtUgg7LMjRQnbFFDemI2ds=
5,-46,vxZFOUSP1XWdyxTUJ5EGJWv/t2U=,T7kXlmtUgg7LMjRQnbFFDemI2ds=
6,-46,vxZFOUSP1XWdyxTUJ5EGJWv/t2U=,T7kXlmtUgg7LMjRQnbFFDemI2ds=
1,-45,vxZFOUSP1XWdyxTUJ5EGJWv/t2U=,T7kXlmtUgg7LMjRQnbFFDemI2ds=
4,-46,vxZFOUSP1XWdyxTUJ5EGJWv/t2U=,T7kXlmtUgg7LMjRQnbFFDemI2ds=
3,-46,vxZFOUSP1XWdyxTUJ5EGJWv/t2U=,T7kXlmtUgg7LMjRQnbFFDemI2ds=
2,-46,vxZFOUSP1XWdyxTUJ5EGJWv/t2U=,T7kXlmtUgg7LMjRQnbFFDemI2ds=
6,-47,vxZFOUSP1XWdyxTUJ5EGJWv/t2U=,T7kXlmtUgg7LMjRQnbFFDemI2ds=
1,-46,vxZFOUSP1XWdyxTUJ5EGJWv/t2U=,T7kXlmtUgg7LMjRQnbFFDemI2ds=
5,-47,vxZFOUSP1XWdyxTUJ5EGJWv/t2U=,T7kXlmtUgg7LMjRQnbFFDemI2ds=
0,-46,vxZFOUSP1XWdyxTUJ5EGJWv/t2U=,T7kXlmtUgg7LMjRQnbFFDemI2ds=
0,-45,vxZFOUSP1XWdyxTUJ5EGJWv/t2U=,T7kXlmtUgg7LMjRQnbFFDemI2ds=
0,-44,vxZFOUSP1XWdyxTUJ5EGJWv/t2U=,T7kXlmtUgg7LMjRQnbFFDemI2ds=
0,-43,vxZFOUSP1XWdyxTUJ5EGJWv/t2U=,T7kXlmtUgg7LMjRQnbFFDemI2ds=
0,-42,vxZFOUSP1XWdyxTUJ5EGJWv/t2U=,T7kXlmtUgg7LMjRQnbFFDemI2ds=
0,-47,vxZFOUSP1XWdyxTUJ5EGJWv/t2U=,T7kXlmtUgg7LMjRQnbFFDemI2ds=
0,-41,vxZFOUSP1XWdyxTUJ5EGJWv/t2U=,T7kXlmtUgg7LMjRQnbFFDemI2ds=
0,-48,vxZFOUSP1XWdyxTUJ5EGJWv/t2U=,T7kXlmtUgg7LMjRQnbFFDemI2ds=
9,-47,vxZFOUSP1XWdyxTUJ5EGJWv/t2U=,V9n/HYGLgySiyp7EKyoK1zChOPA=
8,-47,vxZFOUSP1XWdyxTUJ5EGJWv/t2U=,V9n/HYGLgySiyp7EKyoK1zChOPA=
12,-47,vxZFOUSP1XWdyxTUJ5EGJWv/t2U=,V9n/HYGLgySiyp7EKyoK1zChOPA=
13,-47,vxZFOUSP1XWdyxTUJ5EGJWv/t2U=,V9n/HYGLgySiyp7EKyoK1zChOPA=
8,-46,vxZFOUSP1XWdyxTUJ5EGJWv/t2U=,V9n/HYGLgySiyp7EKyoK1zChOPA=
9,-46,vxZFOUSP1XWdyxTUJ5EGJWv/t2U=,V9n/HYGLgySiyp7EKyoK1zChOPA=
15,-47,vxZFOUSP1XWdyxTUJ5EGJWv/t2U=,V9n/HYGLgySiyp7EKyoK1zChOPA=
12,-46,vxZFOUSP1XWdyxTUJ5EGJWv/t2U=,V9n/HYGLgySiyp7EKyoK1zChOPA=
13,-46,vxZFOUSP1XWdyxTUJ5EGJWv/t2U=,V9n/HYGLgySiyp7EKyoK1zChOPA=
15,-46,vxZFOUSP1XWdyxTUJ5EGJWv/t2U=,V9n/HYGLgySiyp7EKyoK1zChOPA=
9,-45,vxZFOUSP1XWdyxTUJ5EGJWv/t2U=,V9n/HYGLgySiyp7EKyoK1zChOPA=
12,-45,vxZFOUSP1XWdyxTUJ5EGJWv/t2U=,V9n/HYGLgySiyp7EKyoK1zChOPA=
13,-45,vxZFOUSP1XWdyxTUJ5EGJWv/t2U=,V9n/HYGLgySiyp7EKyoK1zChOPA=
8,-48,vxZFOUSP1XWdyxTUJ5EGJWv/t2U=,V9n/HYGLgySiyp7EKyoK1zChOPA=
9,-44,vxZFOUSP1XWdyxTUJ5EGJWv/t2U=,V9n/HYGLgySiyp7EKyoK1zChOPA=
15,-45,vxZFOUSP1XWdyxTUJ5EGJWv/t2U=,V9n/HYGLgySiyp7EKyoK1zChOPA=
12,-44,vxZFOUSP1XWdyxTUJ5EGJWv/t2U=,V9n/HYGLgySiyp7EKyoK1zChOPA=
13,-44,vxZFOUSP1XWdyxTUJ5EGJWv/t2U=,V9n/HYGLgySiyp7EKyoK1zChOPA=
9,-48,vxZFOUSP1XWdyxTUJ5EGJWv/t2U=,V9n/HYGLgySiyp7EKyoK1zChOPA=
7,-45,vxZFOUSP1XWdyxTUJ5EGJWv/t2U=,T7kXlmtUgg7LMjRQnbFFDemI2ds=
9,-43,vxZFOUSP1XWdyxTUJ5EGJWv/t2U=,V9n/HYGLgySiyp7EKyoK1zChOPA=
15,-44,vxZFOUSP1XWdyxTUJ5EGJWv/t2U=,V9n/HYGLgySiyp7EKyoK1zChOPA=
12,-43,vxZFOUSP1XWdyxTUJ5EGJWv/t2U=,V9n/HYGLgySiyp7EKyoK1zChOPA=
15,-48,vxZFOUSP1XWdyxTUJ5EGJWv/t2U=,V9n/HYGLgySiyp7EKyoK1zChOPA=
7,-44,vxZFOUSP1XWdyxTUJ5EGJWv/t2U=,T7kXlmtUgg7LMjRQnbFFDemI2ds=
7,-42,vxZFOUSP1XWdyxTUJ5EGJWv/t2U=,T7kXlmtUgg7LMjRQnbFFDemI2ds=
12,-42,vxZFOUSP1XWdyxTUJ5EGJWv/t2U=,V9n/HYGLgySiyp7EKyoK1zChOPA=
15,-42,vxZFOUSP1XWdyxTUJ5EGJWv/t2U=,V9n/HYGLgySiyp7EKyoK1zChOPA=
13,-48,vxZFOUSP1XWdyxTUJ5EGJWv/t2U=,V9n/HYGLgySiyp7EKyoK1zChOPA=
9,-42,vxZFOUSP1XWdyxTUJ5EGJWv/t2U=,V9n/HYGLgySiyp7EKyoK1zChOPA=
7,-43,vxZFOUSP1XWdyxTUJ5EGJWv/t2U=,T7kXlmtUgg7LMjRQnbFFDemI2ds=
12,-48,vxZFOUSP1XWdyxTUJ5EGJWv/t2U=,V9n/HYGLgySiyp7EKyoK1zChOPA=
15,-43,vxZFOUSP1XWdyxTUJ5EGJWv/t2U=,V9n/HYGLgySiyp7EKyoK1zChOPA=
7,-46,vxZFOUSP1XWdyxTUJ5EGJWv/t2U=,T7kXlmtUgg7LMjRQnbFFDemI2ds=
7,-48,vxZFOUSP1XWdyxTUJ5EGJWv/t2U=,T7kXlmtUgg7LMjRQnbFFDemI2ds=
7,-47,vxZFOUSP1XWdyxTUJ5EGJWv/t2U=,T7kXlmtUgg7LMjRQnbFFDemI2ds=
11,-48,vxZFOUSP1XWdyxTUJ5EGJWv/t2U=,V9n/HYGLgySiyp7EKyoK1zChOPA=
10,-47,vxZFOUSP1XWdyxTUJ5EGJWv/t2U=,V9n/HYGLgySiyp7EKyoK1zChOPA=
10,-46,vxZFOUSP1XWdyxTUJ5EGJWv/t2U=,V9n/HYGLgySiyp7EKyoK1zChOPA=
11,-46,vxZFOUSP1XWdyxTUJ5EGJWv/t2U=,V9n/HYGLgySiyp7EKyoK1zChOPA=
11,-47,vxZFOUSP1XWdyxTUJ5EGJWv/t2U=,V9n/HYGLgySiyp7EKyoK1zChOPA=
14,-36,vxZFOUSP1XWdyxTUJ5EGJWv/t2U=,ZN4uqPbQPTRbqayz+XCruVx4KJ4=
7,-41,vxZFOUSP1XWdyxTUJ5EGJWv/t2U=,T7kXlmtUgg7LMjRQnbFFDemI2ds=
15,-33,vxZFOUSP1XWdyxTUJ5EGJWv/t2U=,ZN4uqPbQPTRbqayz+XCruVx4KJ4=
15,-34,vxZFOUSP1XWdyxTUJ5EGJWv/t2U=,ZN4uqPbQPTRbqayz+XCruVx4KJ4=
15,-36,vxZFOUSP1XWdyxTUJ5EGJWv/t2U=,ZN4uqPbQPTRbqayz+XCruVx4KJ4=
8,-35,vxZFOUSP1XWdyxTUJ5EGJWv/t2U=,ZN4uqPbQPTRbqayz+XCruVx4KJ4=
10,-37,vxZFOUSP1XWdyxTUJ5EGJWv/t2U=,ZN4uqPbQPTRbqayz+XCruVx4KJ4=
8,-37,vxZFOUSP1XWdyxTUJ5EGJWv/t2U=,ZN4uqPbQPTRbqayz+XCruVx4KJ4=
14,-34,vxZFOUSP1XWdyxTUJ5EGJWv/t2U=,ZN4uqPbQPTRbqayz+XCruVx4KJ4=
15,-39,vxZFOUSP1XWdyxTUJ5EGJWv/t2U=,ZN4uqPbQPTRbqayz+XCruVx4KJ4=
15,-41,vxZFOUSP1XWdyxTUJ5EGJWv/t2U=,V9n/HYGLgySiyp7EKyoK1zChOPA=
8,-45,vxZFOUSP1XWdyxTUJ5EGJWv/t2U=,V9n/HYGLgySiyp7EKyoK1zChOPA=
15,-38,vxZFOUSP1XWdyxTUJ5EGJWv/t2U=,ZN4uqPbQPTRbqayz+XCruVx4KJ4=
12,-36,vxZFOUSP1XWdyxTUJ5EGJWv/t2U=,ZN4uqPbQPTRbqayz+XCruVx4KJ4=
14,-38,vxZFOUSP1XWdyxTUJ5EGJWv/t2U=,ZN4uqPbQPTRbqayz+XCruVx4KJ4=
12,-38,vxZFOUSP1XWdyxTUJ5EGJWv/t2U=,ZN4uqPbQPTRbqayz+XCruVx4KJ4=
8,-39,vxZFOUSP1XWdyxTUJ5EGJWv/t2U=,ZN4uqPbQPTRbqayz+XCruVx4KJ4=
14,-47,vxZFOUSP1XWdyxTUJ5EGJWv/t2U=,V9n/HYGLgySiyp7EKyoK1zChOPA=
10,-36,vxZFOUSP1XWdyxTUJ5EGJWv/t2U=,ZN4uqPbQPTRbqayz+XCruVx4KJ4=
15,-40,vxZFOUSP1XWdyxTUJ5EGJWv/t2U=,ZN4uqPbQPTRbqayz+XCruVx4KJ4=
8,-38,vxZFOUSP1XWdyxTUJ5EGJWv/t2U=,ZN4uqPbQPTRbqayz+XCruVx4KJ4=
9,-34,vxZFOUSP1XWdyxTUJ5EGJWv/t2U=,ZN4uqPbQPTRbqayz+XCruVx4KJ4=
15,-35,vxZFOUSP1XWdyxTUJ5EGJWv/t2U=,ZN4uqPbQPTRbqayz+XCruVx4KJ4=
8,-34,vxZFOUSP1XWdyxTUJ5EGJWv/t2U=,ZN4uqPbQPTRbqayz+XCruVx4KJ4=
12,-41,vxZFOUSP1XWdyxTUJ5EGJWv/t2U=,V9n/HYGLgySiyp7EKyoK1zChOPA=
14,-46,vxZFOUSP1XWdyxTUJ5EGJWv/t2U=,V9n/HYGLgySiyp7EKyoK1zChOPA=
13,-43,vxZFOUSP1XWdyxTUJ5EGJWv/t2U=,V9n/HYGLgySiyp7EKyoK1zChOPA=
10,-45,vxZFOUSP1XWdyxTUJ5EGJWv/t2U=,V9n/HYGLgySiyp7EKyoK1zChOPA=
9,-41,vxZFOUSP1XWdyxTUJ5EGJWv/t2U=,V9n/HYGLgySiyp7EKyoK1zChOPA=
11,-45,vxZFOUSP1XWdyxTUJ5EGJWv/t2U=,V9n/HYGLgySiyp7EKyoK1zChOPA=
8,-36,vxZFOUSP1XWdyxTUJ5EGJWv/t2U=,ZN4uqPbQPTRbqayz+XCruVx4KJ4=
15,-37,vxZFOUSP1XWdyxTUJ5EGJWv/t2U=,ZN4uqPbQPTRbqayz+XCruVx4KJ4=
14,-35,vxZFOUSP1XWdyxTUJ5EGJWv/t2U=,ZN4uqPbQPTRbqayz+XCruVx4KJ4=
14,-37,vxZFOUSP1XWdyxTUJ5EGJWv/t2U=,ZN4uqPbQPTRbqayz+XCruVx4KJ4=
12,-37,vxZFOUSP1XWdyxTUJ5EGJWv/t2U=,ZN4uqPbQPTRbqayz+XCruVx4KJ4=
12,-40,vxZFOUSP1XWdyxTUJ5EGJWv/t2U=,ZN4uqPbQPTRbqayz+XCruVx4KJ4=
12,-39,vxZFOUSP1XWdyxTUJ5EGJWv/t2U=,ZN4uqPbQPTRbqayz+XCruVx4KJ4=
14,-41,vxZFOUSP1XWdyxTUJ5EGJWv/t2U=,V9n/HYGLgySiyp7EKyoK1zChOPA=
9,-33,vxZFOUSP1XWdyxTUJ5EGJWv/t2U=,ZN4uqPbQPTRbqayz+XCruVx4KJ4=
8,-33,vxZFOUSP1XWdyxTUJ5EGJWv/t2U=,ZN4uqPbQPTRbqayz+XCruVx4KJ4=
10,-48,vxZFOUSP1XWdyxTUJ5EGJWv/t2U=,V9n/HYGLgySiyp7EKyoK1zChOPA=
13,-41,vxZFOUSP1XWdyxTUJ5EGJWv/t2U=,V9n/HYGLgySiyp7EKyoK1zChOPA=
14,-33,vxZFOUSP1XWdyxTUJ5EGJWv/t2U=,ZN4uqPbQPTRbqayz+XCruVx4KJ4=
10,-41,vxZFOUSP1XWdyxTUJ5EGJWv/t2U=,V9n/HYGLgySiyp7EKyoK1zChOPA=
8,-44,vxZFOUSP1XWdyxTUJ5EGJWv/t2U=,V9n/HYGLgySiyp7EKyoK1zChOPA=
9,-35,vxZFOUSP1XWdyxTUJ5EGJWv/t2U=,ZN4uqPbQPTRbqayz+XCruVx4KJ4=
10,-44,vxZFOUSP1XWdyxTUJ5EGJWv/t2U=,V9n/HYGLgySiyp7EKyoK1zChOPA=
8,-41,vxZFOUSP1XWdyxTUJ5EGJWv/t2U=,V9n/HYGLgySiyp7EKyoK1zChOPA=
14,-43,vxZFOUSP1XWdyxTUJ5EGJWv/t2U=,V9n/HYGLgySiyp7EKyoK1zChOPA=
11,-41,vxZFOUSP1XWdyxTUJ5EGJWv/t2U=,V9n/HYGLgySiyp7EKyoK1zChOPA=
10,-35,vxZFOUSP1XWdyxTUJ5EGJWv/t2U=,ZN4uqPbQPTRbqayz+XCruVx4KJ4=
11,-44,vxZFOUSP1XWdyxTUJ5EGJWv/t2U=,V9n/HYGLgySiyp7EKyoK1zChOPA=
8,-43,vxZFOUSP1XWdyxTUJ5EGJWv/t2U=,V9n/HYGLgySiyp7EKyoK1zChOPA=
14,-48,vxZFOUSP1XWdyxTUJ5EGJWv/t2U=,V9n/HYGLgySiyp7EKyoK1zChOPA=
10,-43,vxZFOUSP1XWdyxTUJ5EGJWv/t2U=,V9n/HYGLgySiyp7EKyoK1zChOPA=
8,-42,vxZFOUSP1XWdyxTUJ5EGJWv/t2U=,V9n/HYGLgySiyp7EKyoK1zChOPA=
14,-44,vxZFOUSP1XWdyxTUJ5EGJWv/t2U=,V9n/HYGLgySiyp7EKyoK1zChOPA=
10,-40,vxZFOUSP1XWdyxTUJ5EGJWv/t2U=,ZN4uqPbQPTRbqayz+XCruVx4KJ4=
11,-35,vxZFOUSP1XWdyxTUJ5EGJWv/t2U=,ZN4uqPbQPTRbqayz+XCruVx4KJ4=
11,-43,vxZFOUSP1XWdyxTUJ5EGJWv/t2U=,V9n/HYGLgySiyp7EKyoK1zChOPA=
13,-42,vxZFOUSP1XWdyxTUJ5EGJWv/t2U=,V9n/HYGLgySiyp7EKyoK1zChOPA=
10,-42,vxZFOUSP1XWdyxTUJ5EGJWv/t2U=,V9n/HYGLgySiyp7EKyoK1zChOPA=
14,-42,vxZFOUSP1XWdyxTUJ5EGJWv/t2U=,V9n/HYGLgySiyp7EKyoK1zChOPA=
11,-39,vxZFOUSP1XWdyxTUJ5EGJWv/t2U=,ZN4uqPbQPTRbqayz+XCruVx4KJ4=
11,-42,vxZFOUSP1XWdyxTUJ5EGJWv/t2U=,V9n/HYGLgySiyp7EKyoK1zChOPA=
13,-33,vxZFOUSP1XWdyxTUJ5EGJWv/t2U=,ZN4uqPbQPTRbqayz+XCruVx4KJ4=
13,-39,vxZFOUSP1XWdyxTUJ5EGJWv/t2U=,ZN4uqPbQPTRbqayz+XCruVx4KJ4=
10,-33,vxZFOUSP1XWdyxTUJ5EGJWv/t2U=,ZN4uqPbQPTRbqayz+XCruVx4KJ4=
9,-38,vxZFOUSP1XWdyxTUJ5EGJWv/t2U=,ZN4uqPbQPTRbqayz+XCruVx4KJ4=
14,-45,vxZFOUSP1XWdyxTUJ5EGJWv/t2U=,V9n/HYGLgySiyp7EKyoK1zChOPA=
12,-33,vxZFOUSP1XWdyxTUJ5EGJWv/t2U=,ZN4uqPbQPTRbqayz+XCruVx4KJ4=
11,-40,vxZFOUSP1XWdyxTUJ5EGJWv/t2U=,ZN4uqPbQPTRbqayz+XCruVx4KJ4=
10,-39,vxZFOUSP1XWdyxTUJ5EGJWv/t2U=,ZN4uqPbQPTRbqayz+XCruVx4KJ4=
12,-34,vxZFOUSP1XWdyxTUJ5EGJWv/t2U=,ZN4uqPbQPTRbqayz+XCruVx4KJ4=
11,-34,vxZFOUSP1XWdyxTUJ5EGJWv/t2U=,ZN4uqPbQPTRbqayz+XCruVx4KJ4=
12,-35,vxZFOUSP1XWdyxTUJ5EGJWv/t2U=,ZN4uqPbQPTRbqayz+XCruVx4KJ4=
9,-37,vxZFOUSP1XWdyxTUJ5EGJWv/t2U=,ZN4uqPbQPTRbqayz+XCruVx4KJ4=
10,-34,vxZFOUSP1XWdyxTUJ5EGJWv/t2U=,ZN4uqPbQPTRbqayz+XCruVx4KJ4=
11,-37,vxZFOUSP1XWdyxTUJ5EGJWv/t2U=,ZN4uqPbQPTRbqayz+XCruVx4KJ4=
9,-40,vxZFOUSP1XWdyxTUJ5EGJWv/t2U=,ZN4uqPbQPTRbqayz+XCruVx4KJ4=
9,-39,vxZFOUSP1XWdyxTUJ5EGJWv/t2U=,ZN4uqPbQPTRbqayz+XCruVx4KJ4=
8,-40,vxZFOUSP1XWdyxTUJ5EGJWv/t2U=,ZN4uqPbQPTRbqayz+XCruVx4KJ4=
10,-38,vxZFOUSP1XWdyxTUJ5EGJWv/t2U=,ZN4uqPbQPTRbqayz+XCruVx4KJ4=
13,-34,vxZFOUSP1XWdyxTUJ5EGJWv/t2U=,ZN4uqPbQPTRbqayz+XCruVx4KJ4=
9,-36,vxZFOUSP1XWdyxTUJ5EGJWv/t2U=,ZN4uqPbQPTRbqayz+XCruVx4KJ4=
13,-36,vxZFOUSP1XWdyxTUJ5EGJWv/t2U=,ZN4uqPbQPTRbqayz+XCruVx4KJ4=
14,-39,vxZFOUSP1XWdyxTUJ5EGJWv/t2U=,ZN4uqPbQPTRbqayz+XCruVx4KJ4=
14,-40,vxZFOUSP1XWdyxTUJ5EGJWv/t2U=,ZN4uqPbQPTRbqayz+XCruVx4KJ4=
11,-38,vxZFOUSP1XWdyxTUJ5EGJWv/t2U=,ZN4uqPbQPTRbqayz+XCruVx4KJ4=
13,-38,vxZFOUSP1XWdyxTUJ5EGJWv/t2U=,ZN4uqPbQPTRbqayz+XCruVx4KJ4=
11,-36,vxZFOUSP1XWdyxTUJ5EGJWv/t2U=,ZN4uqPbQPTRbqayz+XCruVx4KJ4=
13,-35,vxZFOUSP1XWdyxTUJ5EGJWv/t2U=,ZN4uqPbQPTRbqayz+XCruVx4KJ4=
11,-33,vxZFOUSP1XWdyxTUJ5EGJWv/t2U=,ZN4uqPbQPTRbqayz+XCruVx4KJ4=
13,-40,vxZFOUSP1XWdyxTUJ5EGJWv/t2U=,ZN4uqPbQPTRbqayz+XCruVx4KJ4=
13,-37,vxZFOUSP1XWdyxTUJ5EGJWv/t2U=,ZN4uqPbQPTRbqayz+XCruVx4KJ4=
