393,30,4Rj8p1yrr7ldxTI4yh0wdSmzkqk=,lqNqXYIBCkFOxKIob+lHbpgeWtg=
399,29,4Rj8p1yrr7ldxTI4yh0wdSmzkqk=,lqNqXYIBCkFOxKIob+lHbpgeWtg=
398,29,4Rj8p1yrr7ldxTI4yh0wdSmzkqk=,lqNqXYIBCkFOxKIob+lHbpgeWtg=
397,29,4Rj8p1yrr7ldxTI4yh0wdSmzkqk=,lqNqXYIBCkFOxKIob+lHbpgeWtg=
394,30,4Rj8p1yrr7ldxTI4yh0wdSmzkqk=,lqNqXYIBCkFOxKIob+lHbpgeWtg=
395,30,4Rj8p1yrr7ldxTI4yh0wdSmzkqk=,lqNqXYIBCkFOxKIob+lHbpgeWtg=
396,29,4Rj8p1yrr7ldxTI4yh0wdSmzkqk=,lqNqXYIBCkFOxKIob+lHbpgeWtg=
395,29,4Rj8p1yrr7ldxTI4yh0wdSmzkqk=,lqNqXYIBCkFOxKIob+lHbpgeWtg=
397,30,4Rj8p1yrr7ldxTI4yh0wdSmzkqk=,lqNqXYIBCkFOxKIob+lHbpgeWtg=
393,24,4Rj8p1yrr7ldxTI4yh0wdSmzkqk=,lqNqXYIBCkFOxKIob+lHbpgeWtg=
396,30,4Rj8p1yrr7ldxTI4yh0wdSmzkqk=,lqNqXYIBCkFOxKIob+lHbpgeWtg=
394,24,4Rj8p1yrr7ldxTI4yh0wdSmzkqk=,lqNqXYIBCkFOxKIob+lHbpgeWtg=
393,29,4Rj8p1yrr7ldxTI4yh0wdSmzkqk=,lqNqXYIBCkFOxKIob+lHbpgeWtg=
394,29,4Rj8p1yrr7ldxTI4yh0wdSmzkqk=,lqNqXYIBCkFOxKIob+lHbpgeWtg=
393,26,4Rj8p1yrr7ldxTI4yh0wdSmzkqk=,lqNqXYIBCkFOxKIob+lHbpgeWtg=
395,26,4Rj8p1yrr7ldxTI4yh0wdSmzkqk=,lqNqXYIBCkFOxKIob+lHbpgeWtg=
394,26,4Rj8p1yrr7ldxTI4yh0wdSmzkqk=,lqNqXYIBCkFOxKIob+lHbpgeWtg=
396,26,4Rj8p1yrr7ldxTI4yh0wdSmzkqk=,lqNqXYIBCkFOxKIob+lHbpgeWtg=
399,28,4Rj8p1yrr7ldxTI4yh0wdSmzkqk=,lqNqXYIBCkFOxKIob+lHbpgeWtg=
397,26,4Rj8p1yrr7ldxTI4yh0wdSmzkqk=,lqNqXYIBCkFOxKIob+lHbpgeWtg=
398,28,4Rj8p1yrr7ldxTI4yh0wdSmzkqk=,lqNqXYIBCkFOxKIob+lHbpgeWtg=
397,28,4Rj8p1yrr7ldxTI4yh0wdSmzkqk=,lqNqXYIBCkFOxKIob+lHbpgeWtg=
399,26,4Rj8p1yrr7ldxTI4yh0wdSmzkqk=,lqNqXYIBCkFOxKIob+lHbpgeWtg=
398,26,4Rj8p1yrr7ldxTI4yh0wdSmzkqk=,lqNqXYIBCkFOxKIob+lHbpgeWtg=
393,27,4Rj8p1yrr7ldxTI4yh0wdSmzkqk=,lqNqXYIBCkFOxKIob+lHbpgeWtg=
395,27,4Rj8p1yrr7ldxTI4yh0wdSmzkqk=,lqNqXYIBCkFOxKIob+lHbpgeWtg=
394,27,4Rj8p1yrr7ldxTI4yh0wdSmzkqk=,lqNqXYIBCkFOxKIob+lHbpgeWtg=
395,24,4Rj8p1yrr7ldxTI4yh0wdSmzkqk=,lqNqXYIBCkFOxKIob+lHbpgeWtg=
396,27,4Rj8p1yrr7ldxTI4yh0wdSmzkqk=,lqNqXYIBCkFOxKIob+lHbpgeWtg=
398,30,4Rj8p1yrr7ldxTI4yh0wdSmzkqk=,lqNqXYIBCkFOxKIob+lHbpgeWtg=
399,30,4Rj8p1yrr7ldxTI4yh0wdSmzkqk=,lqNqXYIBCkFOxKIob+lHbpgeWtg=
397,27,4Rj8p1yrr7ldxTI4yh0wdSmzkqk=,lqNqXYIBCkFOxKIob+lHbpgeWtg=
398,27,4Rj8p1yrr7ldxTI4yh0wdSmzkqk=,lqNqXYIBCkFOxKIob+lHbpgeWtg=
393,31,4Rj8p1yrr7ldxTI4yh0wdSmzkqk=,lqNqXYIBCkFOxKIob+lHbpgeWtg=
394,31,4Rj8p1yrr7ldxTI4yh0wdSmzkqk=,lqNqXYIBCkFOxKIob+lHbpgeWtg=
396,24,4Rj8p1yrr7ldxTI4yh0wdSmzkqk=,lqNqXYIBCkFOxKIob+lHbpgeWtg=
399,27,4Rj8p1yrr7ldxTI4yh0wdSmzkqk=,lqNqXYIBCkFOxKIob+lHbpgeWtg=
395,31,4Rj8p1yrr7ldxTI4yh0wdSmzkqk=,lqNqXYIBCkFOxKIob+lHbpgeWtg=
396,31,4Rj8p1yrr7ldxTI4yh0wdSmzkqk=,lqNqXYIBCkFOxKIob+lHbpgeWtg=
397,31,4Rj8p1yrr7ldxTI4yh0wdSmzkqk=,lqNqXYIBCkFOxKIob+lHbpgeWtg=
397,24,4Rj8p1yrr7ldxTI4yh0wdSmzkqk=,lqNqXYIBCkFOxKIob+lHbpgeWtg=
393,28,4Rj8p1yrr7ldxTI4yh0wdSmzkqk=,lqNqXYIBCkFOxKIob+lHbpgeWtg=
398,24,4Rj8p1yrr7ldxTI4yh0wdSmzkqk=,lqNqXYIBCkFOxKIob+lHbpgeWtg=
394,28,4Rj8p1yrr7ldxTI4yh0wdSmzkqk=,lqNqXYIBCkFOxKIob+lHbpgeWtg=
398,31,4Rj8p1yrr7ldxTI4yh0wdSmzkqk=,lqNqXYIBCkFOxKIob+lHbpgeWtg=
399,24,4Rj8p1yrr7ldxTI4yh0wdSmzkqk=,lqNqXYIBCkFOxKIob+lHbpgeWtg=
399,31,4Rj8p1yrr7ldxTI4yh0wdSmzkqk=,lqNqXYIBCkFOxKIob+lHbpgeWtg=
395,28,4Rj8p1yrr7ldxTI4yh0wdSmzkqk=,lqNqXYIBCkFOxKIob+lHbpgeWtg=
396,28,4Rj8p1yrr7ldxTI4yh0wdSmzkqk=,lqNqXYIBCkFOxKIob+lHbpgeWtg=
399,25,4Rj8p1yrr7ldxTI4yh0wdSmzkqk=,lqNqXYIBCkFOxKIob+lHbpgeWtg=
398,25,4Rj8p1yrr7ldxTI4yh0wdSmzkqk=,lqNqXYIBCkFOxKIob+lHbpgeWtg=
396,25,4Rj8p1yrr7ldxTI4yh0wdSmzkqk=,lqNqXYIBCkFOxKIob+lHbpgeWtg=
397,25,4Rj8p1yrr7ldxTI4yh0wdSmzkqk=,lqNqXYIBCkFOxKIob+lHbpgeWtg=
391,28,4Rj8p1yrr7ldxTI4yh0wdSmzkqk=,4vpkwKc3GzJvwQrj8o2XOSTK+Hk=
391,24,4Rj8p1yrr7ldxTI4yh0wdSmzkqk=,4vpkwKc3GzJvwQrj8o2XOSTK+Hk=
384,26,4Rj8p1yrr7ldxTI4yh0wdSmzkqk=,4vpkwKc3GzJvwQrj8o2XOSTK+Hk=
391,26,4Rj8p1yrr7ldxTI4yh0wdSmzkqk=,4vpkwKc3GzJvwQrj8o2XOSTK+Hk=
384,29,4Rj8p1yrr7ldxTI4yh0wdSmzkqk=,4vpkwKc3GzJvwQrj8o2XOSTK+Hk=
392,29,4Rj8p1yrr7ldxTI4yh0wdSmzkqk=,lqNqXYIBCkFOxKIob+lHbpgeWtg=
385,26,4Rj8p1yrr7ldxTI4yh0wdSmzkqk=,4vpkwKc3GzJvwQrj8o2XOSTK+Hk=
392,30,4Rj8p1yrr7ldxTI4yh0wdSmzkqk=,lqNqXYIBCkFOxKIob+lHbpgeWtg=
384,24,4Rj8p1yrr7ldxTI4yh0wdSmzkqk=,4vpkwKc3GzJvwQrj8o2XOSTK+Hk=
385,29,4Rj8p1yrr7ldxTI4yh0wdSmzkqk=,4vpkwKc3GzJvwQrj8o2XOSTK+Hk=
386,26,4Rj8p1yrr7ldxTI4yh0wdSmzkqk=,4vpkwKc3GzJvwQrj8o2XOSTK+Hk=
386,24,4Rj8p1yrr7ldxTI4yh0wdSmzkqk=,4vpkwKc3GzJvwQrj8o2XOSTK+Hk=
386,29,4Rj8p1yrr7ldxTI4yh0wdSmzkqk=,4vpkwKc3GzJvwQrj8o2XOSTK+Hk=
385,24,4Rj8p1yrr7ldxTI4yh0wdSmzkqk=,4vpkwKc3GzJvwQrj8o2XOSTK+Hk=
387,29,4Rj8p1yrr7ldxTI4yh0wdSmzkqk=,4vpkwKc3GzJvwQrj8o2XOSTK+Hk=
388,29,4Rj8p1yrr7ldxTI4yh0wdSmzkqk=,4vpkwKc3GzJvwQrj8o2XOSTK+Hk=
389,29,4Rj8p1yrr7ldxTI4yh0wdSmzkqk=,4vpkwKc3GzJvwQrj8o2XOSTK+Hk=
390,29,4Rj8p1yrr7ldxTI4yh0wdSmzkqk=,4vpkwKc3GzJvwQrj8o2XOSTK+Hk=
391,27,4Rj8p1yrr7ldxTI4yh0wdSmzkqk=,4vpkwKc3GzJvwQrj8o2XOSTK+Hk=
391,29,4Rj8p1yrr7ldxTI4yh0wdSmzkqk=,4vpkwKc3GzJvwQrj8o2XOSTK+Hk=
384,30,4Rj8p1yrr7ldxTI4yh0wdSmzkqk=,4vpkwKc3GzJvwQrj8o2XOSTK+Hk=
385,30,4Rj8p1yrr7ldxTI4yh0wdSmzkqk=,4vpkwKc3GzJvwQrj8o2XOSTK+Hk=
386,30,4Rj8p1yrr7ldxTI4yh0wdSmzkqk=,4vpkwKc3GzJvwQrj8o2XOSTK+Hk=
390,28,4Rj8p1yrr7ldxTI4yh0wdSmzkqk=,4vpkwKc3GzJvwQrj8o2XOSTK+Hk=
387,30,4Rj8p1yrr7ldxTI4yh0wdSmzkqk=,4vpkwKc3GzJvwQrj8o2XOSTK+Hk=
390,26,4Rj8p1yrr7ldxTI4yh0wdSmzkqk=,4vpkwKc3GzJvwQrj8o2XOSTK+Hk=
388,30,4Rj8p1yrr7ldxTI4yh0wdSmzkqk=,4vpkwKc3GzJvwQrj8o2XOSTK+Hk=
384,28,4Rj8p1yrr7ldxTI4yh0wdSmzkqk=,4vpkwKc3GzJvwQrj8o2XOSTK+Hk=
389,28,4Rj8p1yrr7ldxTI4yh0wdSmzkqk=,4vpkwKc3GzJvwQrj8o2XOSTK+Hk=
384,27,4Rj8p1yrr7ldxTI4yh0wdSmzkqk=,4vpkwKc3GzJvwQrj8o2XOSTK+Hk=
392,28,4Rj8p1yrr7ldxTI4yh0wdSmzkqk=,lqNqXYIBCkFOxKIob+lHbpgeWtg=
389,26,4Rj8p1yrr7ldxTI4yh0wdSmzkqk=,4vpkwKc3GzJvwQrj8o2XOSTK+Hk=
392,31,4Rj8p1yrr7ldxTI4yh0wdSmzkqk=,lqNqXYIBCkFOxKIob+lHbpgeWtg=
385,27,4Rj8p1yrr7ldxTI4yh0wdSmzkqk=,4vpkwKc3GzJvwQrj8o2XOSTK+Hk=
389,30,4Rj8p1yrr7ldxTI4yh0wdSmzkqk=,4vpkwKc3GzJvwQrj8o2XOSTK+Hk=
390,27,4Rj8p1yrr7ldxTI4yh0wdSmzkqk=,4vpkwKc3GzJvwQrj8o2XOSTK+Hk=
390,30,4Rj8p1yrr7ldxTI4yh0wdSmzkqk=,4vpkwKc3GzJvwQrj8o2XOSTK+Hk=
391,30,4Rj8p1yrr7ldxTI4yh0wdSmzkqk=,4vpkwKc3GzJvwQrj8o2XOSTK+Hk=
392,27,4Rj8p1yrr7ldxTI4yh0wdSmzkqk=,lqNqXYIBCkFOxKIob+lHbpgeWtg=
389,27,4Rj8p1yrr7ldxTI4yh0wdSmzkqk=,4vpkwKc3GzJvwQrj8o2XOSTK+Hk=
386,27,4Rj8p1yrr7ldxTI4yh0wdSmzkqk=,4vpkwKc3GzJvwQrj8o2XOSTK+Hk=
384,31,4Rj8p1yrr7ldxTI4yh0wdSmzkqk=,4vpkwKc3GzJvwQrj8o2XOSTK+Hk=
385,31,4Rj8p1yrr7ldxTI4yh0wdSmzkqk=,4vpkwKc3GzJvwQrj8o2XOSTK+Hk=
386,31,4Rj8p1yrr7ldxTI4yh0wdSmzkqk=,4vpkwKc3GzJvwQrj8o2XOSTK+Hk=
387,31,4Rj8p1yrr7ldxTI4yh0wdSmzkqk=,4vpkwKc3GzJvwQrj8o2XOSTK+Hk=
388,31,4Rj8p1yrr7ldxTI4yh0wdSmzkqk=,4vpkwKc3GzJvwQrj8o2XOSTK+Hk=
389,31,4Rj8p1yrr7ldxTI4yh0wdSmzkqk=,4vpkwKc3GzJvwQrj8o2XOSTK+Hk=
387,27,4Rj8p1yrr7ldxTI4yh0wdSmzkqk=,4vpkwKc3GzJvwQrj8o2XOSTK+Hk=
390,31,4Rj8p1yrr7ldxTI4yh0wdSmzkqk=,4vpkwKc3GzJvwQrj8o2XOSTK+Hk=
391,31,4Rj8p1yrr7ldxTI4yh0wdSmzkqk=,4vpkwKc3GzJvwQrj8o2XOSTK+Hk=
390,24,4Rj8p1yrr7ldxTI4yh0wdSmzkqk=,4vpkwKc3GzJvwQrj8o2XOSTK+Hk=
385,28,4Rj8p1yrr7ldxTI4yh0wdSmzkqk=,4vpkwKc3GzJvwQrj8o2XOSTK+Hk=
388,24,4Rj8p1yrr7ldxTI4yh0wdSmzkqk=,4vpkwKc3GzJvwQrj8o2XOSTK+Hk=
387,26,4Rj8p1yrr7ldxTI4yh0wdSmzkqk=,4vpkwKc3GzJvwQrj8o2XOSTK+Hk=
388,26,4Rj8p1yrr7ldxTI4yh0wdSmzkqk=,4vpkwKc3GzJvwQrj8o2XOSTK+Hk=
386,28,4Rj8p1yrr7ldxTI4yh0wdSmzkqk=,4vpkwKc3GzJvwQrj8o2XOSTK+Hk=
392,24,4Rj8p1yrr7ldxTI4yh0wdSmzkqk=,lqNqXYIBCkFOxKIob+lHbpgeWtg=
387,24,4Rj8p1yrr7ldxTI4yh0wdSmzkqk=,4vpkwKc3GzJvwQrj8o2XOSTK+Hk=
392,26,4Rj8p1yrr7ldxTI4yh0wdSmzkqk=,lqNqXYIBCkFOxKIob+lHbpgeWtg=
388,27,4Rj8p1yrr7ldxTI4yh0wdSmzkqk=,4vpkwKc3GzJvwQrj8o2XOSTK+Hk=
387,28,4Rj8p1yrr7ldxTI4yh0wdSmzkqk=,4vpkwKc3GzJvwQrj8o2XOSTK+Hk=
389,24,4Rj8p1yrr7ldxTI4yh0wdSmzkqk=,4vpkwKc3GzJvwQrj8o2XOSTK+Hk=
388,28,4Rj8p1yrr7ldxTI4yh0wdSmzkqk=,4vpkwKc3GzJvwQrj8o2XOSTK+Hk=
388,25,4Rj8p1yrr7ldxTI4yh0wdSmzkqk=,4vpkwKc3GzJvwQrj8o2XOSTK+Hk=
393,25,4Rj8p1yrr7ldxTI4yh0wdSmzkqk=,lqNqXYIBCkFOxKIob+lHbpgeWtg=
390,25,4Rj8p1yrr7ldxTI4yh0wdSmzkqk=,4vpkwKc3GzJvwQrj8o2XOSTK+Hk=
384,25,4Rj8p1yrr7ldxTI4yh0wdSmzkqk=,4vpkwKc3GzJvwQrj8o2XOSTK+Hk=
386,25,4Rj8p1yrr7ldxTI4yh0wdSmzkqk=,4vpkwKc3GzJvwQrj8o2XOSTK+Hk=
392,25,4Rj8p1yrr7ldxTI4yh0wdSmzkqk=,lqNqXYIBCkFOxKIob+lHbpgeWtg=
385,25,4Rj8p1yrr7ldxTI4yh0wdSmzkqk=,4vpkwKc3GzJvwQrj8o2XOSTK+Hk=
389,25,4Rj8p1yrr7ldxTI4yh0wdSmzkqk=,4vpkwKc3GzJvwQrj8o2XOSTK+Hk=
387,25,4Rj8p1yrr7ldxTI4yh0wdSmzkqk=,4vpkwKc3GzJvwQrj8o2XOSTK+Hk=
391,25,4Rj8p1yrr7ldxTI4yh0wdSmzkqk=,4vpkwKc3GzJvwQrj8o2XOSTK+Hk=
395,25,4Rj8p1yrr7ldxTI4yh0wdSmzkqk=,lqNqXYIBCkFOxKIob+lHbpgeWtg=
394,25,4Rj8p1yrr7ldxTI4yh0wdSmzkqk=,lqNqXYIBCkFOxKIob+lHbpgeWtg=
414,29,4Rj8p1yrr7ldxTI4yh0wdSmzkqk=,rHSrVTb7VZIlOuwu7E5SZ4Xb5PU=
415,29,4Rj8p1yrr7ldxTI4yh0wdSmzkqk=,rHSrVTb7VZIlOuwu7E5SZ4Xb5PU=
409,30,4Rj8p1yrr7ldxTI4yh0wdSmzkqk=,rHSrVTb7VZIlOuwu7E5SZ4Xb5PU=
410,30,4Rj8p1yrr7ldxTI4yh0wdSmzkqk=,rHSrVTb7VZIlOuwu7E5SZ4Xb5PU=
413,29,4Rj8p1yrr7ldxTI4yh0wdSmzkqk=,rHSrVTb7VZIlOuwu7E5SZ4Xb5PU=
411,29,4Rj8p1yrr7ldxTI4yh0wdSmzkqk=,rHSrVTb7VZIlOuwu7E5SZ4Xb5PU=
411,30,4Rj8p1yrr7ldxTI4yh0wdSmzkqk=,rHSrVTb7VZIlOuwu7E5SZ4Xb5PU=
409,29,4Rj8p1yrr7ldxTI4yh0wdSmzkqk=,rHSrVTb7VZIlOuwu7E5SZ4Xb5PU=
414,28,4Rj8p1yrr7ldxTI4yh0wdSmzkqk=,rHSrVTb7VZIlOuwu7E5SZ4Xb5PU=
410,29,4Rj8p1yrr7ldxTI4yh0wdSmzkqk=,rHSrVTb7VZIlOuwu7E5SZ4Xb5PU=
412,29,4Rj8p1yrr7ldxTI4yh0wdSmzkqk=,rHSrVTb7VZIlOuwu7E5SZ4Xb5PU=
409,24,4Rj8p1yrr7ldxTI4yh0wdSmzkqk=,rHSrVTb7VZIlOuwu7E5SZ4Xb5PU=
412,30,4Rj8p1yrr7ldxTI4yh0wdSmzkqk=,rHSrVTb7VZIlOuwu7E5SZ4Xb5PU=
413,28,4Rj8p1yrr7ldxTI4yh0wdSmzkqk=,rHSrVTb7VZIlOuwu7E5SZ4Xb5PU=
412,28,4Rj8p1yrr7ldxTI4yh0wdSmzkqk=,rHSrVTb7VZIlOuwu7E5SZ4Xb5PU=
410,28,4Rj8p1yrr7ldxTI4yh0wdSmzkqk=,rHSrVTb7VZIlOuwu7E5SZ4Xb5PU=
411,28,4Rj8p1yrr7ldxTI4yh0wdSmzkqk=,rHSrVTb7VZIlOuwu7E5SZ4Xb5PU=
413,30,4Rj8p1yrr7ldxTI4yh0wdSmzkqk=,rHSrVTb7VZIlOuwu7E5SZ4Xb5PU=
409,28,4Rj8p1yrr7ldxTI4yh0wdSmzkqk=,rHSrVTb7VZIlOuwu7E5SZ4Xb5PU=
415,28,4Rj8p1yrr7ldxTI4yh0wdSmzkqk=,rHSrVTb7VZIlOuwu7E5SZ4Xb5PU=
414,27,4Rj8p1yrr7ldxTI4yh0wdSmzkqk=,rHSrVTb7VZIlOuwu7E5SZ4Xb5PU=
415,27,4Rj8p1yrr7ldxTI4yh0wdSmzkqk=,rHSrVTb7VZIlOuwu7E5SZ4Xb5PU=
414,30,4Rj8p1yrr7ldxTI4yh0wdSmzkqk=,rHSrVTb7VZIlOuwu7E5SZ4Xb5PU=
413,27,4Rj8p1yrr7ldxTI4yh0wdSmzkqk=,rHSrVTb7VZIlOuwu7E5SZ4Xb5PU=
412,27,4Rj8p1yrr7ldxTI4yh0wdSmzkqk=,rHSrVTb7VZIlOuwu7E5SZ4Xb5PU=
410,27,4Rj8p1yrr7ldxTI4yh0wdSmzkqk=,rHSrVTb7VZIlOuwu7E5SZ4Xb5PU=
415,30,4Rj8p1yrr7ldxTI4yh0wdSmzkqk=,rHSrVTb7VZIlOuwu7E5SZ4Xb5PU=
409,27,4Rj8p1yrr7ldxTI4yh0wdSmzkqk=,rHSrVTb7VZIlOuwu7E5SZ4Xb5PU=
411,27,4Rj8p1yrr7ldxTI4yh0wdSmzkqk=,rHSrVTb7VZIlOuwu7E5SZ4Xb5PU=
409,31,4Rj8p1yrr7ldxTI4yh0wdSmzkqk=,rHSrVTb7VZIlOuwu7E5SZ4Xb5PU=
415,26,4Rj8p1yrr7ldxTI4yh0wdSmzkqk=,rHSrVTb7VZIlOuwu7E5SZ4Xb5PU=
413,26,4Rj8p1yrr7ldxTI4yh0wdSmzkqk=,rHSrVTb7VZIlOuwu7E5SZ4Xb5PU=
414,26,4Rj8p1yrr7ldxTI4yh0wdSmzkqk=,rHSrVTb7VZIlOuwu7E5SZ4Xb5PU=
410,24,4Rj8p1yrr7ldxTI4yh0wdSmzkqk=,rHSrVTb7VZIlOuwu7E5SZ4Xb5PU=
412,26,4Rj8p1yrr7ldxTI4yh0wdSmzkqk=,rHSrVTb7VZIlOuwu7E5SZ4Xb5PU=
410,26,4Rj8p1yrr7ldxTI4yh0wdSmzkqk=,rHSrVTb7VZIlOuwu7E5SZ4Xb5PU=
411,26,4Rj8p1yrr7ldxTI4yh0wdSmzkqk=,rHSrVTb7VZIlOuwu7E5SZ4Xb5PU=
409,26,4Rj8p1yrr7ldxTI4yh0wdSmzkqk=,rHSrVTb7VZIlOuwu7E5SZ4Xb5PU=
410,31,4Rj8p1yrr7ldxTI4yh0wdSmzkqk=,rHSrVTb7VZIlOuwu7E5SZ4Xb5PU=
411,31,4Rj8p1yrr7ldxTI4yh0wdSmzkqk=,rHSrVTb7VZIlOuwu7E5SZ4Xb5PU=
412,31,4Rj8p1yrr7ldxTI4yh0wdSmzkqk=,rHSrVTb7VZIlOuwu7E5SZ4Xb5PU=
413,24,4Rj8p1yrr7ldxTI4yh0wdSmzkqk=,rHSrVTb7VZIlOuwu7E5SZ4Xb5PU=
415,24,4Rj8p1yrr7ldxTI4yh0wdSmzkqk=,rHSrVTb7VZIlOuwu7E5SZ4Xb5PU=
414,24,4Rj8p1yrr7ldxTI4yh0wdSmzkqk=,rHSrVTb7VZIlOuwu7E5SZ4Xb5PU=
412,24,4Rj8p1yrr7ldxTI4yh0wdSmzkqk=,rHSrVTb7VZIlOuwu7E5SZ4Xb5PU=
413,31,4Rj8p1yrr7ldxTI4yh0wdSmzkqk=,rHSrVTb7VZIlOuwu7E5SZ4Xb5PU=
415,31,4Rj8p1yrr7ldxTI4yh0wdSmzkqk=,rHSrVTb7VZIlOuwu7E5SZ4Xb5PU=
411,24,4Rj8p1yrr7ldxTI4yh0wdSmzkqk=,rHSrVTb7VZIlOuwu7E5SZ4Xb5PU=
414,31,4Rj8p1yrr7ldxTI4yh0wdSmzkqk=,rHSrVTb7VZIlOuwu7E5SZ4Xb5PU=
412,25,4Rj8p1yrr7ldxTI4yh0wdSmzkqk=,rHSrVTb7VZIlOuwu7E5SZ4Xb5PU=
407,26,4Rj8p1yrr7ldxTI4yh0wdSmzkqk=,HdBCMJhlng3WRBjoGMWiWGU4pQk=
407,24,4Rj8p1yrr7ldxTI4yh0wdSmzkqk=,HdBCMJhlng3WRBjoGMWiWGU4pQk=
406,26,4Rj8p1yrr7ldxTI4yh0wdSmzkqk=,HdBCMJhlng3WRBjoGMWiWGU4pQk=
403,29,4Rj8p1yrr7ldxTI4yh0wdSmzkqk=,HdBCMJhlng3WRBjoGMWiWGU4pQk=
403,31,4Rj8p1yrr7ldxTI4yh0wdSmzkqk=,HdBCMJhlng3WRBjoGMWiWGU4pQk=
404,26,4Rj8p1yrr7ldxTI4yh0wdSmzkqk=,HdBCMJhlng3WRBjoGMWiWGU4pQk=
405,26,4Rj8p1yrr7ldxTI4yh0wdSmzkqk=,HdBCMJhlng3WRBjoGMWiWGU4pQk=
408,29,4Rj8p1yrr7ldxTI4yh0wdSmzkqk=,rHSrVTb7VZIlOuwu7E5SZ4Xb5PU=
408,30,4Rj8p1yrr7ldxTI4yh0wdSmzkqk=,rHSrVTb7VZIlOuwu7E5SZ4Xb5PU=
402,29,4Rj8p1yrr7ldxTI4yh0wdSmzkqk=,HdBCMJhlng3WRBjoGMWiWGU4pQk=
405,24,4Rj8p1yrr7ldxTI4yh0wdSmzkqk=,HdBCMJhlng3WRBjoGMWiWGU4pQk=
404,31,4Rj8p1yrr7ldxTI4yh0wdSmzkqk=,HdBCMJhlng3WRBjoGMWiWGU4pQk=
402,31,4Rj8p1yrr7ldxTI4yh0wdSmzkqk=,HdBCMJhlng3WRBjoGMWiWGU4pQk=
400,28,4Rj8p1yrr7ldxTI4yh0wdSmzkqk=,HdBCMJhlng3WRBjoGMWiWGU4pQk=
401,28,4Rj8p1yrr7ldxTI4yh0wdSmzkqk=,HdBCMJhlng3WRBjoGMWiWGU4pQk=
405,31,4Rj8p1yrr7ldxTI4yh0wdSmzkqk=,HdBCMJhlng3WRBjoGMWiWGU4pQk=
408,28,4Rj8p1yrr7ldxTI4yh0wdSmzkqk=,rHSrVTb7VZIlOuwu7E5SZ4Xb5PU=
401,29,4Rj8p1yrr7ldxTI4yh0wdSmzkqk=,HdBCMJhlng3WRBjoGMWiWGU4pQk=
403,26,4Rj8p1yrr7ldxTI4yh0wdSmzkqk=,HdBCMJhlng3WRBjoGMWiWGU4pQk=
400,24,4Rj8p1yrr7ldxTI4yh0wdSmzkqk=,HdBCMJhlng3WRBjoGMWiWGU4pQk=
402,30,4Rj8p1yrr7ldxTI4yh0wdSmzkqk=,HdBCMJhlng3WRBjoGMWiWGU4pQk=
403,30,4Rj8p1yrr7ldxTI4yh0wdSmzkqk=,HdBCMJhlng3WRBjoGMWiWGU4pQk=
403,24,4Rj8p1yrr7ldxTI4yh0wdSmzkqk=,HdBCMJhlng3WRBjoGMWiWGU4pQk=
404,29,4Rj8p1yrr7ldxTI4yh0wdSmzkqk=,HdBCMJhlng3WRBjoGMWiWGU4pQk=
406,24,4Rj8p1yrr7ldxTI4yh0wdSmzkqk=,HdBCMJhlng3WRBjoGMWiWGU4pQk=
401,24,4Rj8p1yrr7ldxTI4yh0wdSmzkqk=,HdBCMJhlng3WRBjoGMWiWGU4pQk=
404,24,4Rj8p1yrr7ldxTI4yh0wdSmzkqk=,HdBCMJhlng3WRBjoGMWiWGU4pQk=
406,31,4Rj8p1yrr7ldxTI4yh0wdSmzkqk=,HdBCMJhlng3WRBjoGMWiWGU4pQk=
401,31,4Rj8p1yrr7ldxTI4yh0wdSmzkqk=,HdBCMJhlng3WRBjoGMWiWGU4pQk=
408,27,4Rj8p1yrr7ldxTI4yh0wdSmzkqk=,rHSrVTb7VZIlOuwu7E5SZ4Xb5PU=
400,29,4Rj8p1yrr7ldxTI4yh0wdSmzkqk=,HdBCMJhlng3WRBjoGMWiWGU4pQk=
400,31,4Rj8p1yrr7ldxTI4yh0wdSmzkqk=,HdBCMJhlng3WRBjoGMWiWGU4pQk=
407,31,4Rj8p1yrr7ldxTI4yh0wdSmzkqk=,HdBCMJhlng3WRBjoGMWiWGU4pQk=
407,28,4Rj8p1yrr7ldxTI4yh0wdSmzkqk=,HdBCMJhlng3WRBjoGMWiWGU4pQk=
407,30,4Rj8p1yrr7ldxTI4yh0wdSmzkqk=,HdBCMJhlng3WRBjoGMWiWGU4pQk=
402,26,4Rj8p1yrr7ldxTI4yh0wdSmzkqk=,HdBCMJhlng3WRBjoGMWiWGU4pQk=
406,30,4Rj8p1yrr7ldxTI4yh0wdSmzkqk=,HdBCMJhlng3WRBjoGMWiWGU4pQk=
406,28,4Rj8p1yrr7ldxTI4yh0wdSmzkqk=,HdBCMJhlng3WRBjoGMWiWGU4pQk=
414,25,4Rj8p1yrr7ldxTI4yh0wdSmzkqk=,rHSrVTb7VZIlOuwu7E5SZ4Xb5PU=
408,24,4Rj8p1yrr7ldxTI4yh0wdSmzkqk=,rHSrVTb7VZIlOuwu7E5SZ4Xb5PU=
405,30,4Rj8p1yrr7ldxTI4yh0wdSmzkqk=,HdBCMJhlng3WRBjoGMWiWGU4pQk=
404,30,4Rj8p1yrr7ldxTI4yh0wdSmzkqk=,HdBCMJhlng3WRBjoGMWiWGU4pQk=
401,26,4Rj8p1yrr7ldxTI4yh0wdSmzkqk=,HdBCMJhlng3WRBjoGMWiWGU4pQk=
408,26,4Rj8p1yrr7ldxTI4yh0wdSmzkqk=,rHSrVTb7VZIlOuwu7E5SZ4Xb5PU=
407,27,4Rj8p1yrr7ldxTI4yh0wdSmzkqk=,HdBCMJhlng3WRBjoGMWiWGU4pQk=
400,26,4Rj8p1yrr7ldxTI4yh0wdSmzkqk=,HdBCMJhlng3WRBjoGMWiWGU4pQk=
405,29,4Rj8p1yrr7ldxTI4yh0wdSmzkqk=,HdBCMJhlng3WRBjoGMWiWGU4pQk=
405,28,4Rj8p1yrr7ldxTI4yh0wdSmzkqk=,HdBCMJhlng3WRBjoGMWiWGU4pQk=
404,28,4Rj8p1yrr7ldxTI4yh0wdSmzkqk=,HdBCMJhlng3WRBjoGMWiWGU4pQk=
401,30,4Rj8p1yrr7ldxTI4yh0wdSmzkqk=,HdBCMJhlng3WRBjoGMWiWGU4pQk=
400,30,4Rj8p1yrr7ldxTI4yh0wdSmzkqk=,HdBCMJhlng3WRBjoGMWiWGU4pQk=
403,28,4Rj8p1yrr7ldxTI4yh0wdSmzkqk=,HdBCMJhlng3WRBjoGMWiWGU4pQk=
408,31,4Rj8p1yrr7ldxTI4yh0wdSmzkqk=,rHSrVTb7VZIlOuwu7E5SZ4Xb5PU=
402,28,4Rj8p1yrr7ldxTI4yh0wdSmzkqk=,HdBCMJhlng3WRBjoGMWiWGU4pQk=
407,29,4Rj8p1yrr7ldxTI4yh0wdSmzkqk=,HdBCMJhlng3WRBjoGMWiWGU4pQk=
406,29,4Rj8p1yrr7ldxTI4yh0wdSmzkqk=,HdBCMJhlng3WRBjoGMWiWGU4pQk=
406,27,4Rj8p1yrr7ldxTI4yh0wdSmzkqk=,HdBCMJhlng3WRBjoGMWiWGU4pQk=
405,27,4Rj8p1yrr7ldxTI4yh0wdSmzkqk=,HdBCMJhlng3WRBjoGMWiWGU4pQk=
404,27,4Rj8p1yrr7ldxTI4yh0wdSmzkqk=,HdBCMJhlng3WRBjoGMWiWGU4pQk=
401,27,4Rj8p1yrr7ldxTI4yh0wdSmzkqk=,HdBCMJhlng3WRBjoGMWiWGU4pQk=
403,27,4Rj8p1yrr7ldxTI4yh0wdSmzkqk=,HdBCMJhlng3WRBjoGMWiWGU4pQk=
400,27,4Rj8p1yrr7ldxTI4yh0wdSmzkqk=,HdBCMJhlng3WRBjoGMWiWGU4pQk=
402,24,4Rj8p1yrr7ldxTI4yh0wdSmzkqk=,HdBCMJhlng3WRBjoGMWiWGU4pQk=
413,25,4Rj8p1yrr7ldxTI4yh0wdSmzkqk=,rHSrVTb7VZIlOuwu7E5SZ4Xb5PU=
402,27,4Rj8p1yrr7ldxTI4yh0wdSmzkqk=,HdBCMJhlng3WRBjoGMWiWGU4pQk=
415,25,4Rj8p1yrr7ldxTI4yh0wdSmzkqk=,rHSrVTb7VZIlOuwu7E5SZ4Xb5PU=
411,25,4Rj8p1yrr7ldxTI4yh0wdSmzkqk=,rHSrVTb7VZIlOuwu7E5SZ4Xb5PU=
404,25,4Rj8p1yrr7ldxTI4yh0wdSmzkqk=,HdBCMJhlng3WRBjoGMWiWGU4pQk=
403,25,4Rj8p1yrr7ldxTI4yh0wdSmzkqk=,HdBCMJhlng3WRBjoGMWiWGU4pQk=
410,25,4Rj8p1yrr7ldxTI4yh0wdSmzkqk=,rHSrVTb7VZIlOuwu7E5SZ4Xb5PU=
400,25,4Rj8p1yrr7ldxTI4yh0wdSmzkqk=,HdBCMJhlng3WRBjoGMWiWGU4pQk=
405,25,4Rj8p1yrr7ldxTI4yh0wdSmzkqk=,HdBCMJhlng3WRBjoGMWiWGU4pQk=
409,25,4Rj8p1yrr7ldxTI4yh0wdSmzkqk=,rHSrVTb7VZIlOuwu7E5SZ4Xb5PU=
408,25,4Rj8p1yrr7ldxTI4yh0wdSmzkqk=,rHSrVTb7VZIlOuwu7E5SZ4Xb5PU=
401,25,4Rj8p1yrr7ldxTI4yh0wdSmzkqk=,HdBCMJhlng3WRBjoGMWiWGU4pQk=
407,25,4Rj8p1yrr7ldxTI4yh0wdSmzkqk=,HdBCMJhlng3WRBjoGMWiWGU4pQk=
406,25,4Rj8p1yrr7ldxTI4yh0wdSmzkqk=,HdBCMJhlng3WRBjoGMWiWGU4pQk=
402,25,4Rj8p1yrr7ldxTI4yh0wdSmzkqk=,HdBCMJhlng3WRBjoGMWiWGU4pQk=
