-47,-71,Ye9YXN8EXGa+Xs02ppsCaBohtHU=,4Sx8EIigUhHB6SFN/o23CiJWMiY=
-43,-66,Ye9YXN8EXGa+Xs02ppsCaBohtHU=,4Sx8EIigUhHB6SFN/o23CiJWMiY=
-44,-66,Ye9YXN8EXGa+Xs02ppsCaBohtHU=,4Sx8EIigUhHB6SFN/o23CiJWMiY=
-45,-66,Ye9YXN8EXGa+Xs02ppsCaBohtHU=,4Sx8EIigUhHB6SFN/o23CiJWMiY=
-46,-66,Ye9YXN8EXGa+Xs02ppsCaBohtHU=,4Sx8EIigUhHB6SFN/o23CiJWMiY=
-47,-66,Ye9YXN8EXGa+Xs02ppsCaBohtHU=,4Sx8EIigUhHB6SFN/o23CiJWMiY=
-42,-67,Ye9YXN8EXGa+Xs02ppsCaBohtHU=,4Sx8EIigUhHB6SFN/o23CiJWMiY=
-43,-67,Ye9YXN8EXGa+Xs02ppsCaBohtHU=,4Sx8EIigUhHB6SFN/o23CiJWMiY=
-44,-67,Ye9YXN8EXGa+Xs02ppsCaBohtHU=,4Sx8EIigUhHB6SFN/o23CiJWMiY=
-45,-67,Ye9YXN8EXGa+Xs02ppsCaBohtHU=,4Sx8EIigUhHB6SFN/o23CiJWMiY=
-46,-67,Ye9YXN8EXGa+Xs02ppsCaBohtHU=,4Sx8EIigUhHB6SFN/o23CiJWMiY=
-47,-67,Ye9YXN8EXGa+Xs02ppsCaBohtHU=,4Sx8EIigUhHB6SFN/o23CiJWMiY=
-42,-68,Ye9YXN8EXGa+Xs02ppsCaBohtHU=,4Sx8EIigUhHB6SFN/o23CiJWMiY=
-43,-68,Ye9YXN8EXGa+Xs02ppsCaBohtHU=,4Sx8EIigUhHB6SFN/o23CiJWMiY=
-44,-68,Ye9YXN8EXGa+Xs02ppsCaBohtHU=,4Sx8EIigUhHB6SFN/o23CiJWMiY=
-45,-68,Ye9YXN8EXGa+Xs02ppsCaBohtHU=,4Sx8EIigUhHB6SFN/o23CiJWMiY=
-42,-69,Ye9YXN8EXGa+Xs02ppsCaBohtHU=,4Sx8EIigUhHB6SFN/o23CiJWMiY=
-43,-69,Ye9YXN8EXGa+Xs02ppsCaBohtHU=,4Sx8EIigUhHB6SFN/o23CiJWMiY=
-44,-69,Ye9YXN8EXGa+Xs02ppsCaBohtHU=,4Sx8EIigUhHB6SFN/o23CiJWMiY=
-45,-69,Ye9YXN8EXGa+Xs02ppsCaBohtHU=,4Sx8EIigUhHB6SFN/o23CiJWMiY=
-42,-70,Ye9YXN8EXGa+Xs02ppsCaBohtHU=,4Sx8EIigUhHB6SFN/o23CiJWMiY=
-43,-70,Ye9YXN8EXGa+Xs02ppsCaBohtHU=,4Sx8EIigUhHB6SFN/o23CiJWMiY=
-44,-70,Ye9YXN8EXGa+Xs02ppsCaBohtHU=,4Sx8EIigUhHB6SFN/o23CiJWMiY=
-45,-70,Ye9YXN8EXGa+Xs02ppsCaBohtHU=,4Sx8EIigUhHB6SFN/o23CiJWMiY=
-42,-71,Ye9YXN8EXGa+Xs02ppsCaBohtHU=,4Sx8EIigUhHB6SFN/o23CiJWMiY=
-43,-71,Ye9YXN8EXGa+Xs02ppsCaBohtHU=,4Sx8EIigUhHB6SFN/o23CiJWMiY=
-44,-71,Ye9YXN8EXGa+Xs02ppsCaBohtHU=,4Sx8EIigUhHB6SFN/o23CiJWMiY=
-45,-71,Ye9YXN8EXGa+Xs02ppsCaBohtHU=,4Sx8EIigUhHB6SFN/o23CiJWMiY=
-38,-67,Ye9YXN8EXGa+Xs02ppsCaBohtHU=,rzuIX96uW8tTY7ukld+BhPXW0R0=
-40,-69,Ye9YXN8EXGa+Xs02ppsCaBohtHU=,rzuIX96uW8tTY7ukld+BhPXW0R0=
-34,-71,Ye9YXN8EXGa+Xs02ppsCaBohtHU=,rzuIX96uW8tTY7ukld+BhPXW0R0=
-34,-70,Ye9YXN8EXGa+Xs02ppsCaBohtHU=,rzuIX96uW8tTY7ukld+BhPXW0R0=
-35,-70,Ye9YXN8EXGa+Xs02ppsCaBohtHU=,rzuIX96uW8tTY7ukld+BhPXW0R0=
-34,-68,Ye9YXN8EXGa+Xs02ppsCaBohtHU=,rzuIX96uW8tTY7ukld+BhPXW0R0=
-35,-68,Ye9YXN8EXGa+Xs02ppsCaBohtHU=,rzuIX96uW8tTY7ukld+BhPXW0R0=
-36,-68,Ye9YXN8EXGa+Xs02ppsCaBohtHU=,rzuIX96uW8tTY7ukld+BhPXW0R0=
-35,-71,Ye9YXN8EXGa+Xs02ppsCaBohtHU=,rzuIX96uW8tTY7ukld+BhPXW0R0=
-34,-69,Ye9YXN8EXGa+Xs02ppsCaBohtHU=,rzuIX96uW8tTY7ukld+BhPXW0R0=
-37,-68,Ye9YXN8EXGa+Xs02ppsCaBohtHU=,rzuIX96uW8tTY7ukld+BhPXW0R0=
-38,-68,Ye9YXN8EXGa+Xs02ppsCaBohtHU=,rzuIX96uW8tTY7ukld+BhPXW0R0=
-36,-71,Ye9YXN8EXGa+Xs02ppsCaBohtHU=,rzuIX96uW8tTY7ukld+BhPXW0R0=
-36,-70,Ye9YXN8EXGa+Xs02ppsCaBohtHU=,rzuIX96uW8tTY7ukld+BhPXW0R0=
-37,-70,Ye9YXN8EXGa+Xs02ppsCaBohtHU=,rzuIX96uW8tTY7ukld+BhPXW0R0=
-38,-70,Ye9YXN8EXGa+Xs02ppsCaBohtHU=,rzuIX96uW8tTY7ukld+BhPXW0R0=
-39,-70,Ye9YXN8EXGa+Xs02ppsCaBohtHU=,rzuIX96uW8tTY7ukld+BhPXW0R0=
-40,-70,Ye9YXN8EXGa+Xs02ppsCaBohtHU=,rzuIX96uW8tTY7ukld+BhPXW0R0=
-37,-71,Ye9YXN8EXGa+Xs02ppsCaBohtHU=,rzuIX96uW8tTY7ukld+BhPXW0R0=
-35,-69,Ye9YXN8EXGa+Xs02ppsCaBohtHU=,rzuIX96uW8tTY7ukld+BhPXW0R0=
-36,-69,Ye9YXN8EXGa+Xs02ppsCaBohtHU=,rzuIX96uW8tTY7ukld+BhPXW0R0=
-41,-68,Ye9YXN8EXGa+Xs02ppsCaBohtHU=,4Sx8EIigUhHB6SFN/o23CiJWMiY=
-34,-66,Ye9YXN8EXGa+Xs02ppsCaBohtHU=,rzuIX96uW8tTY7ukld+BhPXW0R0=
-35,-66,Ye9YXN8EXGa+Xs02ppsCaBohtHU=,rzuIX96uW8tTY7ukld+BhPXW0R0=
-36,-66,Ye9YXN8EXGa+Xs02ppsCaBohtHU=,rzuIX96uW8tTY7ukld+BhPXW0R0=
-41,-69,Ye9YXN8EXGa+Xs02ppsCaBohtHU=,4Sx8EIigUhHB6SFN/o23CiJWMiY=
-37,-66,Ye9YXN8EXGa+Xs02ppsCaBohtHU=,rzuIX96uW8tTY7ukld+BhPXW0R0=
-37,-69,Ye9YXN8EXGa+Xs02ppsCaBohtHU=,rzuIX96uW8tTY7ukld+BhPXW0R0=
-38,-71,Ye9YXN8EXGa+Xs02ppsCaBohtHU=,rzuIX96uW8tTY7ukld+BhPXW0R0=
-41,-70,Ye9YXN8EXGa+Xs02ppsCaBohtHU=,4Sx8EIigUhHB6SFN/o23CiJWMiY=
-39,-71,Ye9YXN8EXGa+Xs02ppsCaBohtHU=,rzuIX96uW8tTY7ukld+BhPXW0R0=
-38,-69,Ye9YXN8EXGa+Xs02ppsCaBohtHU=,rzuIX96uW8tTY7ukld+BhPXW0R0=
-40,-71,Ye9YXN8EXGa+Xs02ppsCaBohtHU=,rzuIX96uW8tTY7ukld+BhPXW0R0=
-39,-69,Ye9YXN8EXGa+Xs02ppsCaBohtHU=,rzuIX96uW8tTY7ukld+BhPXW0R0=
-41,-71,Ye9YXN8EXGa+Xs02ppsCaBohtHU=,4Sx8EIigUhHB6SFN/o23CiJWMiY=
-34,-67,Ye9YXN8EXGa+Xs02ppsCaBohtHU=,rzuIX96uW8tTY7ukld+BhPXW0R0=
-36,-67,Ye9YXN8EXGa+Xs02ppsCaBohtHU=,rzuIX96uW8tTY7ukld+BhPXW0R0=
-35,-67,Ye9YXN8EXGa+Xs02ppsCaBohtHU=,rzuIX96uW8tTY7ukld+BhPXW0R0=
-37,-67,Ye9YXN8EXGa+Xs02ppsCaBohtHU=,rzuIX96uW8tTY7ukld+BhPXW0R0=
-44,-78,Ye9YXN8EXGa+Xs02ppsCaBohtHU=,mTGE9xMraWDjT2SRhAoLVYDNHak=
-43,-78,Ye9YXN8EXGa+Xs02ppsCaBohtHU=,mTGE9xMraWDjT2SRhAoLVYDNHak=
-42,-78,Ye9YXN8EXGa+Xs02ppsCaBohtHU=,mTGE9xMraWDjT2SRhAoLVYDNHak=
-48,-77,Ye9YXN8EXGa+Xs02ppsCaBohtHU=,mTGE9xMraWDjT2SRhAoLVYDNHak=
-47,-77,Ye9YXN8EXGa+Xs02ppsCaBohtHU=,mTGE9xMraWDjT2SRhAoLVYDNHak=
-44,-77,Ye9YXN8EXGa+Xs02ppsCaBohtHU=,mTGE9xMraWDjT2SRhAoLVYDNHak=
-43,-77,Ye9YXN8EXGa+Xs02ppsCaBohtHU=,mTGE9xMraWDjT2SRhAoLVYDNHak=
-42,-77,Ye9YXN8EXGa+Xs02ppsCaBohtHU=,mTGE9xMraWDjT2SRhAoLVYDNHak=
-48,-76,Ye9YXN8EXGa+Xs02ppsCaBohtHU=,mTGE9xMraWDjT2SRhAoLVYDNHak=
-44,-76,Ye9YXN8EXGa+Xs02ppsCaBohtHU=,mTGE9xMraWDjT2SRhAoLVYDNHak=
-43,-76,Ye9YXN8EXGa+Xs02ppsCaBohtHU=,mTGE9xMraWDjT2SRhAoLVYDNHak=
-48,-75,Ye9YXN8EXGa+Xs02ppsCaBohtHU=,mTGE9xMraWDjT2SRhAoLVYDNHak=
-44,-75,Ye9YXN8EXGa+Xs02ppsCaBohtHU=,mTGE9xMraWDjT2SRhAoLVYDNHak=
-43,-75,Ye9YXN8EXGa+Xs02ppsCaBohtHU=,mTGE9xMraWDjT2SRhAoLVYDNHak=
-42,-75,Ye9YXN8EXGa+Xs02ppsCaBohtHU=,mTGE9xMraWDjT2SRhAoLVYDNHak=
-48,-74,Ye9YXN8EXGa+Xs02ppsCaBohtHU=,mTGE9xMraWDjT2SRhAoLVYDNHak=
-44,-74,Ye9YXN8EXGa+Xs02ppsCaBohtHU=,mTGE9xMraWDjT2SRhAoLVYDNHak=
-43,-74,Ye9YXN8EXGa+Xs02ppsCaBohtHU=,mTGE9xMraWDjT2SRhAoLVYDNHak=
-42,-74,Ye9YXN8EXGa+Xs02ppsCaBohtHU=,mTGE9xMraWDjT2SRhAoLVYDNHak=
-44,-73,Ye9YXN8EXGa+Xs02ppsCaBohtHU=,mTGE9xMraWDjT2SRhAoLVYDNHak=
-43,-73,Ye9YXN8EXGa+Xs02ppsCaBohtHU=,mTGE9xMraWDjT2SRhAoLVYDNHak=
-42,-73,Ye9YXN8EXGa+Xs02ppsCaBohtHU=,mTGE9xMraWDjT2SRhAoLVYDNHak=
-47,-72,Ye9YXN8EXGa+Xs02ppsCaBohtHU=,4Sx8EIigUhHB6SFN/o23CiJWMiY=
-46,-72,Ye9YXN8EXGa+Xs02ppsCaBohtHU=,4Sx8EIigUhHB6SFN/o23CiJWMiY=
-45,-72,Ye9YXN8EXGa+Xs02ppsCaBohtHU=,4Sx8EIigUhHB6SFN/o23CiJWMiY=
-44,-72,Ye9YXN8EXGa+Xs02ppsCaBohtHU=,4Sx8EIigUhHB6SFN/o23CiJWMiY=
-43,-72,Ye9YXN8EXGa+Xs02ppsCaBohtHU=,4Sx8EIigUhHB6SFN/o23CiJWMiY=
-48,-79,Ye9YXN8EXGa+Xs02ppsCaBohtHU=,mTGE9xMraWDjT2SRhAoLVYDNHak=
-47,-79,Ye9YXN8EXGa+Xs02ppsCaBohtHU=,mTGE9xMraWDjT2SRhAoLVYDNHak=
-45,-79,Ye9YXN8EXGa+Xs02ppsCaBohtHU=,mTGE9xMraWDjT2SRhAoLVYDNHak=
-42,-72,Ye9YXN8EXGa+Xs02ppsCaBohtHU=,4Sx8EIigUhHB6SFN/o23CiJWMiY=
-48,-78,Ye9YXN8EXGa+Xs02ppsCaBohtHU=,mTGE9xMraWDjT2SRhAoLVYDNHak=
-48,-71,Ye9YXN8EXGa+Xs02ppsCaBohtHU=,4Sx8EIigUhHB6SFN/o23CiJWMiY=
-48,-68,Ye9YXN8EXGa+Xs02ppsCaBohtHU=,4Sx8EIigUhHB6SFN/o23CiJWMiY=
-48,-67,Ye9YXN8EXGa+Xs02ppsCaBohtHU=,4Sx8EIigUhHB6SFN/o23CiJWMiY=
-48,-66,Ye9YXN8EXGa+Xs02ppsCaBohtHU=,4Sx8EIigUhHB6SFN/o23CiJWMiY=
-48,-73,Ye9YXN8EXGa+Xs02ppsCaBohtHU=,mTGE9xMraWDjT2SRhAoLVYDNHak=
-48,-72,Ye9YXN8EXGa+Xs02ppsCaBohtHU=,4Sx8EIigUhHB6SFN/o23CiJWMiY=
-33,-68,Ye9YXN8EXGa+Xs02ppsCaBohtHU=,rzuIX96uW8tTY7ukld+BhPXW0R0=
-33,-70,Ye9YXN8EXGa+Xs02ppsCaBohtHU=,rzuIX96uW8tTY7ukld+BhPXW0R0=
-33,-71,Ye9YXN8EXGa+Xs02ppsCaBohtHU=,rzuIX96uW8tTY7ukld+BhPXW0R0=
-33,-67,Ye9YXN8EXGa+Xs02ppsCaBohtHU=,rzuIX96uW8tTY7ukld+BhPXW0R0=
-33,-69,Ye9YXN8EXGa+Xs02ppsCaBohtHU=,rzuIX96uW8tTY7ukld+BhPXW0R0=
-45,-73,Ye9YXN8EXGa+Xs02ppsCaBohtHU=,mTGE9xMraWDjT2SRhAoLVYDNHak=
-47,-76,Ye9YXN8EXGa+Xs02ppsCaBohtHU=,mTGE9xMraWDjT2SRhAoLVYDNHak=
-46,-69,Ye9YXN8EXGa+Xs02ppsCaBohtHU=,4Sx8EIigUhHB6SFN/o23CiJWMiY=
-48,-69,Ye9YXN8EXGa+Xs02ppsCaBohtHU=,4Sx8EIigUhHB6SFN/o23CiJWMiY=
-46,-70,Ye9YXN8EXGa+Xs02ppsCaBohtHU=,4Sx8EIigUhHB6SFN/o23CiJWMiY=
-46,-71,Ye9YXN8EXGa+Xs02ppsCaBohtHU=,4Sx8EIigUhHB6SFN/o23CiJWMiY=
-48,-70,Ye9YXN8EXGa+Xs02ppsCaBohtHU=,4Sx8EIigUhHB6SFN/o23CiJWMiY=
-47,-70,Ye9YXN8EXGa+Xs02ppsCaBohtHU=,4Sx8EIigUhHB6SFN/o23CiJWMiY=
-46,-76,Ye9YXN8EXGa+Xs02ppsCaBohtHU=,mTGE9xMraWDjT2SRhAoLVYDNHak=
-46,-73,Ye9YXN8EXGa+Xs02ppsCaBohtHU=,mTGE9xMraWDjT2SRhAoLVYDNHak=
-47,-75,Ye9YXN8EXGa+Xs02ppsCaBohtHU=,mTGE9xMraWDjT2SRhAoLVYDNHak=
-45,-76,Ye9YXN8EXGa+Xs02ppsCaBohtHU=,mTGE9xMraWDjT2SRhAoLVYDNHak=
-40,-78,Ye9YXN8EXGa+Xs02ppsCaBohtHU=,9IlZPl748UfS5hxNwASKLUqm+HQ=
-38,-78,Ye9YXN8EXGa+Xs02ppsCaBohtHU=,9IlZPl748UfS5hxNwASKLUqm+HQ=
-37,-78,Ye9YXN8EXGa+Xs02ppsCaBohtHU=,9IlZPl748UfS5hxNwASKLUqm+HQ=
-36,-78,Ye9YXN8EXGa+Xs02ppsCaBohtHU=,9IlZPl748UfS5hxNwASKLUqm+HQ=
-35,-78,Ye9YXN8EXGa+Xs02ppsCaBohtHU=,9IlZPl748UfS5hxNwASKLUqm+HQ=
-34,-78,Ye9YXN8EXGa+Xs02ppsCaBohtHU=,9IlZPl748UfS5hxNwASKLUqm+HQ=
-33,-78,Ye9YXN8EXGa+Xs02ppsCaBohtHU=,9IlZPl748UfS5hxNwASKLUqm+HQ=
-37,-77,Ye9YXN8EXGa+Xs02ppsCaBohtHU=,9IlZPl748UfS5hxNwASKLUqm+HQ=
-36,-77,Ye9YXN8EXGa+Xs02ppsCaBohtHU=,9IlZPl748UfS5hxNwASKLUqm+HQ=
-35,-77,Ye9YXN8EXGa+Xs02ppsCaBohtHU=,9IlZPl748UfS5hxNwASKLUqm+HQ=
-38,-72,Ye9YXN8EXGa+Xs02ppsCaBohtHU=,rzuIX96uW8tTY7ukld+BhPXW0R0=
-34,-77,Ye9YXN8EXGa+Xs02ppsCaBohtHU=,9IlZPl748UfS5hxNwASKLUqm+HQ=
-33,-77,Ye9YXN8EXGa+Xs02ppsCaBohtHU=,9IlZPl748UfS5hxNwASKLUqm+HQ=
-40,-72,Ye9YXN8EXGa+Xs02ppsCaBohtHU=,rzuIX96uW8tTY7ukld+BhPXW0R0=
-47,-69,Ye9YXN8EXGa+Xs02ppsCaBohtHU=,4Sx8EIigUhHB6SFN/o23CiJWMiY=
-33,-79,Ye9YXN8EXGa+Xs02ppsCaBohtHU=,9IlZPl748UfS5hxNwASKLUqm+HQ=
-34,-79,Ye9YXN8EXGa+Xs02ppsCaBohtHU=,9IlZPl748UfS5hxNwASKLUqm+HQ=
-45,-75,Ye9YXN8EXGa+Xs02ppsCaBohtHU=,mTGE9xMraWDjT2SRhAoLVYDNHak=
-35,-79,Ye9YXN8EXGa+Xs02ppsCaBohtHU=,9IlZPl748UfS5hxNwASKLUqm+HQ=
-36,-79,Ye9YXN8EXGa+Xs02ppsCaBohtHU=,9IlZPl748UfS5hxNwASKLUqm+HQ=
-37,-79,Ye9YXN8EXGa+Xs02ppsCaBohtHU=,9IlZPl748UfS5hxNwASKLUqm+HQ=
-46,-75,Ye9YXN8EXGa+Xs02ppsCaBohtHU=,mTGE9xMraWDjT2SRhAoLVYDNHak=
-38,-79,Ye9YXN8EXGa+Xs02ppsCaBohtHU=,9IlZPl748UfS5hxNwASKLUqm+HQ=
-35,-72,Ye9YXN8EXGa+Xs02ppsCaBohtHU=,rzuIX96uW8tTY7ukld+BhPXW0R0=
-44,-65,Ye9YXN8EXGa+Xs02ppsCaBohtHU=,4Sx8EIigUhHB6SFN/o23CiJWMiY=
-43,-65,Ye9YXN8EXGa+Xs02ppsCaBohtHU=,4Sx8EIigUhHB6SFN/o23CiJWMiY=
-47,-65,Ye9YXN8EXGa+Xs02ppsCaBohtHU=,4Sx8EIigUhHB6SFN/o23CiJWMiY=
-46,-65,Ye9YXN8EXGa+Xs02ppsCaBohtHU=,4Sx8EIigUhHB6SFN/o23CiJWMiY=
-45,-65,Ye9YXN8EXGa+Xs02ppsCaBohtHU=,4Sx8EIigUhHB6SFN/o23CiJWMiY=
-47,-73,Ye9YXN8EXGa+Xs02ppsCaBohtHU=,mTGE9xMraWDjT2SRhAoLVYDNHak=
-39,-79,Ye9YXN8EXGa+Xs02ppsCaBohtHU=,9IlZPl748UfS5hxNwASKLUqm+HQ=
-41,-72,Ye9YXN8EXGa+Xs02ppsCaBohtHU=,4Sx8EIigUhHB6SFN/o23CiJWMiY=
-48,-65,Ye9YXN8EXGa+Xs02ppsCaBohtHU=,4Sx8EIigUhHB6SFN/o23CiJWMiY=
-34,-80,Ye9YXN8EXGa+Xs02ppsCaBohtHU=,9IlZPl748UfS5hxNwASKLUqm+HQ=
-35,-80,Ye9YXN8EXGa+Xs02ppsCaBohtHU=,9IlZPl748UfS5hxNwASKLUqm+HQ=
-36,-80,Ye9YXN8EXGa+Xs02ppsCaBohtHU=,9IlZPl748UfS5hxNwASKLUqm+HQ=
-37,-80,Ye9YXN8EXGa+Xs02ppsCaBohtHU=,9IlZPl748UfS5hxNwASKLUqm+HQ=
-38,-80,Ye9YXN8EXGa+Xs02ppsCaBohtHU=,9IlZPl748UfS5hxNwASKLUqm+HQ=
-38,-73,Ye9YXN8EXGa+Xs02ppsCaBohtHU=,9IlZPl748UfS5hxNwASKLUqm+HQ=
-37,-72,Ye9YXN8EXGa+Xs02ppsCaBohtHU=,rzuIX96uW8tTY7ukld+BhPXW0R0=
-39,-73,Ye9YXN8EXGa+Xs02ppsCaBohtHU=,9IlZPl748UfS5hxNwASKLUqm+HQ=
-41,-74,Ye9YXN8EXGa+Xs02ppsCaBohtHU=,mTGE9xMraWDjT2SRhAoLVYDNHak=
-40,-73,Ye9YXN8EXGa+Xs02ppsCaBohtHU=,9IlZPl748UfS5hxNwASKLUqm+HQ=
-41,-73,Ye9YXN8EXGa+Xs02ppsCaBohtHU=,mTGE9xMraWDjT2SRhAoLVYDNHak=
-39,-72,Ye9YXN8EXGa+Xs02ppsCaBohtHU=,rzuIX96uW8tTY7ukld+BhPXW0R0=
-46,-68,Ye9YXN8EXGa+Xs02ppsCaBohtHU=,4Sx8EIigUhHB6SFN/o23CiJWMiY=
-47,-68,Ye9YXN8EXGa+Xs02ppsCaBohtHU=,4Sx8EIigUhHB6SFN/o23CiJWMiY=
-45,-74,Ye9YXN8EXGa+Xs02ppsCaBohtHU=,mTGE9xMraWDjT2SRhAoLVYDNHak=
-41,-75,Ye9YXN8EXGa+Xs02ppsCaBohtHU=,mTGE9xMraWDjT2SRhAoLVYDNHak=
-46,-74,Ye9YXN8EXGa+Xs02ppsCaBohtHU=,mTGE9xMraWDjT2SRhAoLVYDNHak=
-37,-75,Ye9YXN8EXGa+Xs02ppsCaBohtHU=,9IlZPl748UfS5hxNwASKLUqm+HQ=
-35,-76,Ye9YXN8EXGa+Xs02ppsCaBohtHU=,9IlZPl748UfS5hxNwASKLUqm+HQ=
-42,-76,Ye9YXN8EXGa+Xs02ppsCaBohtHU=,mTGE9xMraWDjT2SRhAoLVYDNHak=
-36,-75,Ye9YXN8EXGa+Xs02ppsCaBohtHU=,9IlZPl748UfS5hxNwASKLUqm+HQ=
-35,-75,Ye9YXN8EXGa+Xs02ppsCaBohtHU=,9IlZPl748UfS5hxNwASKLUqm+HQ=
-34,-76,Ye9YXN8EXGa+Xs02ppsCaBohtHU=,9IlZPl748UfS5hxNwASKLUqm+HQ=
-36,-76,Ye9YXN8EXGa+Xs02ppsCaBohtHU=,9IlZPl748UfS5hxNwASKLUqm+HQ=
-37,-76,Ye9YXN8EXGa+Xs02ppsCaBohtHU=,9IlZPl748UfS5hxNwASKLUqm+HQ=
-38,-75,bPTxkzP1GyXmCvJVUjwQNGN/7kU=,9IlZPl748UfS5hxNwASKLUqm+HQ=
-33,-80,bPTxkzP1GyXmCvJVUjwQNGN/7kU=,9IlZPl748UfS5hxNwASKLUqm+HQ=
-33,-72,bPTxkzP1GyXmCvJVUjwQNGN/7kU=,rzuIX96uW8tTY7ukld+BhPXW0R0=
-39,-75,bPTxkzP1GyXmCvJVUjwQNGN/7kU=,9IlZPl748UfS5hxNwASKLUqm+HQ=
-38,-76,bPTxkzP1GyXmCvJVUjwQNGN/7kU=,9IlZPl748UfS5hxNwASKLUqm+HQ=
-34,-72,bPTxkzP1GyXmCvJVUjwQNGN/7kU=,rzuIX96uW8tTY7ukld+BhPXW0R0=
-33,-76,bPTxkzP1GyXmCvJVUjwQNGN/7kU=,9IlZPl748UfS5hxNwASKLUqm+HQ=
-36,-72,bPTxkzP1GyXmCvJVUjwQNGN/7kU=,rzuIX96uW8tTY7ukld+BhPXW0R0=
-34,-73,bPTxkzP1GyXmCvJVUjwQNGN/7kU=,9IlZPl748UfS5hxNwASKLUqm+HQ=
-35,-74,bPTxkzP1GyXmCvJVUjwQNGN/7kU=,9IlZPl748UfS5hxNwASKLUqm+HQ=
-47,-74,bPTxkzP1GyXmCvJVUjwQNGN/7kU=,mTGE9xMraWDjT2SRhAoLVYDNHak=
-35,-73,bPTxkzP1GyXmCvJVUjwQNGN/7kU=,9IlZPl748UfS5hxNwASKLUqm+HQ=
-39,-74,bPTxkzP1GyXmCvJVUjwQNGN/7kU=,9IlZPl748UfS5hxNwASKLUqm+HQ=
-36,-73,bPTxkzP1GyXmCvJVUjwQNGN/7kU=,9IlZPl748UfS5hxNwASKLUqm+HQ=
-40,-74,bPTxkzP1GyXmCvJVUjwQNGN/7kU=,9IlZPl748UfS5hxNwASKLUqm+HQ=
-37,-73,bPTxkzP1GyXmCvJVUjwQNGN/7kU=,9IlZPl748UfS5hxNwASKLUqm+HQ=
-36,-74,bPTxkzP1GyXmCvJVUjwQNGN/7kU=,9IlZPl748UfS5hxNwASKLUqm+HQ=
-37,-74,bPTxkzP1GyXmCvJVUjwQNGN/7kU=,9IlZPl748UfS5hxNwASKLUqm+HQ=
-33,-73,bPTxkzP1GyXmCvJVUjwQNGN/7kU=,9IlZPl748UfS5hxNwASKLUqm+HQ=
-40,-75,bPTxkzP1GyXmCvJVUjwQNGN/7kU=,9IlZPl748UfS5hxNwASKLUqm+HQ=
-41,-76,bPTxkzP1GyXmCvJVUjwQNGN/7kU=,mTGE9xMraWDjT2SRhAoLVYDNHak=
-40,-76,bPTxkzP1GyXmCvJVUjwQNGN/7kU=,9IlZPl748UfS5hxNwASKLUqm+HQ=
-39,-76,bPTxkzP1GyXmCvJVUjwQNGN/7kU=,9IlZPl748UfS5hxNwASKLUqm+HQ=
-34,-74,bPTxkzP1GyXmCvJVUjwQNGN/7kU=,9IlZPl748UfS5hxNwASKLUqm+HQ=
-38,-74,bPTxkzP1GyXmCvJVUjwQNGN/7kU=,9IlZPl748UfS5hxNwASKLUqm+HQ=
-33,-74,bPTxkzP1GyXmCvJVUjwQNGN/7kU=,9IlZPl748UfS5hxNwASKLUqm+HQ=
-34,-75,bPTxkzP1GyXmCvJVUjwQNGN/7kU=,9IlZPl748UfS5hxNwASKLUqm+HQ=
-33,-75,bPTxkzP1GyXmCvJVUjwQNGN/7kU=,9IlZPl748UfS5hxNwASKLUqm+HQ=
-34,-65,bPTxkzP1GyXmCvJVUjwQNGN/7kU=,rzuIX96uW8tTY7ukld+BhPXW0R0=
-42,-66,bPTxkzP1GyXmCvJVUjwQNGN/7kU=,4Sx8EIigUhHB6SFN/o23CiJWMiY=
-41,-67,bPTxkzP1GyXmCvJVUjwQNGN/7kU=,4Sx8EIigUhHB6SFN/o23CiJWMiY=
-39,-68,bPTxkzP1GyXmCvJVUjwQNGN/7kU=,rzuIX96uW8tTY7ukld+BhPXW0R0=
-40,-68,bPTxkzP1GyXmCvJVUjwQNGN/7kU=,rzuIX96uW8tTY7ukld+BhPXW0R0=
-33,-66,bPTxkzP1GyXmCvJVUjwQNGN/7kU=,rzuIX96uW8tTY7ukld+BhPXW0R0=
-39,-67,bPTxkzP1GyXmCvJVUjwQNGN/7kU=,rzuIX96uW8tTY7ukld+BhPXW0R0=
-42,-65,bPTxkzP1GyXmCvJVUjwQNGN/7kU=,4Sx8EIigUhHB6SFN/o23CiJWMiY=
-40,-65,bPTxkzP1GyXmCvJVUjwQNGN/7kU=,rzuIX96uW8tTY7ukld+BhPXW0R0=
-41,-65,bPTxkzP1GyXmCvJVUjwQNGN/7kU=,4Sx8EIigUhHB6SFN/o23CiJWMiY=
-35,-65,bPTxkzP1GyXmCvJVUjwQNGN/7kU=,rzuIX96uW8tTY7ukld+BhPXW0R0=
-36,-65,bPTxkzP1GyXmCvJVUjwQNGN/7kU=,rzuIX96uW8tTY7ukld+BhPXW0R0=
-38,-66,bPTxkzP1GyXmCvJVUjwQNGN/7kU=,rzuIX96uW8tTY7ukld+BhPXW0R0=
-40,-67,bPTxkzP1GyXmCvJVUjwQNGN/7kU=,rzuIX96uW8tTY7ukld+BhPXW0R0=
-37,-65,bPTxkzP1GyXmCvJVUjwQNGN/7kU=,rzuIX96uW8tTY7ukld+BhPXW0R0=
-41,-66,bPTxkzP1GyXmCvJVUjwQNGN/7kU=,4Sx8EIigUhHB6SFN/o23CiJWMiY=
-33,-65,bPTxkzP1GyXmCvJVUjwQNGN/7kU=,rzuIX96uW8tTY7ukld+BhPXW0R0=
-39,-66,bPTxkzP1GyXmCvJVUjwQNGN/7kU=,rzuIX96uW8tTY7ukld+BhPXW0R0=
-40,-66,bPTxkzP1GyXmCvJVUjwQNGN/7kU=,rzuIX96uW8tTY7ukld+BhPXW0R0=
-38,-65,bPTxkzP1GyXmCvJVUjwQNGN/7kU=,rzuIX96uW8tTY7ukld+BhPXW0R0=
-48,-80,bPTxkzP1GyXmCvJVUjwQNGN/7kU=,mTGE9xMraWDjT2SRhAoLVYDNHak=
-39,-80,bPTxkzP1GyXmCvJVUjwQNGN/7kU=,9IlZPl748UfS5hxNwASKLUqm+HQ=
-39,-65,bPTxkzP1GyXmCvJVUjwQNGN/7kU=,rzuIX96uW8tTY7ukld+BhPXW0R0=
-47,-80,bPTxkzP1GyXmCvJVUjwQNGN/7kU=,mTGE9xMraWDjT2SRhAoLVYDNHak=
-39,-78,bPTxkzP1GyXmCvJVUjwQNGN/7kU=,9IlZPl748UfS5hxNwASKLUqm+HQ=
-46,-80,bPTxkzP1GyXmCvJVUjwQNGN/7kU=,mTGE9xMraWDjT2SRhAoLVYDNHak=
-45,-80,bPTxkzP1GyXmCvJVUjwQNGN/7kU=,mTGE9xMraWDjT2SRhAoLVYDNHak=
-40,-79,bPTxkzP1GyXmCvJVUjwQNGN/7kU=,9IlZPl748UfS5hxNwASKLUqm+HQ=
-46,-77,bPTxkzP1GyXmCvJVUjwQNGN/7kU=,mTGE9xMraWDjT2SRhAoLVYDNHak=
-45,-77,bPTxkzP1GyXmCvJVUjwQNGN/7kU=,mTGE9xMraWDjT2SRhAoLVYDNHak=
-46,-79,bPTxkzP1GyXmCvJVUjwQNGN/7kU=,mTGE9xMraWDjT2SRhAoLVYDNHak=
-40,-80,bPTxkzP1GyXmCvJVUjwQNGN/7kU=,9IlZPl748UfS5hxNwASKLUqm+HQ=
-44,-79,bPTxkzP1GyXmCvJVUjwQNGN/7kU=,mTGE9xMraWDjT2SRhAoLVYDNHak=
-39,-77,bPTxkzP1GyXmCvJVUjwQNGN/7kU=,9IlZPl748UfS5hxNwASKLUqm+HQ=
-45,-78,bPTxkzP1GyXmCvJVUjwQNGN/7kU=,mTGE9xMraWDjT2SRhAoLVYDNHak=
-46,-78,bPTxkzP1GyXmCvJVUjwQNGN/7kU=,mTGE9xMraWDjT2SRhAoLVYDNHak=
-38,-77,bPTxkzP1GyXmCvJVUjwQNGN/7kU=,9IlZPl748UfS5hxNwASKLUqm+HQ=
-43,-79,bPTxkzP1GyXmCvJVUjwQNGN/7kU=,mTGE9xMraWDjT2SRhAoLVYDNHak=
-47,-78,bPTxkzP1GyXmCvJVUjwQNGN/7kU=,mTGE9xMraWDjT2SRhAoLVYDNHak=
-41,-78,bPTxkzP1GyXmCvJVUjwQNGN/7kU=,mTGE9xMraWDjT2SRhAoLVYDNHak=
-41,-79,bPTxkzP1GyXmCvJVUjwQNGN/7kU=,mTGE9xMraWDjT2SRhAoLVYDNHak=
-44,-80,bPTxkzP1GyXmCvJVUjwQNGN/7kU=,mTGE9xMraWDjT2SRhAoLVYDNHak=
-41,-80,bPTxkzP1GyXmCvJVUjwQNGN/7kU=,mTGE9xMraWDjT2SRhAoLVYDNHak=
-42,-79,bPTxkzP1GyXmCvJVUjwQNGN/7kU=,mTGE9xMraWDjT2SRhAoLVYDNHak=
-41,-77,bPTxkzP1GyXmCvJVUjwQNGN/7kU=,mTGE9xMraWDjT2SRhAoLVYDNHak=
-42,-80,bPTxkzP1GyXmCvJVUjwQNGN/7kU=,mTGE9xMraWDjT2SRhAoLVYDNHak=
-43,-80,bPTxkzP1GyXmCvJVUjwQNGN/7kU=,mTGE9xMraWDjT2SRhAoLVYDNHak=
-40,-77,bPTxkzP1GyXmCvJVUjwQNGN/7kU=,9IlZPl748UfS5hxNwASKLUqm+HQ=
-38,-85,bPTxkzP1GyXmCvJVUjwQNGN/7kU=,1k434UDYDTH7z2A1GN0IVRAovLM=
-37,-85,bPTxkzP1GyXmCvJVUjwQNGN/7kU=,1k434UDYDTH7z2A1GN0IVRAovLM=
-36,-84,bPTxkzP1GyXmCvJVUjwQNGN/7kU=,1k434UDYDTH7z2A1GN0IVRAovLM=
-36,-85,bPTxkzP1GyXmCvJVUjwQNGN/7kU=,1k434UDYDTH7z2A1GN0IVRAovLM=
-38,-86,bPTxkzP1GyXmCvJVUjwQNGN/7kU=,1k434UDYDTH7z2A1GN0IVRAovLM=
-34,-86,bPTxkzP1GyXmCvJVUjwQNGN/7kU=,1k434UDYDTH7z2A1GN0IVRAovLM=
-34,-82,bPTxkzP1GyXmCvJVUjwQNGN/7kU=,1k434UDYDTH7z2A1GN0IVRAovLM=
-35,-82,bPTxkzP1GyXmCvJVUjwQNGN/7kU=,1k434UDYDTH7z2A1GN0IVRAovLM=
-36,-82,bPTxkzP1GyXmCvJVUjwQNGN/7kU=,1k434UDYDTH7z2A1GN0IVRAovLM=
-37,-82,bPTxkzP1GyXmCvJVUjwQNGN/7kU=,1k434UDYDTH7z2A1GN0IVRAovLM=
-38,-82,bPTxkzP1GyXmCvJVUjwQNGN/7kU=,1k434UDYDTH7z2A1GN0IVRAovLM=
-35,-83,bPTxkzP1GyXmCvJVUjwQNGN/7kU=,1k434UDYDTH7z2A1GN0IVRAovLM=
-39,-86,bPTxkzP1GyXmCvJVUjwQNGN/7kU=,1k434UDYDTH7z2A1GN0IVRAovLM=
-37,-84,bPTxkzP1GyXmCvJVUjwQNGN/7kU=,1k434UDYDTH7z2A1GN0IVRAovLM=
-34,-87,bPTxkzP1GyXmCvJVUjwQNGN/7kU=,1k434UDYDTH7z2A1GN0IVRAovLM=
-35,-87,bPTxkzP1GyXmCvJVUjwQNGN/7kU=,1k434UDYDTH7z2A1GN0IVRAovLM=
-36,-83,bPTxkzP1GyXmCvJVUjwQNGN/7kU=,1k434UDYDTH7z2A1GN0IVRAovLM=
-37,-83,bPTxkzP1GyXmCvJVUjwQNGN/7kU=,1k434UDYDTH7z2A1GN0IVRAovLM=
-36,-87,bPTxkzP1GyXmCvJVUjwQNGN/7kU=,1k434UDYDTH7z2A1GN0IVRAovLM=
-38,-94,bPTxkzP1GyXmCvJVUjwQNGN/7kU=,GdBGxGiKyiUrJC7gKkTPWdVT/s4=
-37,-94,bPTxkzP1GyXmCvJVUjwQNGN/7kU=,GdBGxGiKyiUrJC7gKkTPWdVT/s4=
-36,-94,bPTxkzP1GyXmCvJVUjwQNGN/7kU=,GdBGxGiKyiUrJC7gKkTPWdVT/s4=
-35,-94,bPTxkzP1GyXmCvJVUjwQNGN/7kU=,GdBGxGiKyiUrJC7gKkTPWdVT/s4=
-34,-94,bPTxkzP1GyXmCvJVUjwQNGN/7kU=,GdBGxGiKyiUrJC7gKkTPWdVT/s4=
-36,-93,bPTxkzP1GyXmCvJVUjwQNGN/7kU=,GdBGxGiKyiUrJC7gKkTPWdVT/s4=
-35,-93,bPTxkzP1GyXmCvJVUjwQNGN/7kU=,GdBGxGiKyiUrJC7gKkTPWdVT/s4=
-34,-93,bPTxkzP1GyXmCvJVUjwQNGN/7kU=,GdBGxGiKyiUrJC7gKkTPWdVT/s4=
-36,-92,bPTxkzP1GyXmCvJVUjwQNGN/7kU=,GdBGxGiKyiUrJC7gKkTPWdVT/s4=
-35,-92,bPTxkzP1GyXmCvJVUjwQNGN/7kU=,GdBGxGiKyiUrJC7gKkTPWdVT/s4=
-34,-92,bPTxkzP1GyXmCvJVUjwQNGN/7kU=,GdBGxGiKyiUrJC7gKkTPWdVT/s4=
-37,-95,bPTxkzP1GyXmCvJVUjwQNGN/7kU=,GdBGxGiKyiUrJC7gKkTPWdVT/s4=
-37,-91,bPTxkzP1GyXmCvJVUjwQNGN/7kU=,GdBGxGiKyiUrJC7gKkTPWdVT/s4=
-36,-91,bPTxkzP1GyXmCvJVUjwQNGN/7kU=,GdBGxGiKyiUrJC7gKkTPWdVT/s4=
-34,-91,bPTxkzP1GyXmCvJVUjwQNGN/7kU=,GdBGxGiKyiUrJC7gKkTPWdVT/s4=
-39,-90,bPTxkzP1GyXmCvJVUjwQNGN/7kU=,GdBGxGiKyiUrJC7gKkTPWdVT/s4=
-38,-90,bPTxkzP1GyXmCvJVUjwQNGN/7kU=,GdBGxGiKyiUrJC7gKkTPWdVT/s4=
-37,-90,bPTxkzP1GyXmCvJVUjwQNGN/7kU=,GdBGxGiKyiUrJC7gKkTPWdVT/s4=
-36,-95,bPTxkzP1GyXmCvJVUjwQNGN/7kU=,GdBGxGiKyiUrJC7gKkTPWdVT/s4=
-35,-95,bPTxkzP1GyXmCvJVUjwQNGN/7kU=,GdBGxGiKyiUrJC7gKkTPWdVT/s4=
-34,-95,bPTxkzP1GyXmCvJVUjwQNGN/7kU=,GdBGxGiKyiUrJC7gKkTPWdVT/s4=
-34,-90,bPTxkzP1GyXmCvJVUjwQNGN/7kU=,GdBGxGiKyiUrJC7gKkTPWdVT/s4=
-34,-83,bPTxkzP1GyXmCvJVUjwQNGN/7kU=,1k434UDYDTH7z2A1GN0IVRAovLM=
-35,-86,bPTxkzP1GyXmCvJVUjwQNGN/7kU=,1k434UDYDTH7z2A1GN0IVRAovLM=
-34,-84,bPTxkzP1GyXmCvJVUjwQNGN/7kU=,1k434UDYDTH7z2A1GN0IVRAovLM=
-34,-85,bPTxkzP1GyXmCvJVUjwQNGN/7kU=,1k434UDYDTH7z2A1GN0IVRAovLM=
-33,-94,bPTxkzP1GyXmCvJVUjwQNGN/7kU=,GdBGxGiKyiUrJC7gKkTPWdVT/s4=
-33,-93,bPTxkzP1GyXmCvJVUjwQNGN/7kU=,GdBGxGiKyiUrJC7gKkTPWdVT/s4=
-33,-92,bPTxkzP1GyXmCvJVUjwQNGN/7kU=,GdBGxGiKyiUrJC7gKkTPWdVT/s4=
-33,-90,bPTxkzP1GyXmCvJVUjwQNGN/7kU=,GdBGxGiKyiUrJC7gKkTPWdVT/s4=
-33,-91,bPTxkzP1GyXmCvJVUjwQNGN/7kU=,GdBGxGiKyiUrJC7gKkTPWdVT/s4=
-33,-95,bPTxkzP1GyXmCvJVUjwQNGN/7kU=,GdBGxGiKyiUrJC7gKkTPWdVT/s4=
-35,-84,bPTxkzP1GyXmCvJVUjwQNGN/7kU=,1k434UDYDTH7z2A1GN0IVRAovLM=
-35,-85,bPTxkzP1GyXmCvJVUjwQNGN/7kU=,1k434UDYDTH7z2A1GN0IVRAovLM=
-36,-86,bPTxkzP1GyXmCvJVUjwQNGN/7kU=,1k434UDYDTH7z2A1GN0IVRAovLM=
-37,-86,bPTxkzP1GyXmCvJVUjwQNGN/7kU=,1k434UDYDTH7z2A1GN0IVRAovLM=
-38,-96,bPTxkzP1GyXmCvJVUjwQNGN/7kU=,GdBGxGiKyiUrJC7gKkTPWdVT/s4=
-34,-96,bPTxkzP1GyXmCvJVUjwQNGN/7kU=,GdBGxGiKyiUrJC7gKkTPWdVT/s4=
-35,-96,bPTxkzP1GyXmCvJVUjwQNGN/7kU=,GdBGxGiKyiUrJC7gKkTPWdVT/s4=
-36,-96,bPTxkzP1GyXmCvJVUjwQNGN/7kU=,GdBGxGiKyiUrJC7gKkTPWdVT/s4=
-37,-96,bPTxkzP1GyXmCvJVUjwQNGN/7kU=,GdBGxGiKyiUrJC7gKkTPWdVT/s4=
-33,-86,bPTxkzP1GyXmCvJVUjwQNGN/7kU=,1k434UDYDTH7z2A1GN0IVRAovLM=
-33,-82,bPTxkzP1GyXmCvJVUjwQNGN/7kU=,1k434UDYDTH7z2A1GN0IVRAovLM=
-33,-88,bPTxkzP1GyXmCvJVUjwQNGN/7kU=,1k434UDYDTH7z2A1GN0IVRAovLM=
-33,-89,bPTxkzP1GyXmCvJVUjwQNGN/7kU=,GdBGxGiKyiUrJC7gKkTPWdVT/s4=
-33,-87,bPTxkzP1GyXmCvJVUjwQNGN/7kU=,1k434UDYDTH7z2A1GN0IVRAovLM=
-33,-83,bPTxkzP1GyXmCvJVUjwQNGN/7kU=,1k434UDYDTH7z2A1GN0IVRAovLM=
-33,-84,bPTxkzP1GyXmCvJVUjwQNGN/7kU=,1k434UDYDTH7z2A1GN0IVRAovLM=
-33,-85,bPTxkzP1GyXmCvJVUjwQNGN/7kU=,1k434UDYDTH7z2A1GN0IVRAovLM=
-33,-96,bPTxkzP1GyXmCvJVUjwQNGN/7kU=,GdBGxGiKyiUrJC7gKkTPWdVT/s4=
-34,-88,bPTxkzP1GyXmCvJVUjwQNGN/7kU=,1k434UDYDTH7z2A1GN0IVRAovLM=
-36,-88,bPTxkzP1GyXmCvJVUjwQNGN/7kU=,1k434UDYDTH7z2A1GN0IVRAovLM=
-34,-89,bPTxkzP1GyXmCvJVUjwQNGN/7kU=,GdBGxGiKyiUrJC7gKkTPWdVT/s4=
-35,-91,bPTxkzP1GyXmCvJVUjwQNGN/7kU=,GdBGxGiKyiUrJC7gKkTPWdVT/s4=
-36,-90,bPTxkzP1GyXmCvJVUjwQNGN/7kU=,GdBGxGiKyiUrJC7gKkTPWdVT/s4=
-35,-88,bPTxkzP1GyXmCvJVUjwQNGN/7kU=,1k434UDYDTH7z2A1GN0IVRAovLM=
-35,-90,bPTxkzP1GyXmCvJVUjwQNGN/7kU=,GdBGxGiKyiUrJC7gKkTPWdVT/s4=
-36,-89,bPTxkzP1GyXmCvJVUjwQNGN/7kU=,GdBGxGiKyiUrJC7gKkTPWdVT/s4=
-38,-81,bPTxkzP1GyXmCvJVUjwQNGN/7kU=,1k434UDYDTH7z2A1GN0IVRAovLM=
-37,-81,bPTxkzP1GyXmCvJVUjwQNGN/7kU=,1k434UDYDTH7z2A1GN0IVRAovLM=
-36,-81,bPTxkzP1GyXmCvJVUjwQNGN/7kU=,1k434UDYDTH7z2A1GN0IVRAovLM=
-35,-81,bPTxkzP1GyXmCvJVUjwQNGN/7kU=,1k434UDYDTH7z2A1GN0IVRAovLM=
-34,-81,bPTxkzP1GyXmCvJVUjwQNGN/7kU=,1k434UDYDTH7z2A1GN0IVRAovLM=
-33,-81,bPTxkzP1GyXmCvJVUjwQNGN/7kU=,1k434UDYDTH7z2A1GN0IVRAovLM=
-35,-89,bPTxkzP1GyXmCvJVUjwQNGN/7kU=,GdBGxGiKyiUrJC7gKkTPWdVT/s4=
-44,-95,bPTxkzP1GyXmCvJVUjwQNGN/7kU=,0wuFk+MbD7c1zC2DGH01AHfZ5W4=
-40,-93,bPTxkzP1GyXmCvJVUjwQNGN/7kU=,GdBGxGiKyiUrJC7gKkTPWdVT/s4=
-45,-95,bPTxkzP1GyXmCvJVUjwQNGN/7kU=,0wuFk+MbD7c1zC2DGH01AHfZ5W4=
-46,-95,bPTxkzP1GyXmCvJVUjwQNGN/7kU=,0wuFk+MbD7c1zC2DGH01AHfZ5W4=
-43,-96,bPTxkzP1GyXmCvJVUjwQNGN/7kU=,0wuFk+MbD7c1zC2DGH01AHfZ5W4=
-44,-96,bPTxkzP1GyXmCvJVUjwQNGN/7kU=,0wuFk+MbD7c1zC2DGH01AHfZ5W4=
-45,-96,bPTxkzP1GyXmCvJVUjwQNGN/7kU=,0wuFk+MbD7c1zC2DGH01AHfZ5W4=
-46,-96,bPTxkzP1GyXmCvJVUjwQNGN/7kU=,0wuFk+MbD7c1zC2DGH01AHfZ5W4=
-40,-96,bPTxkzP1GyXmCvJVUjwQNGN/7kU=,GdBGxGiKyiUrJC7gKkTPWdVT/s4=
-44,-94,bPTxkzP1GyXmCvJVUjwQNGN/7kU=,0wuFk+MbD7c1zC2DGH01AHfZ5W4=
-41,-94,bPTxkzP1GyXmCvJVUjwQNGN/7kU=,0wuFk+MbD7c1zC2DGH01AHfZ5W4=
-40,-95,bPTxkzP1GyXmCvJVUjwQNGN/7kU=,GdBGxGiKyiUrJC7gKkTPWdVT/s4=
-48,-96,bPTxkzP1GyXmCvJVUjwQNGN/7kU=,0wuFk+MbD7c1zC2DGH01AHfZ5W4=
-40,-94,bPTxkzP1GyXmCvJVUjwQNGN/7kU=,GdBGxGiKyiUrJC7gKkTPWdVT/s4=
-43,-94,bPTxkzP1GyXmCvJVUjwQNGN/7kU=,0wuFk+MbD7c1zC2DGH01AHfZ5W4=
-45,-93,bPTxkzP1GyXmCvJVUjwQNGN/7kU=,0wuFk+MbD7c1zC2DGH01AHfZ5W4=
-42,-94,bPTxkzP1GyXmCvJVUjwQNGN/7kU=,0wuFk+MbD7c1zC2DGH01AHfZ5W4=
-47,-96,bPTxkzP1GyXmCvJVUjwQNGN/7kU=,0wuFk+MbD7c1zC2DGH01AHfZ5W4=
-39,-96,bPTxkzP1GyXmCvJVUjwQNGN/7kU=,GdBGxGiKyiUrJC7gKkTPWdVT/s4=
-48,-93,bPTxkzP1GyXmCvJVUjwQNGN/7kU=,0wuFk+MbD7c1zC2DGH01AHfZ5W4=
-38,-95,bPTxkzP1GyXmCvJVUjwQNGN/7kU=,GdBGxGiKyiUrJC7gKkTPWdVT/s4=
-46,-93,bPTxkzP1GyXmCvJVUjwQNGN/7kU=,0wuFk+MbD7c1zC2DGH01AHfZ5W4=
-48,-87,bPTxkzP1GyXmCvJVUjwQNGN/7kU=,KC0DbDxJ74YsPd4LYascLK5QQgY=
-47,-93,bPTxkzP1GyXmCvJVUjwQNGN/7kU=,0wuFk+MbD7c1zC2DGH01AHfZ5W4=
-39,-93,bPTxkzP1GyXmCvJVUjwQNGN/7kU=,GdBGxGiKyiUrJC7gKkTPWdVT/s4=
-45,-94,bPTxkzP1GyXmCvJVUjwQNGN/7kU=,0wuFk+MbD7c1zC2DGH01AHfZ5W4=
-43,-93,bPTxkzP1GyXmCvJVUjwQNGN/7kU=,0wuFk+MbD7c1zC2DGH01AHfZ5W4=
-40,-90,bPTxkzP1GyXmCvJVUjwQNGN/7kU=,GdBGxGiKyiUrJC7gKkTPWdVT/s4=
-42,-96,bPTxkzP1GyXmCvJVUjwQNGN/7kU=,0wuFk+MbD7c1zC2DGH01AHfZ5W4=
-42,-93,bPTxkzP1GyXmCvJVUjwQNGN/7kU=,0wuFk+MbD7c1zC2DGH01AHfZ5W4=
-37,-93,bPTxkzP1GyXmCvJVUjwQNGN/7kU=,GdBGxGiKyiUrJC7gKkTPWdVT/s4=
-46,-94,bPTxkzP1GyXmCvJVUjwQNGN/7kU=,0wuFk+MbD7c1zC2DGH01AHfZ5W4=
-39,-95,bPTxkzP1GyXmCvJVUjwQNGN/7kU=,GdBGxGiKyiUrJC7gKkTPWdVT/s4=
-41,-93,bPTxkzP1GyXmCvJVUjwQNGN/7kU=,0wuFk+MbD7c1zC2DGH01AHfZ5W4=
-38,-93,bPTxkzP1GyXmCvJVUjwQNGN/7kU=,GdBGxGiKyiUrJC7gKkTPWdVT/s4=
-48,-92,bPTxkzP1GyXmCvJVUjwQNGN/7kU=,0wuFk+MbD7c1zC2DGH01AHfZ5W4=
-39,-94,bPTxkzP1GyXmCvJVUjwQNGN/7kU=,GdBGxGiKyiUrJC7gKkTPWdVT/s4=
-48,-81,bPTxkzP1GyXmCvJVUjwQNGN/7kU=,KC0DbDxJ74YsPd4LYascLK5QQgY=
-47,-94,bPTxkzP1GyXmCvJVUjwQNGN/7kU=,0wuFk+MbD7c1zC2DGH01AHfZ5W4=
-44,-93,bPTxkzP1GyXmCvJVUjwQNGN/7kU=,0wuFk+MbD7c1zC2DGH01AHfZ5W4=
-46,-92,bPTxkzP1GyXmCvJVUjwQNGN/7kU=,0wuFk+MbD7c1zC2DGH01AHfZ5W4=
-43,-95,bPTxkzP1GyXmCvJVUjwQNGN/7kU=,0wuFk+MbD7c1zC2DGH01AHfZ5W4=
-48,-94,bPTxkzP1GyXmCvJVUjwQNGN/7kU=,0wuFk+MbD7c1zC2DGH01AHfZ5W4=
-45,-92,bPTxkzP1GyXmCvJVUjwQNGN/7kU=,0wuFk+MbD7c1zC2DGH01AHfZ5W4=
-40,-91,bPTxkzP1GyXmCvJVUjwQNGN/7kU=,GdBGxGiKyiUrJC7gKkTPWdVT/s4=
-41,-95,bPTxkzP1GyXmCvJVUjwQNGN/7kU=,0wuFk+MbD7c1zC2DGH01AHfZ5W4=
-47,-92,bPTxkzP1GyXmCvJVUjwQNGN/7kU=,0wuFk+MbD7c1zC2DGH01AHfZ5W4=
-47,-95,bPTxkzP1GyXmCvJVUjwQNGN/7kU=,0wuFk+MbD7c1zC2DGH01AHfZ5W4=
-41,-96,bPTxkzP1GyXmCvJVUjwQNGN/7kU=,0wuFk+MbD7c1zC2DGH01AHfZ5W4=
-42,-92,bPTxkzP1GyXmCvJVUjwQNGN/7kU=,0wuFk+MbD7c1zC2DGH01AHfZ5W4=
-43,-91,bPTxkzP1GyXmCvJVUjwQNGN/7kU=,0wuFk+MbD7c1zC2DGH01AHfZ5W4=
-43,-92,bPTxkzP1GyXmCvJVUjwQNGN/7kU=,0wuFk+MbD7c1zC2DGH01AHfZ5W4=
-48,-91,bPTxkzP1GyXmCvJVUjwQNGN/7kU=,0wuFk+MbD7c1zC2DGH01AHfZ5W4=
-41,-92,bPTxkzP1GyXmCvJVUjwQNGN/7kU=,0wuFk+MbD7c1zC2DGH01AHfZ5W4=
-47,-91,bPTxkzP1GyXmCvJVUjwQNGN/7kU=,0wuFk+MbD7c1zC2DGH01AHfZ5W4=
-46,-91,bPTxkzP1GyXmCvJVUjwQNGN/7kU=,0wuFk+MbD7c1zC2DGH01AHfZ5W4=
-41,-90,bPTxkzP1GyXmCvJVUjwQNGN/7kU=,0wuFk+MbD7c1zC2DGH01AHfZ5W4=
-40,-92,bPTxkzP1GyXmCvJVUjwQNGN/7kU=,GdBGxGiKyiUrJC7gKkTPWdVT/s4=
-42,-95,bPTxkzP1GyXmCvJVUjwQNGN/7kU=,0wuFk+MbD7c1zC2DGH01AHfZ5W4=
-44,-92,bPTxkzP1GyXmCvJVUjwQNGN/7kU=,0wuFk+MbD7c1zC2DGH01AHfZ5W4=
-48,-82,bPTxkzP1GyXmCvJVUjwQNGN/7kU=,KC0DbDxJ74YsPd4LYascLK5QQgY=
-37,-89,bPTxkzP1GyXmCvJVUjwQNGN/7kU=,GdBGxGiKyiUrJC7gKkTPWdVT/s4=
-45,-91,bPTxkzP1GyXmCvJVUjwQNGN/7kU=,0wuFk+MbD7c1zC2DGH01AHfZ5W4=
-48,-95,bPTxkzP1GyXmCvJVUjwQNGN/7kU=,0wuFk+MbD7c1zC2DGH01AHfZ5W4=
-42,-91,bPTxkzP1GyXmCvJVUjwQNGN/7kU=,0wuFk+MbD7c1zC2DGH01AHfZ5W4=
-48,-83,bPTxkzP1GyXmCvJVUjwQNGN/7kU=,KC0DbDxJ74YsPd4LYascLK5QQgY=
-38,-89,bPTxkzP1GyXmCvJVUjwQNGN/7kU=,GdBGxGiKyiUrJC7gKkTPWdVT/s4=
-47,-90,bPTxkzP1GyXmCvJVUjwQNGN/7kU=,0wuFk+MbD7c1zC2DGH01AHfZ5W4=
-41,-91,bPTxkzP1GyXmCvJVUjwQNGN/7kU=,0wuFk+MbD7c1zC2DGH01AHfZ5W4=
-44,-91,bPTxkzP1GyXmCvJVUjwQNGN/7kU=,0wuFk+MbD7c1zC2DGH01AHfZ5W4=
-41,-89,bPTxkzP1GyXmCvJVUjwQNGN/7kU=,0wuFk+MbD7c1zC2DGH01AHfZ5W4=
-43,-90,bPTxkzP1GyXmCvJVUjwQNGN/7kU=,0wuFk+MbD7c1zC2DGH01AHfZ5W4=
-40,-89,bPTxkzP1GyXmCvJVUjwQNGN/7kU=,GdBGxGiKyiUrJC7gKkTPWdVT/s4=
-42,-89,bPTxkzP1GyXmCvJVUjwQNGN/7kU=,0wuFk+MbD7c1zC2DGH01AHfZ5W4=
-47,-84,bPTxkzP1GyXmCvJVUjwQNGN/7kU=,KC0DbDxJ74YsPd4LYascLK5QQgY=
-48,-84,bPTxkzP1GyXmCvJVUjwQNGN/7kU=,KC0DbDxJ74YsPd4LYascLK5QQgY=
-48,-85,bPTxkzP1GyXmCvJVUjwQNGN/7kU=,KC0DbDxJ74YsPd4LYascLK5QQgY=
-47,-86,bPTxkzP1GyXmCvJVUjwQNGN/7kU=,KC0DbDxJ74YsPd4LYascLK5QQgY=
-48,-86,bPTxkzP1GyXmCvJVUjwQNGN/7kU=,KC0DbDxJ74YsPd4LYascLK5QQgY=
-46,-90,bPTxkzP1GyXmCvJVUjwQNGN/7kU=,0wuFk+MbD7c1zC2DGH01AHfZ5W4=
-42,-90,bPTxkzP1GyXmCvJVUjwQNGN/7kU=,0wuFk+MbD7c1zC2DGH01AHfZ5W4=
-48,-89,bPTxkzP1GyXmCvJVUjwQNGN/7kU=,0wuFk+MbD7c1zC2DGH01AHfZ5W4=
-39,-85,bPTxkzP1GyXmCvJVUjwQNGN/7kU=,1k434UDYDTH7z2A1GN0IVRAovLM=
-42,-87,bPTxkzP1GyXmCvJVUjwQNGN/7kU=,KC0DbDxJ74YsPd4LYascLK5QQgY=
-46,-89,bPTxkzP1GyXmCvJVUjwQNGN/7kU=,0wuFk+MbD7c1zC2DGH01AHfZ5W4=
-45,-90,wo9GDsIV5z6p33tV3cBbrtlgrEU=,0wuFk+MbD7c1zC2DGH01AHfZ5W4=
-48,-90,wo9GDsIV5z6p33tV3cBbrtlgrEU=,0wuFk+MbD7c1zC2DGH01AHfZ5W4=
-37,-92,wo9GDsIV5z6p33tV3cBbrtlgrEU=,GdBGxGiKyiUrJC7gKkTPWdVT/s4=
-47,-89,wo9GDsIV5z6p33tV3cBbrtlgrEU=,0wuFk+MbD7c1zC2DGH01AHfZ5W4=
-38,-83,wo9GDsIV5z6p33tV3cBbrtlgrEU=,1k434UDYDTH7z2A1GN0IVRAovLM=
-44,-89,wo9GDsIV5z6p33tV3cBbrtlgrEU=,0wuFk+MbD7c1zC2DGH01AHfZ5W4=
-39,-91,wo9GDsIV5z6p33tV3cBbrtlgrEU=,GdBGxGiKyiUrJC7gKkTPWdVT/s4=
-37,-87,wo9GDsIV5z6p33tV3cBbrtlgrEU=,1k434UDYDTH7z2A1GN0IVRAovLM=
-38,-91,wo9GDsIV5z6p33tV3cBbrtlgrEU=,GdBGxGiKyiUrJC7gKkTPWdVT/s4=
-44,-90,wo9GDsIV5z6p33tV3cBbrtlgrEU=,0wuFk+MbD7c1zC2DGH01AHfZ5W4=
-38,-84,wo9GDsIV5z6p33tV3cBbrtlgrEU=,1k434UDYDTH7z2A1GN0IVRAovLM=
-38,-92,wo9GDsIV5z6p33tV3cBbrtlgrEU=,GdBGxGiKyiUrJC7gKkTPWdVT/s4=
-39,-89,wo9GDsIV5z6p33tV3cBbrtlgrEU=,GdBGxGiKyiUrJC7gKkTPWdVT/s4=
-40,-87,wo9GDsIV5z6p33tV3cBbrtlgrEU=,1k434UDYDTH7z2A1GN0IVRAovLM=
-39,-84,wo9GDsIV5z6p33tV3cBbrtlgrEU=,1k434UDYDTH7z2A1GN0IVRAovLM=
-37,-88,wo9GDsIV5z6p33tV3cBbrtlgrEU=,1k434UDYDTH7z2A1GN0IVRAovLM=
-39,-88,wo9GDsIV5z6p33tV3cBbrtlgrEU=,1k434UDYDTH7z2A1GN0IVRAovLM=
-39,-87,wo9GDsIV5z6p33tV3cBbrtlgrEU=,1k434UDYDTH7z2A1GN0IVRAovLM=
-38,-87,wo9GDsIV5z6p33tV3cBbrtlgrEU=,1k434UDYDTH7z2A1GN0IVRAovLM=
-39,-82,wo9GDsIV5z6p33tV3cBbrtlgrEU=,1k434UDYDTH7z2A1GN0IVRAovLM=
-39,-81,wo9GDsIV5z6p33tV3cBbrtlgrEU=,1k434UDYDTH7z2A1GN0IVRAovLM=
-47,-87,wo9GDsIV5z6p33tV3cBbrtlgrEU=,KC0DbDxJ74YsPd4LYascLK5QQgY=
-43,-89,wo9GDsIV5z6p33tV3cBbrtlgrEU=,0wuFk+MbD7c1zC2DGH01AHfZ5W4=
-45,-87,wo9GDsIV5z6p33tV3cBbrtlgrEU=,KC0DbDxJ74YsPd4LYascLK5QQgY=
-46,-87,wo9GDsIV5z6p33tV3cBbrtlgrEU=,KC0DbDxJ74YsPd4LYascLK5QQgY=
-41,-87,wo9GDsIV5z6p33tV3cBbrtlgrEU=,KC0DbDxJ74YsPd4LYascLK5QQgY=
-45,-89,wo9GDsIV5z6p33tV3cBbrtlgrEU=,0wuFk+MbD7c1zC2DGH01AHfZ5W4=
-39,-83,wo9GDsIV5z6p33tV3cBbrtlgrEU=,1k434UDYDTH7z2A1GN0IVRAovLM=
-44,-87,wo9GDsIV5z6p33tV3cBbrtlgrEU=,KC0DbDxJ74YsPd4LYascLK5QQgY=
-40,-85,wo9GDsIV5z6p33tV3cBbrtlgrEU=,1k434UDYDTH7z2A1GN0IVRAovLM=
-46,-86,wo9GDsIV5z6p33tV3cBbrtlgrEU=,KC0DbDxJ74YsPd4LYascLK5QQgY=
-41,-88,wo9GDsIV5z6p33tV3cBbrtlgrEU=,KC0DbDxJ74YsPd4LYascLK5QQgY=
-45,-81,wo9GDsIV5z6p33tV3cBbrtlgrEU=,KC0DbDxJ74YsPd4LYascLK5QQgY=
-45,-86,wo9GDsIV5z6p33tV3cBbrtlgrEU=,KC0DbDxJ74YsPd4LYascLK5QQgY=
-47,-81,wo9GDsIV5z6p33tV3cBbrtlgrEU=,KC0DbDxJ74YsPd4LYascLK5QQgY=
-43,-87,wo9GDsIV5z6p33tV3cBbrtlgrEU=,KC0DbDxJ74YsPd4LYascLK5QQgY=
-44,-81,wo9GDsIV5z6p33tV3cBbrtlgrEU=,KC0DbDxJ74YsPd4LYascLK5QQgY=
-39,-92,wo9GDsIV5z6p33tV3cBbrtlgrEU=,GdBGxGiKyiUrJC7gKkTPWdVT/s4=
-42,-88,wo9GDsIV5z6p33tV3cBbrtlgrEU=,KC0DbDxJ74YsPd4LYascLK5QQgY=
-44,-86,wo9GDsIV5z6p33tV3cBbrtlgrEU=,KC0DbDxJ74YsPd4LYascLK5QQgY=
-43,-81,wo9GDsIV5z6p33tV3cBbrtlgrEU=,KC0DbDxJ74YsPd4LYascLK5QQgY=
-42,-81,wo9GDsIV5z6p33tV3cBbrtlgrEU=,KC0DbDxJ74YsPd4LYascLK5QQgY=
-46,-81,wo9GDsIV5z6p33tV3cBbrtlgrEU=,KC0DbDxJ74YsPd4LYascLK5QQgY=
-47,-82,wo9GDsIV5z6p33tV3cBbrtlgrEU=,KC0DbDxJ74YsPd4LYascLK5QQgY=
-43,-88,wo9GDsIV5z6p33tV3cBbrtlgrEU=,KC0DbDxJ74YsPd4LYascLK5QQgY=
-38,-88,wo9GDsIV5z6p33tV3cBbrtlgrEU=,1k434UDYDTH7z2A1GN0IVRAovLM=
-46,-82,wo9GDsIV5z6p33tV3cBbrtlgrEU=,KC0DbDxJ74YsPd4LYascLK5QQgY=
-41,-82,wo9GDsIV5z6p33tV3cBbrtlgrEU=,KC0DbDxJ74YsPd4LYascLK5QQgY=
-44,-88,wo9GDsIV5z6p33tV3cBbrtlgrEU=,KC0DbDxJ74YsPd4LYascLK5QQgY=
-48,-88,wo9GDsIV5z6p33tV3cBbrtlgrEU=,KC0DbDxJ74YsPd4LYascLK5QQgY=
-45,-88,wo9GDsIV5z6p33tV3cBbrtlgrEU=,KC0DbDxJ74YsPd4LYascLK5QQgY=
-46,-88,wo9GDsIV5z6p33tV3cBbrtlgrEU=,KC0DbDxJ74YsPd4LYascLK5QQgY=
-40,-86,wo9GDsIV5z6p33tV3cBbrtlgrEU=,1k434UDYDTH7z2A1GN0IVRAovLM=
-44,-82,wo9GDsIV5z6p33tV3cBbrtlgrEU=,KC0DbDxJ74YsPd4LYascLK5QQgY=
-41,-83,wo9GDsIV5z6p33tV3cBbrtlgrEU=,KC0DbDxJ74YsPd4LYascLK5QQgY=
-46,-83,wo9GDsIV5z6p33tV3cBbrtlgrEU=,KC0DbDxJ74YsPd4LYascLK5QQgY=
-45,-83,wo9GDsIV5z6p33tV3cBbrtlgrEU=,KC0DbDxJ74YsPd4LYascLK5QQgY=
-43,-82,wo9GDsIV5z6p33tV3cBbrtlgrEU=,KC0DbDxJ74YsPd4LYascLK5QQgY=
-45,-82,wo9GDsIV5z6p33tV3cBbrtlgrEU=,KC0DbDxJ74YsPd4LYascLK5QQgY=
-44,-83,wo9GDsIV5z6p33tV3cBbrtlgrEU=,KC0DbDxJ74YsPd4LYascLK5QQgY=
-42,-84,wo9GDsIV5z6p33tV3cBbrtlgrEU=,KC0DbDxJ74YsPd4LYascLK5QQgY=
-42,-83,wo9GDsIV5z6p33tV3cBbrtlgrEU=,KC0DbDxJ74YsPd4LYascLK5QQgY=
-43,-86,wo9GDsIV5z6p33tV3cBbrtlgrEU=,KC0DbDxJ74YsPd4LYascLK5QQgY=
-47,-88,wo9GDsIV5z6p33tV3cBbrtlgrEU=,KC0DbDxJ74YsPd4LYascLK5QQgY=
-46,-84,wo9GDsIV5z6p33tV3cBbrtlgrEU=,KC0DbDxJ74YsPd4LYascLK5QQgY=
-41,-81,wo9GDsIV5z6p33tV3cBbrtlgrEU=,KC0DbDxJ74YsPd4LYascLK5QQgY=
-45,-84,wo9GDsIV5z6p33tV3cBbrtlgrEU=,KC0DbDxJ74YsPd4LYascLK5QQgY=
-47,-83,wo9GDsIV5z6p33tV3cBbrtlgrEU=,KC0DbDxJ74YsPd4LYascLK5QQgY=
-41,-84,wo9GDsIV5z6p33tV3cBbrtlgrEU=,KC0DbDxJ74YsPd4LYascLK5QQgY=
-42,-86,wo9GDsIV5z6p33tV3cBbrtlgrEU=,KC0DbDxJ74YsPd4LYascLK5QQgY=
-45,-85,wo9GDsIV5z6p33tV3cBbrtlgrEU=,KC0DbDxJ74YsPd4LYascLK5QQgY=
-47,-85,wo9GDsIV5z6p33tV3cBbrtlgrEU=,KC0DbDxJ74YsPd4LYascLK5QQgY=
-46,-85,wo9GDsIV5z6p33tV3cBbrtlgrEU=,KC0DbDxJ74YsPd4LYascLK5QQgY=
-44,-84,wo9GDsIV5z6p33tV3cBbrtlgrEU=,KC0DbDxJ74YsPd4LYascLK5QQgY=
-40,-88,wo9GDsIV5z6p33tV3cBbrtlgrEU=,1k434UDYDTH7z2A1GN0IVRAovLM=
-41,-86,wo9GDsIV5z6p33tV3cBbrtlgrEU=,KC0DbDxJ74YsPd4LYascLK5QQgY=
-42,-82,wo9GDsIV5z6p33tV3cBbrtlgrEU=,KC0DbDxJ74YsPd4LYascLK5QQgY=
-41,-85,wo9GDsIV5z6p33tV3cBbrtlgrEU=,KC0DbDxJ74YsPd4LYascLK5QQgY=
-40,-83,wo9GDsIV5z6p33tV3cBbrtlgrEU=,1k434UDYDTH7z2A1GN0IVRAovLM=
-40,-81,wo9GDsIV5z6p33tV3cBbrtlgrEU=,1k434UDYDTH7z2A1GN0IVRAovLM=
-40,-84,wo9GDsIV5z6p33tV3cBbrtlgrEU=,1k434UDYDTH7z2A1GN0IVRAovLM=
-40,-82,wo9GDsIV5z6p33tV3cBbrtlgrEU=,1k434UDYDTH7z2A1GN0IVRAovLM=
-44,-85,wo9GDsIV5z6p33tV3cBbrtlgrEU=,KC0DbDxJ74YsPd4LYascLK5QQgY=
-43,-84,wo9GDsIV5z6p33tV3cBbrtlgrEU=,KC0DbDxJ74YsPd4LYascLK5QQgY=
-43,-83,wo9GDsIV5z6p33tV3cBbrtlgrEU=,KC0DbDxJ74YsPd4LYascLK5QQgY=
-42,-85,wo9GDsIV5z6p33tV3cBbrtlgrEU=,KC0DbDxJ74YsPd4LYascLK5QQgY=
-43,-85,wo9GDsIV5z6p33tV3cBbrtlgrEU=,KC0DbDxJ74YsPd4LYascLK5QQgY=
-60,-94,1/23EXelMxTlWoY5eQgFEeQAB28=,lBoIbfMkkLsZ8/v/U2uEmnGpFSI=
-59,-94,1/23EXelMxTlWoY5eQgFEeQAB28=,lBoIbfMkkLsZ8/v/U2uEmnGpFSI=
-58,-94,1/23EXelMxTlWoY5eQgFEeQAB28=,lBoIbfMkkLsZ8/v/U2uEmnGpFSI=
-63,-93,1/23EXelMxTlWoY5eQgFEeQAB28=,lBoIbfMkkLsZ8/v/U2uEmnGpFSI=
-62,-93,1/23EXelMxTlWoY5eQgFEeQAB28=,lBoIbfMkkLsZ8/v/U2uEmnGpFSI=
-61,-93,1/23EXelMxTlWoY5eQgFEeQAB28=,lBoIbfMkkLsZ8/v/U2uEmnGpFSI=
-60,-93,1/23EXelMxTlWoY5eQgFEeQAB28=,lBoIbfMkkLsZ8/v/U2uEmnGpFSI=
-59,-93,1/23EXelMxTlWoY5eQgFEeQAB28=,lBoIbfMkkLsZ8/v/U2uEmnGpFSI=
-58,-93,1/23EXelMxTlWoY5eQgFEeQAB28=,lBoIbfMkkLsZ8/v/U2uEmnGpFSI=
-61,-94,1/23EXelMxTlWoY5eQgFEeQAB28=,lBoIbfMkkLsZ8/v/U2uEmnGpFSI=
-62,-94,1/23EXelMxTlWoY5eQgFEeQAB28=,lBoIbfMkkLsZ8/v/U2uEmnGpFSI=
-58,-95,1/23EXelMxTlWoY5eQgFEeQAB28=,lBoIbfMkkLsZ8/v/U2uEmnGpFSI=
-63,-94,1/23EXelMxTlWoY5eQgFEeQAB28=,lBoIbfMkkLsZ8/v/U2uEmnGpFSI=
-59,-95,1/23EXelMxTlWoY5eQgFEeQAB28=,lBoIbfMkkLsZ8/v/U2uEmnGpFSI=
-60,-95,1/23EXelMxTlWoY5eQgFEeQAB28=,lBoIbfMkkLsZ8/v/U2uEmnGpFSI=
-61,-95,1/23EXelMxTlWoY5eQgFEeQAB28=,lBoIbfMkkLsZ8/v/U2uEmnGpFSI=
-62,-95,1/23EXelMxTlWoY5eQgFEeQAB28=,lBoIbfMkkLsZ8/v/U2uEmnGpFSI=
-63,-95,1/23EXelMxTlWoY5eQgFEeQAB28=,lBoIbfMkkLsZ8/v/U2uEmnGpFSI=
-58,-90,1/23EXelMxTlWoY5eQgFEeQAB28=,lBoIbfMkkLsZ8/v/U2uEmnGpFSI=
-59,-90,1/23EXelMxTlWoY5eQgFEeQAB28=,lBoIbfMkkLsZ8/v/U2uEmnGpFSI=
-60,-90,1/23EXelMxTlWoY5eQgFEeQAB28=,lBoIbfMkkLsZ8/v/U2uEmnGpFSI=
-61,-90,1/23EXelMxTlWoY5eQgFEeQAB28=,lBoIbfMkkLsZ8/v/U2uEmnGpFSI=
-55,-83,1/23EXelMxTlWoY5eQgFEeQAB28=,O7jswli40mXUe/83qNk3+9VW7OE=
-54,-83,1/23EXelMxTlWoY5eQgFEeQAB28=,O7jswli40mXUe/83qNk3+9VW7OE=
-55,-84,1/23EXelMxTlWoY5eQgFEeQAB28=,O7jswli40mXUe/83qNk3+9VW7OE=
-53,-83,1/23EXelMxTlWoY5eQgFEeQAB28=,O7jswli40mXUe/83qNk3+9VW7OE=
-52,-83,1/23EXelMxTlWoY5eQgFEeQAB28=,O7jswli40mXUe/83qNk3+9VW7OE=
-51,-83,1/23EXelMxTlWoY5eQgFEeQAB28=,O7jswli40mXUe/83qNk3+9VW7OE=
-54,-84,1/23EXelMxTlWoY5eQgFEeQAB28=,O7jswli40mXUe/83qNk3+9VW7OE=
-50,-83,1/23EXelMxTlWoY5eQgFEeQAB28=,O7jswli40mXUe/83qNk3+9VW7OE=
-55,-85,1/23EXelMxTlWoY5eQgFEeQAB28=,O7jswli40mXUe/83qNk3+9VW7OE=
-50,-87,1/23EXelMxTlWoY5eQgFEeQAB28=,O7jswli40mXUe/83qNk3+9VW7OE=
-55,-82,1/23EXelMxTlWoY5eQgFEeQAB28=,O7jswli40mXUe/83qNk3+9VW7OE=
-54,-82,1/23EXelMxTlWoY5eQgFEeQAB28=,O7jswli40mXUe/83qNk3+9VW7OE=
-53,-84,1/23EXelMxTlWoY5eQgFEeQAB28=,O7jswli40mXUe/83qNk3+9VW7OE=
-53,-82,1/23EXelMxTlWoY5eQgFEeQAB28=,O7jswli40mXUe/83qNk3+9VW7OE=
-54,-86,1/23EXelMxTlWoY5eQgFEeQAB28=,O7jswli40mXUe/83qNk3+9VW7OE=
-54,-85,1/23EXelMxTlWoY5eQgFEeQAB28=,O7jswli40mXUe/83qNk3+9VW7OE=
-52,-82,1/23EXelMxTlWoY5eQgFEeQAB28=,O7jswli40mXUe/83qNk3+9VW7OE=
-53,-86,1/23EXelMxTlWoY5eQgFEeQAB28=,O7jswli40mXUe/83qNk3+9VW7OE=
-52,-84,1/23EXelMxTlWoY5eQgFEeQAB28=,O7jswli40mXUe/83qNk3+9VW7OE=
-51,-82,1/23EXelMxTlWoY5eQgFEeQAB28=,O7jswli40mXUe/83qNk3+9VW7OE=
-52,-86,1/23EXelMxTlWoY5eQgFEeQAB28=,O7jswli40mXUe/83qNk3+9VW7OE=
-50,-82,1/23EXelMxTlWoY5eQgFEeQAB28=,O7jswli40mXUe/83qNk3+9VW7OE=
-53,-87,1/23EXelMxTlWoY5eQgFEeQAB28=,O7jswli40mXUe/83qNk3+9VW7OE=
-53,-85,1/23EXelMxTlWoY5eQgFEeQAB28=,O7jswli40mXUe/83qNk3+9VW7OE=
-52,-87,1/23EXelMxTlWoY5eQgFEeQAB28=,O7jswli40mXUe/83qNk3+9VW7OE=
-51,-84,1/23EXelMxTlWoY5eQgFEeQAB28=,O7jswli40mXUe/83qNk3+9VW7OE=
-52,-85,1/23EXelMxTlWoY5eQgFEeQAB28=,O7jswli40mXUe/83qNk3+9VW7OE=
-51,-87,1/23EXelMxTlWoY5eQgFEeQAB28=,O7jswli40mXUe/83qNk3+9VW7OE=
-51,-85,1/23EXelMxTlWoY5eQgFEeQAB28=,O7jswli40mXUe/83qNk3+9VW7OE=
-50,-85,1/23EXelMxTlWoY5eQgFEeQAB28=,O7jswli40mXUe/83qNk3+9VW7OE=
-51,-86,1/23EXelMxTlWoY5eQgFEeQAB28=,O7jswli40mXUe/83qNk3+9VW7OE=
-50,-86,1/23EXelMxTlWoY5eQgFEeQAB28=,O7jswli40mXUe/83qNk3+9VW7OE=
-50,-84,1/23EXelMxTlWoY5eQgFEeQAB28=,O7jswli40mXUe/83qNk3+9VW7OE=
-62,-90,1/23EXelMxTlWoY5eQgFEeQAB28=,lBoIbfMkkLsZ8/v/U2uEmnGpFSI=
-63,-90,1/23EXelMxTlWoY5eQgFEeQAB28=,lBoIbfMkkLsZ8/v/U2uEmnGpFSI=
-58,-91,1/23EXelMxTlWoY5eQgFEeQAB28=,lBoIbfMkkLsZ8/v/U2uEmnGpFSI=
-59,-91,1/23EXelMxTlWoY5eQgFEeQAB28=,lBoIbfMkkLsZ8/v/U2uEmnGpFSI=
-60,-91,1/23EXelMxTlWoY5eQgFEeQAB28=,lBoIbfMkkLsZ8/v/U2uEmnGpFSI=
-61,-91,1/23EXelMxTlWoY5eQgFEeQAB28=,lBoIbfMkkLsZ8/v/U2uEmnGpFSI=
-62,-91,1/23EXelMxTlWoY5eQgFEeQAB28=,lBoIbfMkkLsZ8/v/U2uEmnGpFSI=
-63,-91,1/23EXelMxTlWoY5eQgFEeQAB28=,lBoIbfMkkLsZ8/v/U2uEmnGpFSI=
-58,-92,1/23EXelMxTlWoY5eQgFEeQAB28=,lBoIbfMkkLsZ8/v/U2uEmnGpFSI=
-59,-92,1/23EXelMxTlWoY5eQgFEeQAB28=,lBoIbfMkkLsZ8/v/U2uEmnGpFSI=
-60,-92,1/23EXelMxTlWoY5eQgFEeQAB28=,lBoIbfMkkLsZ8/v/U2uEmnGpFSI=
-61,-92,1/23EXelMxTlWoY5eQgFEeQAB28=,lBoIbfMkkLsZ8/v/U2uEmnGpFSI=
-62,-92,1/23EXelMxTlWoY5eQgFEeQAB28=,lBoIbfMkkLsZ8/v/U2uEmnGpFSI=
-63,-92,1/23EXelMxTlWoY5eQgFEeQAB28=,lBoIbfMkkLsZ8/v/U2uEmnGpFSI=
-63,-87,1/23EXelMxTlWoY5eQgFEeQAB28=,D0SaTiiAbGGVeKMcE2m0UEwFLJA=
-56,-83,1/23EXelMxTlWoY5eQgFEeQAB28=,O7jswli40mXUe/83qNk3+9VW7OE=
-56,-84,1/23EXelMxTlWoY5eQgFEeQAB28=,O7jswli40mXUe/83qNk3+9VW7OE=
-60,-88,1/23EXelMxTlWoY5eQgFEeQAB28=,D0SaTiiAbGGVeKMcE2m0UEwFLJA=
-61,-88,1/23EXelMxTlWoY5eQgFEeQAB28=,D0SaTiiAbGGVeKMcE2m0UEwFLJA=
-61,-82,1/23EXelMxTlWoY5eQgFEeQAB28=,D0SaTiiAbGGVeKMcE2m0UEwFLJA=
-62,-88,1/23EXelMxTlWoY5eQgFEeQAB28=,D0SaTiiAbGGVeKMcE2m0UEwFLJA=
-63,-88,1/23EXelMxTlWoY5eQgFEeQAB28=,D0SaTiiAbGGVeKMcE2m0UEwFLJA=
-58,-89,1/23EXelMxTlWoY5eQgFEeQAB28=,lBoIbfMkkLsZ8/v/U2uEmnGpFSI=
-59,-89,1/23EXelMxTlWoY5eQgFEeQAB28=,lBoIbfMkkLsZ8/v/U2uEmnGpFSI=
-60,-89,1/23EXelMxTlWoY5eQgFEeQAB28=,lBoIbfMkkLsZ8/v/U2uEmnGpFSI=
-61,-89,1/23EXelMxTlWoY5eQgFEeQAB28=,lBoIbfMkkLsZ8/v/U2uEmnGpFSI=
-62,-89,1/23EXelMxTlWoY5eQgFEeQAB28=,lBoIbfMkkLsZ8/v/U2uEmnGpFSI=
-63,-89,1/23EXelMxTlWoY5eQgFEeQAB28=,lBoIbfMkkLsZ8/v/U2uEmnGpFSI=
-63,-84,1/23EXelMxTlWoY5eQgFEeQAB28=,D0SaTiiAbGGVeKMcE2m0UEwFLJA=
-63,-85,1/23EXelMxTlWoY5eQgFEeQAB28=,D0SaTiiAbGGVeKMcE2m0UEwFLJA=
-62,-85,1/23EXelMxTlWoY5eQgFEeQAB28=,D0SaTiiAbGGVeKMcE2m0UEwFLJA=
-62,-86,1/23EXelMxTlWoY5eQgFEeQAB28=,D0SaTiiAbGGVeKMcE2m0UEwFLJA=
-63,-86,1/23EXelMxTlWoY5eQgFEeQAB28=,D0SaTiiAbGGVeKMcE2m0UEwFLJA=
-61,-87,1/23EXelMxTlWoY5eQgFEeQAB28=,D0SaTiiAbGGVeKMcE2m0UEwFLJA=
-62,-87,1/23EXelMxTlWoY5eQgFEeQAB28=,D0SaTiiAbGGVeKMcE2m0UEwFLJA=
-64,-93,1/23EXelMxTlWoY5eQgFEeQAB28=,lBoIbfMkkLsZ8/v/U2uEmnGpFSI=
-64,-92,1/23EXelMxTlWoY5eQgFEeQAB28=,lBoIbfMkkLsZ8/v/U2uEmnGpFSI=
-64,-91,1/23EXelMxTlWoY5eQgFEeQAB28=,lBoIbfMkkLsZ8/v/U2uEmnGpFSI=
-64,-90,1/23EXelMxTlWoY5eQgFEeQAB28=,lBoIbfMkkLsZ8/v/U2uEmnGpFSI=
-64,-95,1/23EXelMxTlWoY5eQgFEeQAB28=,lBoIbfMkkLsZ8/v/U2uEmnGpFSI=
-64,-94,1/23EXelMxTlWoY5eQgFEeQAB28=,lBoIbfMkkLsZ8/v/U2uEmnGpFSI=
-63,-96,1/23EXelMxTlWoY5eQgFEeQAB28=,lBoIbfMkkLsZ8/v/U2uEmnGpFSI=
-62,-96,1/23EXelMxTlWoY5eQgFEeQAB28=,lBoIbfMkkLsZ8/v/U2uEmnGpFSI=
-61,-96,1/23EXelMxTlWoY5eQgFEeQAB28=,lBoIbfMkkLsZ8/v/U2uEmnGpFSI=
-60,-96,1/23EXelMxTlWoY5eQgFEeQAB28=,lBoIbfMkkLsZ8/v/U2uEmnGpFSI=
-59,-96,1/23EXelMxTlWoY5eQgFEeQAB28=,lBoIbfMkkLsZ8/v/U2uEmnGpFSI=
-58,-96,1/23EXelMxTlWoY5eQgFEeQAB28=,lBoIbfMkkLsZ8/v/U2uEmnGpFSI=
-64,-87,1/23EXelMxTlWoY5eQgFEeQAB28=,D0SaTiiAbGGVeKMcE2m0UEwFLJA=
-64,-86,1/23EXelMxTlWoY5eQgFEeQAB28=,D0SaTiiAbGGVeKMcE2m0UEwFLJA=
-64,-85,1/23EXelMxTlWoY5eQgFEeQAB28=,D0SaTiiAbGGVeKMcE2m0UEwFLJA=
-64,-84,1/23EXelMxTlWoY5eQgFEeQAB28=,D0SaTiiAbGGVeKMcE2m0UEwFLJA=
-64,-89,1/23EXelMxTlWoY5eQgFEeQAB28=,lBoIbfMkkLsZ8/v/U2uEmnGpFSI=
-64,-88,1/23EXelMxTlWoY5eQgFEeQAB28=,D0SaTiiAbGGVeKMcE2m0UEwFLJA=
-61,-86,1/23EXelMxTlWoY5eQgFEeQAB28=,D0SaTiiAbGGVeKMcE2m0UEwFLJA=
-61,-85,1/23EXelMxTlWoY5eQgFEeQAB28=,D0SaTiiAbGGVeKMcE2m0UEwFLJA=
-56,-94,1/23EXelMxTlWoY5eQgFEeQAB28=,xDDSzJpVD4GAvLOG9nntFKo5mBM=
-55,-94,1/23EXelMxTlWoY5eQgFEeQAB28=,xDDSzJpVD4GAvLOG9nntFKo5mBM=
-57,-94,1/23EXelMxTlWoY5eQgFEeQAB28=,lBoIbfMkkLsZ8/v/U2uEmnGpFSI=
-54,-94,1/23EXelMxTlWoY5eQgFEeQAB28=,xDDSzJpVD4GAvLOG9nntFKo5mBM=
-53,-94,1/23EXelMxTlWoY5eQgFEeQAB28=,xDDSzJpVD4GAvLOG9nntFKo5mBM=
-52,-94,1/23EXelMxTlWoY5eQgFEeQAB28=,xDDSzJpVD4GAvLOG9nntFKo5mBM=
-50,-95,1/23EXelMxTlWoY5eQgFEeQAB28=,xDDSzJpVD4GAvLOG9nntFKo5mBM=
-51,-95,1/23EXelMxTlWoY5eQgFEeQAB28=,xDDSzJpVD4GAvLOG9nntFKo5mBM=
-52,-95,1/23EXelMxTlWoY5eQgFEeQAB28=,xDDSzJpVD4GAvLOG9nntFKo5mBM=
-53,-95,1/23EXelMxTlWoY5eQgFEeQAB28=,xDDSzJpVD4GAvLOG9nntFKo5mBM=
-57,-95,1/23EXelMxTlWoY5eQgFEeQAB28=,lBoIbfMkkLsZ8/v/U2uEmnGpFSI=
-54,-95,1/23EXelMxTlWoY5eQgFEeQAB28=,xDDSzJpVD4GAvLOG9nntFKo5mBM=
-57,-96,1/23EXelMxTlWoY5eQgFEeQAB28=,lBoIbfMkkLsZ8/v/U2uEmnGpFSI=
-55,-95,1/23EXelMxTlWoY5eQgFEeQAB28=,xDDSzJpVD4GAvLOG9nntFKo5mBM=
-56,-95,1/23EXelMxTlWoY5eQgFEeQAB28=,xDDSzJpVD4GAvLOG9nntFKo5mBM=
-50,-96,1/23EXelMxTlWoY5eQgFEeQAB28=,xDDSzJpVD4GAvLOG9nntFKo5mBM=
-51,-96,1/23EXelMxTlWoY5eQgFEeQAB28=,xDDSzJpVD4GAvLOG9nntFKo5mBM=
-52,-96,1/23EXelMxTlWoY5eQgFEeQAB28=,xDDSzJpVD4GAvLOG9nntFKo5mBM=
-55,-96,1/23EXelMxTlWoY5eQgFEeQAB28=,xDDSzJpVD4GAvLOG9nntFKo5mBM=
-53,-96,1/23EXelMxTlWoY5eQgFEeQAB28=,xDDSzJpVD4GAvLOG9nntFKo5mBM=
-54,-96,1/23EXelMxTlWoY5eQgFEeQAB28=,xDDSzJpVD4GAvLOG9nntFKo5mBM=
-56,-96,1/23EXelMxTlWoY5eQgFEeQAB28=,xDDSzJpVD4GAvLOG9nntFKo5mBM=
-51,-88,1/23EXelMxTlWoY5eQgFEeQAB28=,O7jswli40mXUe/83qNk3+9VW7OE=
-57,-90,1/23EXelMxTlWoY5eQgFEeQAB28=,lBoIbfMkkLsZ8/v/U2uEmnGpFSI=
-57,-91,1/23EXelMxTlWoY5eQgFEeQAB28=,lBoIbfMkkLsZ8/v/U2uEmnGpFSI=
-56,-91,1/23EXelMxTlWoY5eQgFEeQAB28=,xDDSzJpVD4GAvLOG9nntFKo5mBM=
-56,-92,1/23EXelMxTlWoY5eQgFEeQAB28=,xDDSzJpVD4GAvLOG9nntFKo5mBM=
-55,-93,1/23EXelMxTlWoY5eQgFEeQAB28=,xDDSzJpVD4GAvLOG9nntFKo5mBM=
-57,-92,1/23EXelMxTlWoY5eQgFEeQAB28=,lBoIbfMkkLsZ8/v/U2uEmnGpFSI=
-56,-93,1/23EXelMxTlWoY5eQgFEeQAB28=,xDDSzJpVD4GAvLOG9nntFKo5mBM=
-60,-87,1/23EXelMxTlWoY5eQgFEeQAB28=,D0SaTiiAbGGVeKMcE2m0UEwFLJA=
-55,-86,1/23EXelMxTlWoY5eQgFEeQAB28=,O7jswli40mXUe/83qNk3+9VW7OE=
-56,-87,1/23EXelMxTlWoY5eQgFEeQAB28=,O7jswli40mXUe/83qNk3+9VW7OE=
-57,-93,1/23EXelMxTlWoY5eQgFEeQAB28=,lBoIbfMkkLsZ8/v/U2uEmnGpFSI=
-56,-88,1/23EXelMxTlWoY5eQgFEeQAB28=,O7jswli40mXUe/83qNk3+9VW7OE=
-54,-93,1/23EXelMxTlWoY5eQgFEeQAB28=,xDDSzJpVD4GAvLOG9nntFKo5mBM=
-57,-89,1/23EXelMxTlWoY5eQgFEeQAB28=,lBoIbfMkkLsZ8/v/U2uEmnGpFSI=
-57,-88,1/23EXelMxTlWoY5eQgFEeQAB28=,D0SaTiiAbGGVeKMcE2m0UEwFLJA=
-58,-88,1/23EXelMxTlWoY5eQgFEeQAB28=,D0SaTiiAbGGVeKMcE2m0UEwFLJA=
-55,-87,1/23EXelMxTlWoY5eQgFEeQAB28=,O7jswli40mXUe/83qNk3+9VW7OE=
-59,-88,1/23EXelMxTlWoY5eQgFEeQAB28=,D0SaTiiAbGGVeKMcE2m0UEwFLJA=
-53,-93,1/23EXelMxTlWoY5eQgFEeQAB28=,xDDSzJpVD4GAvLOG9nntFKo5mBM=
-54,-87,1/23EXelMxTlWoY5eQgFEeQAB28=,O7jswli40mXUe/83qNk3+9VW7OE=
-55,-92,1/23EXelMxTlWoY5eQgFEeQAB28=,xDDSzJpVD4GAvLOG9nntFKo5mBM=
-56,-86,1/23EXelMxTlWoY5eQgFEeQAB28=,O7jswli40mXUe/83qNk3+9VW7OE=
-53,-89,1/23EXelMxTlWoY5eQgFEeQAB28=,xDDSzJpVD4GAvLOG9nntFKo5mBM=
-54,-88,1/23EXelMxTlWoY5eQgFEeQAB28=,O7jswli40mXUe/83qNk3+9VW7OE=
-59,-87,1/23EXelMxTlWoY5eQgFEeQAB28=,D0SaTiiAbGGVeKMcE2m0UEwFLJA=
-56,-85,1/23EXelMxTlWoY5eQgFEeQAB28=,O7jswli40mXUe/83qNk3+9VW7OE=
-53,-90,1/23EXelMxTlWoY5eQgFEeQAB28=,xDDSzJpVD4GAvLOG9nntFKo5mBM=
-53,-88,1/23EXelMxTlWoY5eQgFEeQAB28=,O7jswli40mXUe/83qNk3+9VW7OE=
-58,-87,1/23EXelMxTlWoY5eQgFEeQAB28=,D0SaTiiAbGGVeKMcE2m0UEwFLJA=
-56,-89,1/23EXelMxTlWoY5eQgFEeQAB28=,xDDSzJpVD4GAvLOG9nntFKo5mBM=
-54,-92,1/23EXelMxTlWoY5eQgFEeQAB28=,xDDSzJpVD4GAvLOG9nntFKo5mBM=
-54,-89,1/23EXelMxTlWoY5eQgFEeQAB28=,xDDSzJpVD4GAvLOG9nntFKo5mBM=
-55,-89,1/23EXelMxTlWoY5eQgFEeQAB28=,xDDSzJpVD4GAvLOG9nntFKo5mBM=
-55,-90,1/23EXelMxTlWoY5eQgFEeQAB28=,xDDSzJpVD4GAvLOG9nntFKo5mBM=
-55,-88,1/23EXelMxTlWoY5eQgFEeQAB28=,O7jswli40mXUe/83qNk3+9VW7OE=
-55,-91,1/23EXelMxTlWoY5eQgFEeQAB28=,xDDSzJpVD4GAvLOG9nntFKo5mBM=
-53,-91,1/23EXelMxTlWoY5eQgFEeQAB28=,xDDSzJpVD4GAvLOG9nntFKo5mBM=
-58,-85,1/23EXelMxTlWoY5eQgFEeQAB28=,D0SaTiiAbGGVeKMcE2m0UEwFLJA=
-53,-92,1/23EXelMxTlWoY5eQgFEeQAB28=,xDDSzJpVD4GAvLOG9nntFKo5mBM=
-57,-85,1/23EXelMxTlWoY5eQgFEeQAB28=,D0SaTiiAbGGVeKMcE2m0UEwFLJA=
-56,-90,1/23EXelMxTlWoY5eQgFEeQAB28=,xDDSzJpVD4GAvLOG9nntFKo5mBM=
-54,-91,1/23EXelMxTlWoY5eQgFEeQAB28=,xDDSzJpVD4GAvLOG9nntFKo5mBM=
-59,-85,1/23EXelMxTlWoY5eQgFEeQAB28=,D0SaTiiAbGGVeKMcE2m0UEwFLJA=
-54,-90,1/23EXelMxTlWoY5eQgFEeQAB28=,xDDSzJpVD4GAvLOG9nntFKo5mBM=
-57,-87,1/23EXelMxTlWoY5eQgFEeQAB28=,D0SaTiiAbGGVeKMcE2m0UEwFLJA=
-57,-86,1/23EXelMxTlWoY5eQgFEeQAB28=,D0SaTiiAbGGVeKMcE2m0UEwFLJA=
-60,-85,1/23EXelMxTlWoY5eQgFEeQAB28=,D0SaTiiAbGGVeKMcE2m0UEwFLJA=
-58,-86,1/23EXelMxTlWoY5eQgFEeQAB28=,D0SaTiiAbGGVeKMcE2m0UEwFLJA=
-59,-86,1/23EXelMxTlWoY5eQgFEeQAB28=,D0SaTiiAbGGVeKMcE2m0UEwFLJA=
-50,-81,1/23EXelMxTlWoY5eQgFEeQAB28=,O7jswli40mXUe/83qNk3+9VW7OE=
-60,-86,1/23EXelMxTlWoY5eQgFEeQAB28=,D0SaTiiAbGGVeKMcE2m0UEwFLJA=
-52,-81,1/23EXelMxTlWoY5eQgFEeQAB28=,O7jswli40mXUe/83qNk3+9VW7OE=
-51,-81,1/23EXelMxTlWoY5eQgFEeQAB28=,O7jswli40mXUe/83qNk3+9VW7OE=
-54,-81,1/23EXelMxTlWoY5eQgFEeQAB28=,O7jswli40mXUe/83qNk3+9VW7OE=
-55,-81,1/23EXelMxTlWoY5eQgFEeQAB28=,O7jswli40mXUe/83qNk3+9VW7OE=
-59,-81,1/23EXelMxTlWoY5eQgFEeQAB28=,D0SaTiiAbGGVeKMcE2m0UEwFLJA=
-56,-81,1/23EXelMxTlWoY5eQgFEeQAB28=,O7jswli40mXUe/83qNk3+9VW7OE=
-56,-82,1/23EXelMxTlWoY5eQgFEeQAB28=,O7jswli40mXUe/83qNk3+9VW7OE=
-53,-81,1/23EXelMxTlWoY5eQgFEeQAB28=,O7jswli40mXUe/83qNk3+9VW7OE=
-58,-81,1/23EXelMxTlWoY5eQgFEeQAB28=,D0SaTiiAbGGVeKMcE2m0UEwFLJA=
-60,-82,1/23EXelMxTlWoY5eQgFEeQAB28=,D0SaTiiAbGGVeKMcE2m0UEwFLJA=
-57,-83,1/23EXelMxTlWoY5eQgFEeQAB28=,D0SaTiiAbGGVeKMcE2m0UEwFLJA=
-59,-83,1/23EXelMxTlWoY5eQgFEeQAB28=,D0SaTiiAbGGVeKMcE2m0UEwFLJA=
-59,-82,1/23EXelMxTlWoY5eQgFEeQAB28=,D0SaTiiAbGGVeKMcE2m0UEwFLJA=
-60,-81,1/23EXelMxTlWoY5eQgFEeQAB28=,D0SaTiiAbGGVeKMcE2m0UEwFLJA=
-57,-84,1/23EXelMxTlWoY5eQgFEeQAB28=,D0SaTiiAbGGVeKMcE2m0UEwFLJA=
-58,-83,1/23EXelMxTlWoY5eQgFEeQAB28=,D0SaTiiAbGGVeKMcE2m0UEwFLJA=
-59,-84,1/23EXelMxTlWoY5eQgFEeQAB28=,D0SaTiiAbGGVeKMcE2m0UEwFLJA=
-57,-82,1/23EXelMxTlWoY5eQgFEeQAB28=,D0SaTiiAbGGVeKMcE2m0UEwFLJA=
-60,-83,1/23EXelMxTlWoY5eQgFEeQAB28=,D0SaTiiAbGGVeKMcE2m0UEwFLJA=
-58,-82,1/23EXelMxTlWoY5eQgFEeQAB28=,D0SaTiiAbGGVeKMcE2m0UEwFLJA=
-58,-84,1/23EXelMxTlWoY5eQgFEeQAB28=,D0SaTiiAbGGVeKMcE2m0UEwFLJA=
-60,-84,1/23EXelMxTlWoY5eQgFEeQAB28=,D0SaTiiAbGGVeKMcE2m0UEwFLJA=
-57,-81,1/23EXelMxTlWoY5eQgFEeQAB28=,D0SaTiiAbGGVeKMcE2m0UEwFLJA=
-64,-96,1/23EXelMxTlWoY5eQgFEeQAB28=,lBoIbfMkkLsZ8/v/U2uEmnGpFSI=
-49,-96,1/23EXelMxTlWoY5eQgFEeQAB28=,xDDSzJpVD4GAvLOG9nntFKo5mBM=
-51,-94,1/23EXelMxTlWoY5eQgFEeQAB28=,xDDSzJpVD4GAvLOG9nntFKo5mBM=
-50,-94,1/23EXelMxTlWoY5eQgFEeQAB28=,xDDSzJpVD4GAvLOG9nntFKo5mBM=
-49,-95,1/23EXelMxTlWoY5eQgFEeQAB28=,xDDSzJpVD4GAvLOG9nntFKo5mBM=
-52,-93,1/23EXelMxTlWoY5eQgFEeQAB28=,xDDSzJpVD4GAvLOG9nntFKo5mBM=
-49,-94,1/23EXelMxTlWoY5eQgFEeQAB28=,xDDSzJpVD4GAvLOG9nntFKo5mBM=
-50,-93,1/23EXelMxTlWoY5eQgFEeQAB28=,xDDSzJpVD4GAvLOG9nntFKo5mBM=
-51,-93,1/23EXelMxTlWoY5eQgFEeQAB28=,xDDSzJpVD4GAvLOG9nntFKo5mBM=
-49,-93,1/23EXelMxTlWoY5eQgFEeQAB28=,xDDSzJpVD4GAvLOG9nntFKo5mBM=
-49,-81,1/23EXelMxTlWoY5eQgFEeQAB28=,O7jswli40mXUe/83qNk3+9VW7OE=
-49,-84,1/23EXelMxTlWoY5eQgFEeQAB28=,O7jswli40mXUe/83qNk3+9VW7OE=
-49,-85,1/23EXelMxTlWoY5eQgFEeQAB28=,O7jswli40mXUe/83qNk3+9VW7OE=
-49,-88,1/23EXelMxTlWoY5eQgFEeQAB28=,O7jswli40mXUe/83qNk3+9VW7OE=
-49,-82,1/23EXelMxTlWoY5eQgFEeQAB28=,O7jswli40mXUe/83qNk3+9VW7OE=
-49,-87,1/23EXelMxTlWoY5eQgFEeQAB28=,O7jswli40mXUe/83qNk3+9VW7OE=
-49,-86,1/23EXelMxTlWoY5eQgFEeQAB28=,O7jswli40mXUe/83qNk3+9VW7OE=
-49,-83,1/23EXelMxTlWoY5eQgFEeQAB28=,O7jswli40mXUe/83qNk3+9VW7OE=
-50,-89,1/23EXelMxTlWoY5eQgFEeQAB28=,xDDSzJpVD4GAvLOG9nntFKo5mBM=
-50,-88,1/23EXelMxTlWoY5eQgFEeQAB28=,O7jswli40mXUe/83qNk3+9VW7OE=
-51,-90,1/23EXelMxTlWoY5eQgFEeQAB28=,xDDSzJpVD4GAvLOG9nntFKo5mBM=
-49,-89,1/23EXelMxTlWoY5eQgFEeQAB28=,xDDSzJpVD4GAvLOG9nntFKo5mBM=
-52,-90,1/23EXelMxTlWoY5eQgFEeQAB28=,xDDSzJpVD4GAvLOG9nntFKo5mBM=
-52,-91,1/23EXelMxTlWoY5eQgFEeQAB28=,xDDSzJpVD4GAvLOG9nntFKo5mBM=
-50,-91,1/23EXelMxTlWoY5eQgFEeQAB28=,xDDSzJpVD4GAvLOG9nntFKo5mBM=
-51,-91,1/23EXelMxTlWoY5eQgFEeQAB28=,xDDSzJpVD4GAvLOG9nntFKo5mBM=
-51,-89,1/23EXelMxTlWoY5eQgFEeQAB28=,xDDSzJpVD4GAvLOG9nntFKo5mBM=
-50,-90,1/23EXelMxTlWoY5eQgFEeQAB28=,xDDSzJpVD4GAvLOG9nntFKo5mBM=
-64,-81,1/23EXelMxTlWoY5eQgFEeQAB28=,D0SaTiiAbGGVeKMcE2m0UEwFLJA=
-50,-92,1/23EXelMxTlWoY5eQgFEeQAB28=,xDDSzJpVD4GAvLOG9nntFKo5mBM=
-52,-88,1/23EXelMxTlWoY5eQgFEeQAB28=,O7jswli40mXUe/83qNk3+9VW7OE=
-52,-92,1/23EXelMxTlWoY5eQgFEeQAB28=,xDDSzJpVD4GAvLOG9nntFKo5mBM=
-49,-92,1/23EXelMxTlWoY5eQgFEeQAB28=,xDDSzJpVD4GAvLOG9nntFKo5mBM=
-52,-89,1/23EXelMxTlWoY5eQgFEeQAB28=,xDDSzJpVD4GAvLOG9nntFKo5mBM=
-49,-91,1/23EXelMxTlWoY5eQgFEeQAB28=,xDDSzJpVD4GAvLOG9nntFKo5mBM=
-62,-83,1/23EXelMxTlWoY5eQgFEeQAB28=,D0SaTiiAbGGVeKMcE2m0UEwFLJA=
-64,-82,1/23EXelMxTlWoY5eQgFEeQAB28=,D0SaTiiAbGGVeKMcE2m0UEwFLJA=
-63,-81,1/23EXelMxTlWoY5eQgFEeQAB28=,D0SaTiiAbGGVeKMcE2m0UEwFLJA=
-62,-81,1/23EXelMxTlWoY5eQgFEeQAB28=,D0SaTiiAbGGVeKMcE2m0UEwFLJA=
-64,-83,1/23EXelMxTlWoY5eQgFEeQAB28=,D0SaTiiAbGGVeKMcE2m0UEwFLJA=
-61,-84,1/23EXelMxTlWoY5eQgFEeQAB28=,D0SaTiiAbGGVeKMcE2m0UEwFLJA=
-62,-84,1/23EXelMxTlWoY5eQgFEeQAB28=,D0SaTiiAbGGVeKMcE2m0UEwFLJA=
-61,-83,1/23EXelMxTlWoY5eQgFEeQAB28=,D0SaTiiAbGGVeKMcE2m0UEwFLJA=
-63,-82,1/23EXelMxTlWoY5eQgFEeQAB28=,D0SaTiiAbGGVeKMcE2m0UEwFLJA=
-51,-92,1/23EXelMxTlWoY5eQgFEeQAB28=,xDDSzJpVD4GAvLOG9nntFKo5mBM=
-63,-83,1/23EXelMxTlWoY5eQgFEeQAB28=,D0SaTiiAbGGVeKMcE2m0UEwFLJA=
-62,-82,1/23EXelMxTlWoY5eQgFEeQAB28=,D0SaTiiAbGGVeKMcE2m0UEwFLJA=
-61,-81,1/23EXelMxTlWoY5eQgFEeQAB28=,D0SaTiiAbGGVeKMcE2m0UEwFLJA=
-49,-90,1/23EXelMxTlWoY5eQgFEeQAB28=,xDDSzJpVD4GAvLOG9nntFKo5mBM=
-55,-78,1/23EXelMxTlWoY5eQgFEeQAB28=,QLausL2aoxjC1VhHReq/4856eTM=
-54,-78,1/23EXelMxTlWoY5eQgFEeQAB28=,QLausL2aoxjC1VhHReq/4856eTM=
-50,-74,1/23EXelMxTlWoY5eQgFEeQAB28=,QLausL2aoxjC1VhHReq/4856eTM=
-50,-79,1/23EXelMxTlWoY5eQgFEeQAB28=,QLausL2aoxjC1VhHReq/4856eTM=
-51,-74,1/23EXelMxTlWoY5eQgFEeQAB28=,QLausL2aoxjC1VhHReq/4856eTM=
-52,-74,1/23EXelMxTlWoY5eQgFEeQAB28=,QLausL2aoxjC1VhHReq/4856eTM=
-53,-74,1/23EXelMxTlWoY5eQgFEeQAB28=,QLausL2aoxjC1VhHReq/4856eTM=
-54,-74,1/23EXelMxTlWoY5eQgFEeQAB28=,QLausL2aoxjC1VhHReq/4856eTM=
-55,-74,1/23EXelMxTlWoY5eQgFEeQAB28=,QLausL2aoxjC1VhHReq/4856eTM=
-51,-79,1/23EXelMxTlWoY5eQgFEeQAB28=,QLausL2aoxjC1VhHReq/4856eTM=
-52,-79,1/23EXelMxTlWoY5eQgFEeQAB28=,QLausL2aoxjC1VhHReq/4856eTM=
-51,-75,1/23EXelMxTlWoY5eQgFEeQAB28=,QLausL2aoxjC1VhHReq/4856eTM=
-50,-75,1/23EXelMxTlWoY5eQgFEeQAB28=,QLausL2aoxjC1VhHReq/4856eTM=
-52,-75,1/23EXelMxTlWoY5eQgFEeQAB28=,QLausL2aoxjC1VhHReq/4856eTM=
-53,-79,1/23EXelMxTlWoY5eQgFEeQAB28=,QLausL2aoxjC1VhHReq/4856eTM=
-53,-75,1/23EXelMxTlWoY5eQgFEeQAB28=,QLausL2aoxjC1VhHReq/4856eTM=
-54,-75,1/23EXelMxTlWoY5eQgFEeQAB28=,QLausL2aoxjC1VhHReq/4856eTM=
-55,-75,1/23EXelMxTlWoY5eQgFEeQAB28=,QLausL2aoxjC1VhHReq/4856eTM=
-54,-79,1/23EXelMxTlWoY5eQgFEeQAB28=,QLausL2aoxjC1VhHReq/4856eTM=
-50,-76,1/23EXelMxTlWoY5eQgFEeQAB28=,QLausL2aoxjC1VhHReq/4856eTM=
-51,-76,1/23EXelMxTlWoY5eQgFEeQAB28=,QLausL2aoxjC1VhHReq/4856eTM=
-52,-76,1/23EXelMxTlWoY5eQgFEeQAB28=,QLausL2aoxjC1VhHReq/4856eTM=
-53,-76,1/23EXelMxTlWoY5eQgFEeQAB28=,QLausL2aoxjC1VhHReq/4856eTM=
-54,-76,1/23EXelMxTlWoY5eQgFEeQAB28=,QLausL2aoxjC1VhHReq/4856eTM=
-55,-79,1/23EXelMxTlWoY5eQgFEeQAB28=,QLausL2aoxjC1VhHReq/4856eTM=
-50,-77,1/23EXelMxTlWoY5eQgFEeQAB28=,QLausL2aoxjC1VhHReq/4856eTM=
-51,-77,1/23EXelMxTlWoY5eQgFEeQAB28=,QLausL2aoxjC1VhHReq/4856eTM=
-52,-77,1/23EXelMxTlWoY5eQgFEeQAB28=,QLausL2aoxjC1VhHReq/4856eTM=
-53,-77,1/23EXelMxTlWoY5eQgFEeQAB28=,QLausL2aoxjC1VhHReq/4856eTM=
-54,-77,1/23EXelMxTlWoY5eQgFEeQAB28=,QLausL2aoxjC1VhHReq/4856eTM=
-55,-77,1/23EXelMxTlWoY5eQgFEeQAB28=,QLausL2aoxjC1VhHReq/4856eTM=
-50,-78,1/23EXelMxTlWoY5eQgFEeQAB28=,QLausL2aoxjC1VhHReq/4856eTM=
-51,-78,1/23EXelMxTlWoY5eQgFEeQAB28=,QLausL2aoxjC1VhHReq/4856eTM=
-52,-78,1/23EXelMxTlWoY5eQgFEeQAB28=,QLausL2aoxjC1VhHReq/4856eTM=
-53,-78,1/23EXelMxTlWoY5eQgFEeQAB28=,QLausL2aoxjC1VhHReq/4856eTM=
-52,-70,1/23EXelMxTlWoY5eQgFEeQAB28=,tl1q/AV9ELbARjqKAWgoLFIXTQU=
-50,-67,1/23EXelMxTlWoY5eQgFEeQAB28=,tl1q/AV9ELbARjqKAWgoLFIXTQU=
-51,-66,1/23EXelMxTlWoY5eQgFEeQAB28=,tl1q/AV9ELbARjqKAWgoLFIXTQU=
-50,-66,1/23EXelMxTlWoY5eQgFEeQAB28=,tl1q/AV9ELbARjqKAWgoLFIXTQU=
-52,-72,1/23EXelMxTlWoY5eQgFEeQAB28=,tl1q/AV9ELbARjqKAWgoLFIXTQU=
-52,-66,1/23EXelMxTlWoY5eQgFEeQAB28=,tl1q/AV9ELbARjqKAWgoLFIXTQU=
-53,-66,1/23EXelMxTlWoY5eQgFEeQAB28=,tl1q/AV9ELbARjqKAWgoLFIXTQU=
-54,-66,1/23EXelMxTlWoY5eQgFEeQAB28=,tl1q/AV9ELbARjqKAWgoLFIXTQU=
-53,-72,1/23EXelMxTlWoY5eQgFEeQAB28=,tl1q/AV9ELbARjqKAWgoLFIXTQU=
-55,-72,1/23EXelMxTlWoY5eQgFEeQAB28=,tl1q/AV9ELbARjqKAWgoLFIXTQU=
-51,-71,1/23EXelMxTlWoY5eQgFEeQAB28=,tl1q/AV9ELbARjqKAWgoLFIXTQU=
-52,-71,1/23EXelMxTlWoY5eQgFEeQAB28=,tl1q/AV9ELbARjqKAWgoLFIXTQU=
-53,-71,1/23EXelMxTlWoY5eQgFEeQAB28=,tl1q/AV9ELbARjqKAWgoLFIXTQU=
-51,-67,1/23EXelMxTlWoY5eQgFEeQAB28=,tl1q/AV9ELbARjqKAWgoLFIXTQU=
-50,-73,1/23EXelMxTlWoY5eQgFEeQAB28=,QLausL2aoxjC1VhHReq/4856eTM=
-51,-73,1/23EXelMxTlWoY5eQgFEeQAB28=,QLausL2aoxjC1VhHReq/4856eTM=
-52,-73,1/23EXelMxTlWoY5eQgFEeQAB28=,QLausL2aoxjC1VhHReq/4856eTM=
-53,-73,1/23EXelMxTlWoY5eQgFEeQAB28=,QLausL2aoxjC1VhHReq/4856eTM=
-54,-73,1/23EXelMxTlWoY5eQgFEeQAB28=,QLausL2aoxjC1VhHReq/4856eTM=
-52,-67,1/23EXelMxTlWoY5eQgFEeQAB28=,tl1q/AV9ELbARjqKAWgoLFIXTQU=
-55,-73,1/23EXelMxTlWoY5eQgFEeQAB28=,QLausL2aoxjC1VhHReq/4856eTM=
-53,-67,1/23EXelMxTlWoY5eQgFEeQAB28=,tl1q/AV9ELbARjqKAWgoLFIXTQU=
-54,-67,1/23EXelMxTlWoY5eQgFEeQAB28=,tl1q/AV9ELbARjqKAWgoLFIXTQU=
-55,-67,1/23EXelMxTlWoY5eQgFEeQAB28=,tl1q/AV9ELbARjqKAWgoLFIXTQU=
-50,-71,1/23EXelMxTlWoY5eQgFEeQAB28=,tl1q/AV9ELbARjqKAWgoLFIXTQU=
-55,-66,1/23EXelMxTlWoY5eQgFEeQAB28=,tl1q/AV9ELbARjqKAWgoLFIXTQU=
-54,-72,1/23EXelMxTlWoY5eQgFEeQAB28=,tl1q/AV9ELbARjqKAWgoLFIXTQU=
-50,-72,1/23EXelMxTlWoY5eQgFEeQAB28=,tl1q/AV9ELbARjqKAWgoLFIXTQU=
-51,-72,1/23EXelMxTlWoY5eQgFEeQAB28=,tl1q/AV9ELbARjqKAWgoLFIXTQU=
-49,-78,1/23EXelMxTlWoY5eQgFEeQAB28=,QLausL2aoxjC1VhHReq/4856eTM=
-49,-77,1/23EXelMxTlWoY5eQgFEeQAB28=,QLausL2aoxjC1VhHReq/4856eTM=
-49,-76,1/23EXelMxTlWoY5eQgFEeQAB28=,QLausL2aoxjC1VhHReq/4856eTM=
-49,-75,1/23EXelMxTlWoY5eQgFEeQAB28=,QLausL2aoxjC1VhHReq/4856eTM=
-49,-74,1/23EXelMxTlWoY5eQgFEeQAB28=,QLausL2aoxjC1VhHReq/4856eTM=
-49,-79,1/23EXelMxTlWoY5eQgFEeQAB28=,QLausL2aoxjC1VhHReq/4856eTM=
-56,-78,1/23EXelMxTlWoY5eQgFEeQAB28=,QLausL2aoxjC1VhHReq/4856eTM=
-56,-77,1/23EXelMxTlWoY5eQgFEeQAB28=,QLausL2aoxjC1VhHReq/4856eTM=
-57,-78,1/23EXelMxTlWoY5eQgFEeQAB28=,AGcwW0WomPsAr7mu2ETnHuuOM60=
-57,-79,1/23EXelMxTlWoY5eQgFEeQAB28=,AGcwW0WomPsAr7mu2ETnHuuOM60=
-58,-79,1/23EXelMxTlWoY5eQgFEeQAB28=,AGcwW0WomPsAr7mu2ETnHuuOM60=
-63,-79,iC0wmdwz30SS0NBoSOmyOZNzH4M=,AGcwW0WomPsAr7mu2ETnHuuOM60=
-57,-74,iC0wmdwz30SS0NBoSOmyOZNzH4M=,AGcwW0WomPsAr7mu2ETnHuuOM60=
-58,-74,iC0wmdwz30SS0NBoSOmyOZNzH4M=,AGcwW0WomPsAr7mu2ETnHuuOM60=
-59,-74,iC0wmdwz30SS0NBoSOmyOZNzH4M=,AGcwW0WomPsAr7mu2ETnHuuOM60=
-60,-74,iC0wmdwz30SS0NBoSOmyOZNzH4M=,AGcwW0WomPsAr7mu2ETnHuuOM60=
-56,-74,iC0wmdwz30SS0NBoSOmyOZNzH4M=,QLausL2aoxjC1VhHReq/4856eTM=
-60,-75,iC0wmdwz30SS0NBoSOmyOZNzH4M=,AGcwW0WomPsAr7mu2ETnHuuOM60=
-61,-75,iC0wmdwz30SS0NBoSOmyOZNzH4M=,AGcwW0WomPsAr7mu2ETnHuuOM60=
-56,-75,iC0wmdwz30SS0NBoSOmyOZNzH4M=,QLausL2aoxjC1VhHReq/4856eTM=
-58,-76,iC0wmdwz30SS0NBoSOmyOZNzH4M=,AGcwW0WomPsAr7mu2ETnHuuOM60=
-56,-79,iC0wmdwz30SS0NBoSOmyOZNzH4M=,QLausL2aoxjC1VhHReq/4856eTM=
-60,-65,iC0wmdwz30SS0NBoSOmyOZNzH4M=,+vzRFNnTiGSa8z7HpGA0Neg9314=
-59,-65,iC0wmdwz30SS0NBoSOmyOZNzH4M=,+vzRFNnTiGSa8z7HpGA0Neg9314=
-58,-65,iC0wmdwz30SS0NBoSOmyOZNzH4M=,+vzRFNnTiGSa8z7HpGA0Neg9314=
-57,-72,iC0wmdwz30SS0NBoSOmyOZNzH4M=,+vzRFNnTiGSa8z7HpGA0Neg9314=
-58,-72,iC0wmdwz30SS0NBoSOmyOZNzH4M=,+vzRFNnTiGSa8z7HpGA0Neg9314=
-60,-76,iC0wmdwz30SS0NBoSOmyOZNzH4M=,AGcwW0WomPsAr7mu2ETnHuuOM60=
-57,-66,iC0wmdwz30SS0NBoSOmyOZNzH4M=,+vzRFNnTiGSa8z7HpGA0Neg9314=
-56,-68,iC0wmdwz30SS0NBoSOmyOZNzH4M=,tl1q/AV9ELbARjqKAWgoLFIXTQU=
-58,-66,iC0wmdwz30SS0NBoSOmyOZNzH4M=,+vzRFNnTiGSa8z7HpGA0Neg9314=
-59,-66,iC0wmdwz30SS0NBoSOmyOZNzH4M=,+vzRFNnTiGSa8z7HpGA0Neg9314=
-62,-72,iC0wmdwz30SS0NBoSOmyOZNzH4M=,+vzRFNnTiGSa8z7HpGA0Neg9314=
-57,-67,iC0wmdwz30SS0NBoSOmyOZNzH4M=,+vzRFNnTiGSa8z7HpGA0Neg9314=
-57,-73,iC0wmdwz30SS0NBoSOmyOZNzH4M=,AGcwW0WomPsAr7mu2ETnHuuOM60=
-58,-67,iC0wmdwz30SS0NBoSOmyOZNzH4M=,+vzRFNnTiGSa8z7HpGA0Neg9314=
-58,-73,iC0wmdwz30SS0NBoSOmyOZNzH4M=,AGcwW0WomPsAr7mu2ETnHuuOM60=
-59,-67,iC0wmdwz30SS0NBoSOmyOZNzH4M=,+vzRFNnTiGSa8z7HpGA0Neg9314=
-60,-67,iC0wmdwz30SS0NBoSOmyOZNzH4M=,+vzRFNnTiGSa8z7HpGA0Neg9314=
-56,-73,iC0wmdwz30SS0NBoSOmyOZNzH4M=,QLausL2aoxjC1VhHReq/4856eTM=
-59,-73,iC0wmdwz30SS0NBoSOmyOZNzH4M=,AGcwW0WomPsAr7mu2ETnHuuOM60=
-58,-75,iC0wmdwz30SS0NBoSOmyOZNzH4M=,AGcwW0WomPsAr7mu2ETnHuuOM60=
-57,-68,iC0wmdwz30SS0NBoSOmyOZNzH4M=,+vzRFNnTiGSa8z7HpGA0Neg9314=
-59,-75,iC0wmdwz30SS0NBoSOmyOZNzH4M=,AGcwW0WomPsAr7mu2ETnHuuOM60=
-58,-68,iC0wmdwz30SS0NBoSOmyOZNzH4M=,+vzRFNnTiGSa8z7HpGA0Neg9314=
-59,-68,iC0wmdwz30SS0NBoSOmyOZNzH4M=,+vzRFNnTiGSa8z7HpGA0Neg9314=
-60,-68,iC0wmdwz30SS0NBoSOmyOZNzH4M=,+vzRFNnTiGSa8z7HpGA0Neg9314=
-56,-72,iC0wmdwz30SS0NBoSOmyOZNzH4M=,tl1q/AV9ELbARjqKAWgoLFIXTQU=
-56,-66,iC0wmdwz30SS0NBoSOmyOZNzH4M=,tl1q/AV9ELbARjqKAWgoLFIXTQU=
-56,-67,iC0wmdwz30SS0NBoSOmyOZNzH4M=,tl1q/AV9ELbARjqKAWgoLFIXTQU=
-56,-76,iC0wmdwz30SS0NBoSOmyOZNzH4M=,QLausL2aoxjC1VhHReq/4856eTM=
-55,-76,iC0wmdwz30SS0NBoSOmyOZNzH4M=,QLausL2aoxjC1VhHReq/4856eTM=
-59,-76,iC0wmdwz30SS0NBoSOmyOZNzH4M=,AGcwW0WomPsAr7mu2ETnHuuOM60=
-57,-75,iC0wmdwz30SS0NBoSOmyOZNzH4M=,AGcwW0WomPsAr7mu2ETnHuuOM60=
-53,-70,iC0wmdwz30SS0NBoSOmyOZNzH4M=,tl1q/AV9ELbARjqKAWgoLFIXTQU=
-54,-70,iC0wmdwz30SS0NBoSOmyOZNzH4M=,tl1q/AV9ELbARjqKAWgoLFIXTQU=
-60,-73,iC0wmdwz30SS0NBoSOmyOZNzH4M=,AGcwW0WomPsAr7mu2ETnHuuOM60=
-55,-70,iC0wmdwz30SS0NBoSOmyOZNzH4M=,tl1q/AV9ELbARjqKAWgoLFIXTQU=
-54,-71,iC0wmdwz30SS0NBoSOmyOZNzH4M=,tl1q/AV9ELbARjqKAWgoLFIXTQU=
-57,-76,iC0wmdwz30SS0NBoSOmyOZNzH4M=,AGcwW0WomPsAr7mu2ETnHuuOM60=
-58,-71,iC0wmdwz30SS0NBoSOmyOZNzH4M=,+vzRFNnTiGSa8z7HpGA0Neg9314=
-55,-71,iC0wmdwz30SS0NBoSOmyOZNzH4M=,tl1q/AV9ELbARjqKAWgoLFIXTQU=
-56,-70,iC0wmdwz30SS0NBoSOmyOZNzH4M=,tl1q/AV9ELbARjqKAWgoLFIXTQU=
-60,-70,iC0wmdwz30SS0NBoSOmyOZNzH4M=,+vzRFNnTiGSa8z7HpGA0Neg9314=
-53,-69,iC0wmdwz30SS0NBoSOmyOZNzH4M=,tl1q/AV9ELbARjqKAWgoLFIXTQU=
-55,-69,iC0wmdwz30SS0NBoSOmyOZNzH4M=,tl1q/AV9ELbARjqKAWgoLFIXTQU=
-56,-71,iC0wmdwz30SS0NBoSOmyOZNzH4M=,tl1q/AV9ELbARjqKAWgoLFIXTQU=
-54,-69,iC0wmdwz30SS0NBoSOmyOZNzH4M=,tl1q/AV9ELbARjqKAWgoLFIXTQU=
-57,-71,iC0wmdwz30SS0NBoSOmyOZNzH4M=,+vzRFNnTiGSa8z7HpGA0Neg9314=
-59,-72,iC0wmdwz30SS0NBoSOmyOZNzH4M=,+vzRFNnTiGSa8z7HpGA0Neg9314=
-60,-71,iC0wmdwz30SS0NBoSOmyOZNzH4M=,+vzRFNnTiGSa8z7HpGA0Neg9314=
-56,-69,iC0wmdwz30SS0NBoSOmyOZNzH4M=,tl1q/AV9ELbARjqKAWgoLFIXTQU=
-57,-69,iC0wmdwz30SS0NBoSOmyOZNzH4M=,+vzRFNnTiGSa8z7HpGA0Neg9314=
-55,-80,iC0wmdwz30SS0NBoSOmyOZNzH4M=,QLausL2aoxjC1VhHReq/4856eTM=
-54,-80,iC0wmdwz30SS0NBoSOmyOZNzH4M=,QLausL2aoxjC1VhHReq/4856eTM=
-53,-80,iC0wmdwz30SS0NBoSOmyOZNzH4M=,QLausL2aoxjC1VhHReq/4856eTM=
-52,-80,iC0wmdwz30SS0NBoSOmyOZNzH4M=,QLausL2aoxjC1VhHReq/4856eTM=
-51,-80,iC0wmdwz30SS0NBoSOmyOZNzH4M=,QLausL2aoxjC1VhHReq/4856eTM=
-50,-80,iC0wmdwz30SS0NBoSOmyOZNzH4M=,QLausL2aoxjC1VhHReq/4856eTM=
-59,-71,iC0wmdwz30SS0NBoSOmyOZNzH4M=,+vzRFNnTiGSa8z7HpGA0Neg9314=
-60,-69,iC0wmdwz30SS0NBoSOmyOZNzH4M=,+vzRFNnTiGSa8z7HpGA0Neg9314=
-57,-70,iC0wmdwz30SS0NBoSOmyOZNzH4M=,+vzRFNnTiGSa8z7HpGA0Neg9314=
-58,-69,iC0wmdwz30SS0NBoSOmyOZNzH4M=,+vzRFNnTiGSa8z7HpGA0Neg9314=
-59,-69,iC0wmdwz30SS0NBoSOmyOZNzH4M=,+vzRFNnTiGSa8z7HpGA0Neg9314=
-60,-72,iC0wmdwz30SS0NBoSOmyOZNzH4M=,+vzRFNnTiGSa8z7HpGA0Neg9314=
-59,-70,iC0wmdwz30SS0NBoSOmyOZNzH4M=,+vzRFNnTiGSa8z7HpGA0Neg9314=
-56,-80,iC0wmdwz30SS0NBoSOmyOZNzH4M=,QLausL2aoxjC1VhHReq/4856eTM=
-57,-80,iC0wmdwz30SS0NBoSOmyOZNzH4M=,AGcwW0WomPsAr7mu2ETnHuuOM60=
-58,-70,iC0wmdwz30SS0NBoSOmyOZNzH4M=,+vzRFNnTiGSa8z7HpGA0Neg9314=
-60,-80,iC0wmdwz30SS0NBoSOmyOZNzH4M=,AGcwW0WomPsAr7mu2ETnHuuOM60=
-60,-77,iC0wmdwz30SS0NBoSOmyOZNzH4M=,AGcwW0WomPsAr7mu2ETnHuuOM60=
-58,-78,iC0wmdwz30SS0NBoSOmyOZNzH4M=,AGcwW0WomPsAr7mu2ETnHuuOM60=
-59,-79,iC0wmdwz30SS0NBoSOmyOZNzH4M=,AGcwW0WomPsAr7mu2ETnHuuOM60=
-60,-78,iC0wmdwz30SS0NBoSOmyOZNzH4M=,AGcwW0WomPsAr7mu2ETnHuuOM60=
-58,-80,iC0wmdwz30SS0NBoSOmyOZNzH4M=,AGcwW0WomPsAr7mu2ETnHuuOM60=
-58,-77,iC0wmdwz30SS0NBoSOmyOZNzH4M=,AGcwW0WomPsAr7mu2ETnHuuOM60=
-59,-80,iC0wmdwz30SS0NBoSOmyOZNzH4M=,AGcwW0WomPsAr7mu2ETnHuuOM60=
-60,-79,iC0wmdwz30SS0NBoSOmyOZNzH4M=,AGcwW0WomPsAr7mu2ETnHuuOM60=
-59,-78,iC0wmdwz30SS0NBoSOmyOZNzH4M=,AGcwW0WomPsAr7mu2ETnHuuOM60=
-57,-77,iC0wmdwz30SS0NBoSOmyOZNzH4M=,AGcwW0WomPsAr7mu2ETnHuuOM60=
-59,-77,iC0wmdwz30SS0NBoSOmyOZNzH4M=,AGcwW0WomPsAr7mu2ETnHuuOM60=
-49,-80,iC0wmdwz30SS0NBoSOmyOZNzH4M=,QLausL2aoxjC1VhHReq/4856eTM=
-56,-65,iC0wmdwz30SS0NBoSOmyOZNzH4M=,tl1q/AV9ELbARjqKAWgoLFIXTQU=
-50,-65,iC0wmdwz30SS0NBoSOmyOZNzH4M=,tl1q/AV9ELbARjqKAWgoLFIXTQU=
-51,-65,iC0wmdwz30SS0NBoSOmyOZNzH4M=,tl1q/AV9ELbARjqKAWgoLFIXTQU=
-52,-65,iC0wmdwz30SS0NBoSOmyOZNzH4M=,tl1q/AV9ELbARjqKAWgoLFIXTQU=
-53,-65,iC0wmdwz30SS0NBoSOmyOZNzH4M=,tl1q/AV9ELbARjqKAWgoLFIXTQU=
-54,-65,iC0wmdwz30SS0NBoSOmyOZNzH4M=,tl1q/AV9ELbARjqKAWgoLFIXTQU=
-55,-65,iC0wmdwz30SS0NBoSOmyOZNzH4M=,tl1q/AV9ELbARjqKAWgoLFIXTQU=
-57,-65,iC0wmdwz30SS0NBoSOmyOZNzH4M=,+vzRFNnTiGSa8z7HpGA0Neg9314=
-55,-68,iC0wmdwz30SS0NBoSOmyOZNzH4M=,tl1q/AV9ELbARjqKAWgoLFIXTQU=
-54,-68,iC0wmdwz30SS0NBoSOmyOZNzH4M=,tl1q/AV9ELbARjqKAWgoLFIXTQU=
-60,-66,iC0wmdwz30SS0NBoSOmyOZNzH4M=,+vzRFNnTiGSa8z7HpGA0Neg9314=
-53,-68,iC0wmdwz30SS0NBoSOmyOZNzH4M=,tl1q/AV9ELbARjqKAWgoLFIXTQU=
-49,-68,iC0wmdwz30SS0NBoSOmyOZNzH4M=,tl1q/AV9ELbARjqKAWgoLFIXTQU=
-49,-67,iC0wmdwz30SS0NBoSOmyOZNzH4M=,tl1q/AV9ELbARjqKAWgoLFIXTQU=
-49,-71,iC0wmdwz30SS0NBoSOmyOZNzH4M=,tl1q/AV9ELbARjqKAWgoLFIXTQU=
-49,-66,iC0wmdwz30SS0NBoSOmyOZNzH4M=,tl1q/AV9ELbARjqKAWgoLFIXTQU=
-49,-73,iC0wmdwz30SS0NBoSOmyOZNzH4M=,QLausL2aoxjC1VhHReq/4856eTM=
-49,-72,iC0wmdwz30SS0NBoSOmyOZNzH4M=,tl1q/AV9ELbARjqKAWgoLFIXTQU=
-49,-69,iC0wmdwz30SS0NBoSOmyOZNzH4M=,tl1q/AV9ELbARjqKAWgoLFIXTQU=
-49,-65,iC0wmdwz30SS0NBoSOmyOZNzH4M=,tl1q/AV9ELbARjqKAWgoLFIXTQU=
-49,-70,iC0wmdwz30SS0NBoSOmyOZNzH4M=,tl1q/AV9ELbARjqKAWgoLFIXTQU=
-51,-68,iC0wmdwz30SS0NBoSOmyOZNzH4M=,tl1q/AV9ELbARjqKAWgoLFIXTQU=
-50,-68,iC0wmdwz30SS0NBoSOmyOZNzH4M=,tl1q/AV9ELbARjqKAWgoLFIXTQU=
-52,-68,iC0wmdwz30SS0NBoSOmyOZNzH4M=,tl1q/AV9ELbARjqKAWgoLFIXTQU=
-52,-69,iC0wmdwz30SS0NBoSOmyOZNzH4M=,tl1q/AV9ELbARjqKAWgoLFIXTQU=
-51,-69,iC0wmdwz30SS0NBoSOmyOZNzH4M=,tl1q/AV9ELbARjqKAWgoLFIXTQU=
-50,-69,iC0wmdwz30SS0NBoSOmyOZNzH4M=,tl1q/AV9ELbARjqKAWgoLFIXTQU=
-50,-70,iC0wmdwz30SS0NBoSOmyOZNzH4M=,tl1q/AV9ELbARjqKAWgoLFIXTQU=
-51,-70,iC0wmdwz30SS0NBoSOmyOZNzH4M=,tl1q/AV9ELbARjqKAWgoLFIXTQU=
-64,-79,iC0wmdwz30SS0NBoSOmyOZNzH4M=,AGcwW0WomPsAr7mu2ETnHuuOM60=
-64,-80,iC0wmdwz30SS0NBoSOmyOZNzH4M=,AGcwW0WomPsAr7mu2ETnHuuOM60=
-61,-78,iC0wmdwz30SS0NBoSOmyOZNzH4M=,AGcwW0WomPsAr7mu2ETnHuuOM60=
-62,-78,iC0wmdwz30SS0NBoSOmyOZNzH4M=,AGcwW0WomPsAr7mu2ETnHuuOM60=
-61,-74,iC0wmdwz30SS0NBoSOmyOZNzH4M=,AGcwW0WomPsAr7mu2ETnHuuOM60=
-61,-79,iC0wmdwz30SS0NBoSOmyOZNzH4M=,AGcwW0WomPsAr7mu2ETnHuuOM60=
-63,-78,iC0wmdwz30SS0NBoSOmyOZNzH4M=,AGcwW0WomPsAr7mu2ETnHuuOM60=
-62,-79,iC0wmdwz30SS0NBoSOmyOZNzH4M=,AGcwW0WomPsAr7mu2ETnHuuOM60=
-62,-74,iC0wmdwz30SS0NBoSOmyOZNzH4M=,AGcwW0WomPsAr7mu2ETnHuuOM60=
-64,-78,iC0wmdwz30SS0NBoSOmyOZNzH4M=,AGcwW0WomPsAr7mu2ETnHuuOM60=
-64,-74,iC0wmdwz30SS0NBoSOmyOZNzH4M=,AGcwW0WomPsAr7mu2ETnHuuOM60=
-64,-72,iC0wmdwz30SS0NBoSOmyOZNzH4M=,+vzRFNnTiGSa8z7HpGA0Neg9314=
-61,-76,iC0wmdwz30SS0NBoSOmyOZNzH4M=,AGcwW0WomPsAr7mu2ETnHuuOM60=
-62,-75,iC0wmdwz30SS0NBoSOmyOZNzH4M=,AGcwW0WomPsAr7mu2ETnHuuOM60=
-62,-76,iC0wmdwz30SS0NBoSOmyOZNzH4M=,AGcwW0WomPsAr7mu2ETnHuuOM60=
-62,-77,iC0wmdwz30SS0NBoSOmyOZNzH4M=,AGcwW0WomPsAr7mu2ETnHuuOM60=
-61,-77,iC0wmdwz30SS0NBoSOmyOZNzH4M=,AGcwW0WomPsAr7mu2ETnHuuOM60=
-61,-72,iC0wmdwz30SS0NBoSOmyOZNzH4M=,+vzRFNnTiGSa8z7HpGA0Neg9314=
-63,-74,iC0wmdwz30SS0NBoSOmyOZNzH4M=,AGcwW0WomPsAr7mu2ETnHuuOM60=
-63,-72,iC0wmdwz30SS0NBoSOmyOZNzH4M=,+vzRFNnTiGSa8z7HpGA0Neg9314=
-63,-76,iC0wmdwz30SS0NBoSOmyOZNzH4M=,AGcwW0WomPsAr7mu2ETnHuuOM60=
-62,-73,iC0wmdwz30SS0NBoSOmyOZNzH4M=,AGcwW0WomPsAr7mu2ETnHuuOM60=
-61,-69,iC0wmdwz30SS0NBoSOmyOZNzH4M=,+vzRFNnTiGSa8z7HpGA0Neg9314=
-63,-71,iC0wmdwz30SS0NBoSOmyOZNzH4M=,+vzRFNnTiGSa8z7HpGA0Neg9314=
-63,-77,iC0wmdwz30SS0NBoSOmyOZNzH4M=,AGcwW0WomPsAr7mu2ETnHuuOM60=
-63,-75,iC0wmdwz30SS0NBoSOmyOZNzH4M=,AGcwW0WomPsAr7mu2ETnHuuOM60=
-64,-73,iC0wmdwz30SS0NBoSOmyOZNzH4M=,AGcwW0WomPsAr7mu2ETnHuuOM60=
-61,-73,iC0wmdwz30SS0NBoSOmyOZNzH4M=,AGcwW0WomPsAr7mu2ETnHuuOM60=
-63,-73,iC0wmdwz30SS0NBoSOmyOZNzH4M=,AGcwW0WomPsAr7mu2ETnHuuOM60=
-61,-70,iC0wmdwz30SS0NBoSOmyOZNzH4M=,+vzRFNnTiGSa8z7HpGA0Neg9314=
-61,-71,iC0wmdwz30SS0NBoSOmyOZNzH4M=,+vzRFNnTiGSa8z7HpGA0Neg9314=
-64,-75,iC0wmdwz30SS0NBoSOmyOZNzH4M=,AGcwW0WomPsAr7mu2ETnHuuOM60=
-62,-71,iC0wmdwz30SS0NBoSOmyOZNzH4M=,+vzRFNnTiGSa8z7HpGA0Neg9314=
-63,-80,iC0wmdwz30SS0NBoSOmyOZNzH4M=,AGcwW0WomPsAr7mu2ETnHuuOM60=
-61,-80,iC0wmdwz30SS0NBoSOmyOZNzH4M=,AGcwW0WomPsAr7mu2ETnHuuOM60=
-62,-70,iC0wmdwz30SS0NBoSOmyOZNzH4M=,+vzRFNnTiGSa8z7HpGA0Neg9314=
-62,-80,iC0wmdwz30SS0NBoSOmyOZNzH4M=,AGcwW0WomPsAr7mu2ETnHuuOM60=
-64,-70,iC0wmdwz30SS0NBoSOmyOZNzH4M=,+vzRFNnTiGSa8z7HpGA0Neg9314=
-62,-69,iC0wmdwz30SS0NBoSOmyOZNzH4M=,+vzRFNnTiGSa8z7HpGA0Neg9314=
-64,-76,iC0wmdwz30SS0NBoSOmyOZNzH4M=,AGcwW0WomPsAr7mu2ETnHuuOM60=
-63,-70,iC0wmdwz30SS0NBoSOmyOZNzH4M=,+vzRFNnTiGSa8z7HpGA0Neg9314=
-64,-77,iC0wmdwz30SS0NBoSOmyOZNzH4M=,AGcwW0WomPsAr7mu2ETnHuuOM60=
-61,-67,iC0wmdwz30SS0NBoSOmyOZNzH4M=,+vzRFNnTiGSa8z7HpGA0Neg9314=
-61,-68,iC0wmdwz30SS0NBoSOmyOZNzH4M=,+vzRFNnTiGSa8z7HpGA0Neg9314=
-64,-71,iC0wmdwz30SS0NBoSOmyOZNzH4M=,+vzRFNnTiGSa8z7HpGA0Neg9314=
-63,-69,iC0wmdwz30SS0NBoSOmyOZNzH4M=,+vzRFNnTiGSa8z7HpGA0Neg9314=
-63,-65,iC0wmdwz30SS0NBoSOmyOZNzH4M=,+vzRFNnTiGSa8z7HpGA0Neg9314=
-64,-65,iC0wmdwz30SS0NBoSOmyOZNzH4M=,+vzRFNnTiGSa8z7HpGA0Neg9314=
-64,-69,iC0wmdwz30SS0NBoSOmyOZNzH4M=,+vzRFNnTiGSa8z7HpGA0Neg9314=
-62,-68,iC0wmdwz30SS0NBoSOmyOZNzH4M=,+vzRFNnTiGSa8z7HpGA0Neg9314=
-62,-67,iC0wmdwz30SS0NBoSOmyOZNzH4M=,+vzRFNnTiGSa8z7HpGA0Neg9314=
-61,-66,iC0wmdwz30SS0NBoSOmyOZNzH4M=,+vzRFNnTiGSa8z7HpGA0Neg9314=
-62,-65,iC0wmdwz30SS0NBoSOmyOZNzH4M=,+vzRFNnTiGSa8z7HpGA0Neg9314=
-62,-66,iC0wmdwz30SS0NBoSOmyOZNzH4M=,+vzRFNnTiGSa8z7HpGA0Neg9314=
-61,-65,iC0wmdwz30SS0NBoSOmyOZNzH4M=,+vzRFNnTiGSa8z7HpGA0Neg9314=
-63,-67,iC0wmdwz30SS0NBoSOmyOZNzH4M=,+vzRFNnTiGSa8z7HpGA0Neg9314=
-63,-66,iC0wmdwz30SS0NBoSOmyOZNzH4M=,+vzRFNnTiGSa8z7HpGA0Neg9314=
-63,-68,iC0wmdwz30SS0NBoSOmyOZNzH4M=,+vzRFNnTiGSa8z7HpGA0Neg9314=
-64,-66,iC0wmdwz30SS0NBoSOmyOZNzH4M=,+vzRFNnTiGSa8z7HpGA0Neg9314=
-64,-68,iC0wmdwz30SS0NBoSOmyOZNzH4M=,+vzRFNnTiGSa8z7HpGA0Neg9314=
-64,-67,iC0wmdwz30SS0NBoSOmyOZNzH4M=,+vzRFNnTiGSa8z7HpGA0Neg9314=
