-39,-34,a0NEZ/E9E7U6KHnt/ifNXwmhQn4=,CRtSNrM+4JmYzyTnsTx5UQbzBp4=
-37,-39,a0NEZ/E9E7U6KHnt/ifNXwmhQn4=,CRtSNrM+4JmYzyTnsTx5UQbzBp4=
-38,-39,a0NEZ/E9E7U6KHnt/ifNXwmhQn4=,CRtSNrM+4JmYzyTnsTx5UQbzBp4=
-35,-35,a0NEZ/E9E7U6KHnt/ifNXwmhQn4=,CRtSNrM+4JmYzyTnsTx5UQbzBp4=
-36,-35,a0NEZ/E9E7U6KHnt/ifNXwmhQn4=,CRtSNrM+4JmYzyTnsTx5UQbzBp4=
-37,-35,a0NEZ/E9E7U6KHnt/ifNXwmhQn4=,CRtSNrM+4JmYzyTnsTx5UQbzBp4=
-37,-36,a0NEZ/E9E7U6KHnt/ifNXwmhQn4=,CRtSNrM+4JmYzyTnsTx5UQbzBp4=
-38,-36,a0NEZ/E9E7U6KHnt/ifNXwmhQn4=,CRtSNrM+4JmYzyTnsTx5UQbzBp4=
-39,-36,a0NEZ/E9E7U6KHnt/ifNXwmhQn4=,CRtSNrM+4JmYzyTnsTx5UQbzBp4=
-34,-39,a0NEZ/E9E7U6KHnt/ifNXwmhQn4=,CRtSNrM+4JmYzyTnsTx5UQbzBp4=
-35,-34,a0NEZ/E9E7U6KHnt/ifNXwmhQn4=,CRtSNrM+4JmYzyTnsTx5UQbzBp4=
-38,-35,a0NEZ/E9E7U6KHnt/ifNXwmhQn4=,CRtSNrM+4JmYzyTnsTx5UQbzBp4=
-39,-35,a0NEZ/E9E7U6KHnt/ifNXwmhQn4=,CRtSNrM+4JmYzyTnsTx5UQbzBp4=
-34,-37,a0NEZ/E9E7U6KHnt/ifNXwmhQn4=,CRtSNrM+4JmYzyTnsTx5UQbzBp4=
-36,-34,a0NEZ/E9E7U6KHnt/ifNXwmhQn4=,CRtSNrM+4JmYzyTnsTx5UQbzBp4=
-37,-34,a0NEZ/E9E7U6KHnt/ifNXwmhQn4=,CRtSNrM+4JmYzyTnsTx5UQbzBp4=
-34,-38,a0NEZ/E9E7U6KHnt/ifNXwmhQn4=,CRtSNrM+4JmYzyTnsTx5UQbzBp4=
-35,-39,a0NEZ/E9E7U6KHnt/ifNXwmhQn4=,CRtSNrM+4JmYzyTnsTx5UQbzBp4=
-35,-38,a0NEZ/E9E7U6KHnt/ifNXwmhQn4=,CRtSNrM+4JmYzyTnsTx5UQbzBp4=
-38,-34,a0NEZ/E9E7U6KHnt/ifNXwmhQn4=,CRtSNrM+4JmYzyTnsTx5UQbzBp4=
-40,-34,a0NEZ/E9E7U6KHnt/ifNXwmhQn4=,CRtSNrM+4JmYzyTnsTx5UQbzBp4=
-41,-34,a0NEZ/E9E7U6KHnt/ifNXwmhQn4=,9/f6fmPTUYTJ2p4sWaBmzqO20hw=
-40,-35,a0NEZ/E9E7U6KHnt/ifNXwmhQn4=,CRtSNrM+4JmYzyTnsTx5UQbzBp4=
-47,-38,a0NEZ/E9E7U6KHnt/ifNXwmhQn4=,9/f6fmPTUYTJ2p4sWaBmzqO20hw=
-45,-34,a0NEZ/E9E7U6KHnt/ifNXwmhQn4=,9/f6fmPTUYTJ2p4sWaBmzqO20hw=
-46,-34,a0NEZ/E9E7U6KHnt/ifNXwmhQn4=,9/f6fmPTUYTJ2p4sWaBmzqO20hw=
-44,-35,a0NEZ/E9E7U6KHnt/ifNXwmhQn4=,9/f6fmPTUYTJ2p4sWaBmzqO20hw=
-45,-35,a0NEZ/E9E7U6KHnt/ifNXwmhQn4=,9/f6fmPTUYTJ2p4sWaBmzqO20hw=
-46,-35,a0NEZ/E9E7U6KHnt/ifNXwmhQn4=,9/f6fmPTUYTJ2p4sWaBmzqO20hw=
-47,-35,a0NEZ/E9E7U6KHnt/ifNXwmhQn4=,9/f6fmPTUYTJ2p4sWaBmzqO20hw=
-45,-36,a0NEZ/E9E7U6KHnt/ifNXwmhQn4=,9/f6fmPTUYTJ2p4sWaBmzqO20hw=
-46,-36,a0NEZ/E9E7U6KHnt/ifNXwmhQn4=,9/f6fmPTUYTJ2p4sWaBmzqO20hw=
-47,-36,a0NEZ/E9E7U6KHnt/ifNXwmhQn4=,9/f6fmPTUYTJ2p4sWaBmzqO20hw=
-46,-37,a0NEZ/E9E7U6KHnt/ifNXwmhQn4=,9/f6fmPTUYTJ2p4sWaBmzqO20hw=
-47,-37,a0NEZ/E9E7U6KHnt/ifNXwmhQn4=,9/f6fmPTUYTJ2p4sWaBmzqO20hw=
-44,-47,a0NEZ/E9E7U6KHnt/ifNXwmhQn4=,/QdjIn4h4ZgtQDNbi+e9YUdqvqc=
-44,-40,a0NEZ/E9E7U6KHnt/ifNXwmhQn4=,9/f6fmPTUYTJ2p4sWaBmzqO20hw=
-43,-40,a0NEZ/E9E7U6KHnt/ifNXwmhQn4=,9/f6fmPTUYTJ2p4sWaBmzqO20hw=
-44,-46,a0NEZ/E9E7U6KHnt/ifNXwmhQn4=,/QdjIn4h4ZgtQDNbi+e9YUdqvqc=
-42,-41,a0NEZ/E9E7U6KHnt/ifNXwmhQn4=,/QdjIn4h4ZgtQDNbi+e9YUdqvqc=
-43,-41,a0NEZ/E9E7U6KHnt/ifNXwmhQn4=,/QdjIn4h4ZgtQDNbi+e9YUdqvqc=
-44,-41,a0NEZ/E9E7U6KHnt/ifNXwmhQn4=,/QdjIn4h4ZgtQDNbi+e9YUdqvqc=
-45,-41,a0NEZ/E9E7U6KHnt/ifNXwmhQn4=,/QdjIn4h4ZgtQDNbi+e9YUdqvqc=
-43,-42,a0NEZ/E9E7U6KHnt/ifNXwmhQn4=,/QdjIn4h4ZgtQDNbi+e9YUdqvqc=
-44,-42,a0NEZ/E9E7U6KHnt/ifNXwmhQn4=,/QdjIn4h4ZgtQDNbi+e9YUdqvqc=
-45,-42,a0NEZ/E9E7U6KHnt/ifNXwmhQn4=,/QdjIn4h4ZgtQDNbi+e9YUdqvqc=
-46,-42,a0NEZ/E9E7U6KHnt/ifNXwmhQn4=,/QdjIn4h4ZgtQDNbi+e9YUdqvqc=
-47,-42,a0NEZ/E9E7U6KHnt/ifNXwmhQn4=,/QdjIn4h4ZgtQDNbi+e9YUdqvqc=
-46,-43,a0NEZ/E9E7U6KHnt/ifNXwmhQn4=,/QdjIn4h4ZgtQDNbi+e9YUdqvqc=
-45,-43,a0NEZ/E9E7U6KHnt/ifNXwmhQn4=,/QdjIn4h4ZgtQDNbi+e9YUdqvqc=
-47,-43,a0NEZ/E9E7U6KHnt/ifNXwmhQn4=,/QdjIn4h4ZgtQDNbi+e9YUdqvqc=
-47,-44,a0NEZ/E9E7U6KHnt/ifNXwmhQn4=,/QdjIn4h4ZgtQDNbi+e9YUdqvqc=
-42,-40,a0NEZ/E9E7U6KHnt/ifNXwmhQn4=,9/f6fmPTUYTJ2p4sWaBmzqO20hw=
-46,-48,a0NEZ/E9E7U6KHnt/ifNXwmhQn4=,/QdjIn4h4ZgtQDNbi+e9YUdqvqc=
-45,-48,a0NEZ/E9E7U6KHnt/ifNXwmhQn4=,/QdjIn4h4ZgtQDNbi+e9YUdqvqc=
-44,-48,a0NEZ/E9E7U6KHnt/ifNXwmhQn4=,/QdjIn4h4ZgtQDNbi+e9YUdqvqc=
-43,-48,a0NEZ/E9E7U6KHnt/ifNXwmhQn4=,/QdjIn4h4ZgtQDNbi+e9YUdqvqc=
-42,-48,a0NEZ/E9E7U6KHnt/ifNXwmhQn4=,/QdjIn4h4ZgtQDNbi+e9YUdqvqc=
-33,-38,qIKVi4WQzg3ffp+mPOaFRumgh28=,CRtSNrM+4JmYzyTnsTx5UQbzBp4=
-33,-37,qIKVi4WQzg3ffp+mPOaFRumgh28=,CRtSNrM+4JmYzyTnsTx5UQbzBp4=
-33,-39,qIKVi4WQzg3ffp+mPOaFRumgh28=,CRtSNrM+4JmYzyTnsTx5UQbzBp4=
-40,-33,qIKVi4WQzg3ffp+mPOaFRumgh28=,CRtSNrM+4JmYzyTnsTx5UQbzBp4=
-39,-33,qIKVi4WQzg3ffp+mPOaFRumgh28=,CRtSNrM+4JmYzyTnsTx5UQbzBp4=
-38,-33,qIKVi4WQzg3ffp+mPOaFRumgh28=,CRtSNrM+4JmYzyTnsTx5UQbzBp4=
-37,-33,qIKVi4WQzg3ffp+mPOaFRumgh28=,CRtSNrM+4JmYzyTnsTx5UQbzBp4=
-34,-33,qIKVi4WQzg3ffp+mPOaFRumgh28=,CRtSNrM+4JmYzyTnsTx5UQbzBp4=
-35,-33,qIKVi4WQzg3ffp+mPOaFRumgh28=,CRtSNrM+4JmYzyTnsTx5UQbzBp4=
-41,-33,qIKVi4WQzg3ffp+mPOaFRumgh28=,9/f6fmPTUYTJ2p4sWaBmzqO20hw=
-36,-33,qIKVi4WQzg3ffp+mPOaFRumgh28=,CRtSNrM+4JmYzyTnsTx5UQbzBp4=
-40,-36,qIKVi4WQzg3ffp+mPOaFRumgh28=,CRtSNrM+4JmYzyTnsTx5UQbzBp4=
-44,-34,qIKVi4WQzg3ffp+mPOaFRumgh28=,9/f6fmPTUYTJ2p4sWaBmzqO20hw=
-41,-36,qIKVi4WQzg3ffp+mPOaFRumgh28=,9/f6fmPTUYTJ2p4sWaBmzqO20hw=
-42,-35,qIKVi4WQzg3ffp+mPOaFRumgh28=,9/f6fmPTUYTJ2p4sWaBmzqO20hw=
-43,-36,qIKVi4WQzg3ffp+mPOaFRumgh28=,9/f6fmPTUYTJ2p4sWaBmzqO20hw=
-43,-35,qIKVi4WQzg3ffp+mPOaFRumgh28=,9/f6fmPTUYTJ2p4sWaBmzqO20hw=
-42,-34,qIKVi4WQzg3ffp+mPOaFRumgh28=,9/f6fmPTUYTJ2p4sWaBmzqO20hw=
-43,-34,qIKVi4WQzg3ffp+mPOaFRumgh28=,9/f6fmPTUYTJ2p4sWaBmzqO20hw=
-44,-36,qIKVi4WQzg3ffp+mPOaFRumgh28=,9/f6fmPTUYTJ2p4sWaBmzqO20hw=
-42,-33,qIKVi4WQzg3ffp+mPOaFRumgh28=,9/f6fmPTUYTJ2p4sWaBmzqO20hw=
-42,-36,qIKVi4WQzg3ffp+mPOaFRumgh28=,9/f6fmPTUYTJ2p4sWaBmzqO20hw=
-41,-35,qIKVi4WQzg3ffp+mPOaFRumgh28=,9/f6fmPTUYTJ2p4sWaBmzqO20hw=
-36,-40,qIKVi4WQzg3ffp+mPOaFRumgh28=,CRtSNrM+4JmYzyTnsTx5UQbzBp4=
-35,-40,qIKVi4WQzg3ffp+mPOaFRumgh28=,CRtSNrM+4JmYzyTnsTx5UQbzBp4=
-34,-40,qIKVi4WQzg3ffp+mPOaFRumgh28=,CRtSNrM+4JmYzyTnsTx5UQbzBp4=
-34,-41,qIKVi4WQzg3ffp+mPOaFRumgh28=,zPzDkpwXfEY7MD6aQxDbn/TGDxo=
-43,-33,qIKVi4WQzg3ffp+mPOaFRumgh28=,9/f6fmPTUYTJ2p4sWaBmzqO20hw=
-41,-48,qIKVi4WQzg3ffp+mPOaFRumgh28=,/QdjIn4h4ZgtQDNbi+e9YUdqvqc=
-35,-41,qIKVi4WQzg3ffp+mPOaFRumgh28=,zPzDkpwXfEY7MD6aQxDbn/TGDxo=
-44,-33,qIKVi4WQzg3ffp+mPOaFRumgh28=,9/f6fmPTUYTJ2p4sWaBmzqO20hw=
-39,-38,qIKVi4WQzg3ffp+mPOaFRumgh28=,CRtSNrM+4JmYzyTnsTx5UQbzBp4=
-43,-39,qIKVi4WQzg3ffp+mPOaFRumgh28=,9/f6fmPTUYTJ2p4sWaBmzqO20hw=
-37,-37,qIKVi4WQzg3ffp+mPOaFRumgh28=,CRtSNrM+4JmYzyTnsTx5UQbzBp4=
-36,-41,qIKVi4WQzg3ffp+mPOaFRumgh28=,zPzDkpwXfEY7MD6aQxDbn/TGDxo=
-39,-40,qIKVi4WQzg3ffp+mPOaFRumgh28=,CRtSNrM+4JmYzyTnsTx5UQbzBp4=
-44,-39,qIKVi4WQzg3ffp+mPOaFRumgh28=,9/f6fmPTUYTJ2p4sWaBmzqO20hw=
-40,-43,qIKVi4WQzg3ffp+mPOaFRumgh28=,zPzDkpwXfEY7MD6aQxDbn/TGDxo=
-42,-39,qIKVi4WQzg3ffp+mPOaFRumgh28=,9/f6fmPTUYTJ2p4sWaBmzqO20hw=
-38,-37,qIKVi4WQzg3ffp+mPOaFRumgh28=,CRtSNrM+4JmYzyTnsTx5UQbzBp4=
-39,-37,qIKVi4WQzg3ffp+mPOaFRumgh28=,CRtSNrM+4JmYzyTnsTx5UQbzBp4=
-39,-43,qIKVi4WQzg3ffp+mPOaFRumgh28=,zPzDkpwXfEY7MD6aQxDbn/TGDxo=
-41,-37,qIKVi4WQzg3ffp+mPOaFRumgh28=,9/f6fmPTUYTJ2p4sWaBmzqO20hw=
-38,-38,qIKVi4WQzg3ffp+mPOaFRumgh28=,CRtSNrM+4JmYzyTnsTx5UQbzBp4=
-39,-39,qIKVi4WQzg3ffp+mPOaFRumgh28=,CRtSNrM+4JmYzyTnsTx5UQbzBp4=
-40,-39,qIKVi4WQzg3ffp+mPOaFRumgh28=,CRtSNrM+4JmYzyTnsTx5UQbzBp4=
-37,-38,qIKVi4WQzg3ffp+mPOaFRumgh28=,CRtSNrM+4JmYzyTnsTx5UQbzBp4=
-40,-38,qIKVi4WQzg3ffp+mPOaFRumgh28=,CRtSNrM+4JmYzyTnsTx5UQbzBp4=
-37,-41,qIKVi4WQzg3ffp+mPOaFRumgh28=,zPzDkpwXfEY7MD6aQxDbn/TGDxo=
-41,-41,qIKVi4WQzg3ffp+mPOaFRumgh28=,/QdjIn4h4ZgtQDNbi+e9YUdqvqc=
-43,-37,qIKVi4WQzg3ffp+mPOaFRumgh28=,9/f6fmPTUYTJ2p4sWaBmzqO20hw=
-33,-34,qIKVi4WQzg3ffp+mPOaFRumgh28=,CRtSNrM+4JmYzyTnsTx5UQbzBp4=
-44,-37,qIKVi4WQzg3ffp+mPOaFRumgh28=,9/f6fmPTUYTJ2p4sWaBmzqO20hw=
-41,-39,qIKVi4WQzg3ffp+mPOaFRumgh28=,9/f6fmPTUYTJ2p4sWaBmzqO20hw=
-33,-35,qIKVi4WQzg3ffp+mPOaFRumgh28=,CRtSNrM+4JmYzyTnsTx5UQbzBp4=
-41,-45,qIKVi4WQzg3ffp+mPOaFRumgh28=,/QdjIn4h4ZgtQDNbi+e9YUdqvqc=
-38,-41,qIKVi4WQzg3ffp+mPOaFRumgh28=,zPzDkpwXfEY7MD6aQxDbn/TGDxo=
-40,-48,qIKVi4WQzg3ffp+mPOaFRumgh28=,zPzDkpwXfEY7MD6aQxDbn/TGDxo=
-39,-41,qIKVi4WQzg3ffp+mPOaFRumgh28=,zPzDkpwXfEY7MD6aQxDbn/TGDxo=
-33,-36,qIKVi4WQzg3ffp+mPOaFRumgh28=,CRtSNrM+4JmYzyTnsTx5UQbzBp4=
-42,-37,qIKVi4WQzg3ffp+mPOaFRumgh28=,9/f6fmPTUYTJ2p4sWaBmzqO20hw=
-40,-37,qIKVi4WQzg3ffp+mPOaFRumgh28=,CRtSNrM+4JmYzyTnsTx5UQbzBp4=
-42,-42,qIKVi4WQzg3ffp+mPOaFRumgh28=,/QdjIn4h4ZgtQDNbi+e9YUdqvqc=
-34,-36,qIKVi4WQzg3ffp+mPOaFRumgh28=,CRtSNrM+4JmYzyTnsTx5UQbzBp4=
-42,-47,qIKVi4WQzg3ffp+mPOaFRumgh28=,/QdjIn4h4ZgtQDNbi+e9YUdqvqc=
-34,-34,qIKVi4WQzg3ffp+mPOaFRumgh28=,CRtSNrM+4JmYzyTnsTx5UQbzBp4=
-41,-38,qIKVi4WQzg3ffp+mPOaFRumgh28=,9/f6fmPTUYTJ2p4sWaBmzqO20hw=
-42,-43,qIKVi4WQzg3ffp+mPOaFRumgh28=,/QdjIn4h4ZgtQDNbi+e9YUdqvqc=
-43,-38,qIKVi4WQzg3ffp+mPOaFRumgh28=,9/f6fmPTUYTJ2p4sWaBmzqO20hw=
-36,-36,qIKVi4WQzg3ffp+mPOaFRumgh28=,CRtSNrM+4JmYzyTnsTx5UQbzBp4=
-44,-43,qIKVi4WQzg3ffp+mPOaFRumgh28=,/QdjIn4h4ZgtQDNbi+e9YUdqvqc=
-43,-43,qIKVi4WQzg3ffp+mPOaFRumgh28=,/QdjIn4h4ZgtQDNbi+e9YUdqvqc=
-37,-44,qIKVi4WQzg3ffp+mPOaFRumgh28=,zPzDkpwXfEY7MD6aQxDbn/TGDxo=
-42,-38,qIKVi4WQzg3ffp+mPOaFRumgh28=,9/f6fmPTUYTJ2p4sWaBmzqO20hw=
-35,-36,qIKVi4WQzg3ffp+mPOaFRumgh28=,CRtSNrM+4JmYzyTnsTx5UQbzBp4=
-43,-47,qIKVi4WQzg3ffp+mPOaFRumgh28=,/QdjIn4h4ZgtQDNbi+e9YUdqvqc=
-38,-42,qIKVi4WQzg3ffp+mPOaFRumgh28=,zPzDkpwXfEY7MD6aQxDbn/TGDxo=
-34,-35,qIKVi4WQzg3ffp+mPOaFRumgh28=,CRtSNrM+4JmYzyTnsTx5UQbzBp4=
-42,-44,qIKVi4WQzg3ffp+mPOaFRumgh28=,/QdjIn4h4ZgtQDNbi+e9YUdqvqc=
-33,-33,qIKVi4WQzg3ffp+mPOaFRumgh28=,CRtSNrM+4JmYzyTnsTx5UQbzBp4=
-42,-45,qIKVi4WQzg3ffp+mPOaFRumgh28=,/QdjIn4h4ZgtQDNbi+e9YUdqvqc=
-44,-45,qIKVi4WQzg3ffp+mPOaFRumgh28=,/QdjIn4h4ZgtQDNbi+e9YUdqvqc=
-40,-41,qIKVi4WQzg3ffp+mPOaFRumgh28=,zPzDkpwXfEY7MD6aQxDbn/TGDxo=
-44,-38,qIKVi4WQzg3ffp+mPOaFRumgh28=,9/f6fmPTUYTJ2p4sWaBmzqO20hw=
-43,-46,qIKVi4WQzg3ffp+mPOaFRumgh28=,/QdjIn4h4ZgtQDNbi+e9YUdqvqc=
-38,-44,qIKVi4WQzg3ffp+mPOaFRumgh28=,zPzDkpwXfEY7MD6aQxDbn/TGDxo=
-40,-47,qIKVi4WQzg3ffp+mPOaFRumgh28=,zPzDkpwXfEY7MD6aQxDbn/TGDxo=
-43,-44,qIKVi4WQzg3ffp+mPOaFRumgh28=,/QdjIn4h4ZgtQDNbi+e9YUdqvqc=
-42,-46,qIKVi4WQzg3ffp+mPOaFRumgh28=,/QdjIn4h4ZgtQDNbi+e9YUdqvqc=
-41,-42,qIKVi4WQzg3ffp+mPOaFRumgh28=,/QdjIn4h4ZgtQDNbi+e9YUdqvqc=
-39,-44,qIKVi4WQzg3ffp+mPOaFRumgh28=,zPzDkpwXfEY7MD6aQxDbn/TGDxo=
-44,-44,qIKVi4WQzg3ffp+mPOaFRumgh28=,/QdjIn4h4ZgtQDNbi+e9YUdqvqc=
-40,-40,qIKVi4WQzg3ffp+mPOaFRumgh28=,CRtSNrM+4JmYzyTnsTx5UQbzBp4=
-41,-47,qIKVi4WQzg3ffp+mPOaFRumgh28=,/QdjIn4h4ZgtQDNbi+e9YUdqvqc=
-40,-44,qIKVi4WQzg3ffp+mPOaFRumgh28=,zPzDkpwXfEY7MD6aQxDbn/TGDxo=
-43,-45,qIKVi4WQzg3ffp+mPOaFRumgh28=,/QdjIn4h4ZgtQDNbi+e9YUdqvqc=
-37,-42,qIKVi4WQzg3ffp+mPOaFRumgh28=,zPzDkpwXfEY7MD6aQxDbn/TGDxo=
-40,-46,qIKVi4WQzg3ffp+mPOaFRumgh28=,zPzDkpwXfEY7MD6aQxDbn/TGDxo=
-39,-48,qIKVi4WQzg3ffp+mPOaFRumgh28=,zPzDkpwXfEY7MD6aQxDbn/TGDxo=
-37,-40,qIKVi4WQzg3ffp+mPOaFRumgh28=,CRtSNrM+4JmYzyTnsTx5UQbzBp4=
-40,-42,qIKVi4WQzg3ffp+mPOaFRumgh28=,zPzDkpwXfEY7MD6aQxDbn/TGDxo=
-39,-42,qIKVi4WQzg3ffp+mPOaFRumgh28=,zPzDkpwXfEY7MD6aQxDbn/TGDxo=
-41,-44,qIKVi4WQzg3ffp+mPOaFRumgh28=,/QdjIn4h4ZgtQDNbi+e9YUdqvqc=
-38,-46,qIKVi4WQzg3ffp+mPOaFRumgh28=,zPzDkpwXfEY7MD6aQxDbn/TGDxo=
-37,-45,qIKVi4WQzg3ffp+mPOaFRumgh28=,zPzDkpwXfEY7MD6aQxDbn/TGDxo=
-39,-46,qIKVi4WQzg3ffp+mPOaFRumgh28=,zPzDkpwXfEY7MD6aQxDbn/TGDxo=
-40,-45,qIKVi4WQzg3ffp+mPOaFRumgh28=,zPzDkpwXfEY7MD6aQxDbn/TGDxo=
-37,-47,qIKVi4WQzg3ffp+mPOaFRumgh28=,zPzDkpwXfEY7MD6aQxDbn/TGDxo=
-41,-40,qIKVi4WQzg3ffp+mPOaFRumgh28=,9/f6fmPTUYTJ2p4sWaBmzqO20hw=
-39,-47,qIKVi4WQzg3ffp+mPOaFRumgh28=,zPzDkpwXfEY7MD6aQxDbn/TGDxo=
-38,-47,qIKVi4WQzg3ffp+mPOaFRumgh28=,zPzDkpwXfEY7MD6aQxDbn/TGDxo=
-39,-45,qIKVi4WQzg3ffp+mPOaFRumgh28=,zPzDkpwXfEY7MD6aQxDbn/TGDxo=
-38,-43,qIKVi4WQzg3ffp+mPOaFRumgh28=,zPzDkpwXfEY7MD6aQxDbn/TGDxo=
-37,-43,qIKVi4WQzg3ffp+mPOaFRumgh28=,zPzDkpwXfEY7MD6aQxDbn/TGDxo=
-33,-40,qIKVi4WQzg3ffp+mPOaFRumgh28=,CRtSNrM+4JmYzyTnsTx5UQbzBp4=
-37,-46,qIKVi4WQzg3ffp+mPOaFRumgh28=,zPzDkpwXfEY7MD6aQxDbn/TGDxo=
-38,-45,qIKVi4WQzg3ffp+mPOaFRumgh28=,zPzDkpwXfEY7MD6aQxDbn/TGDxo=
-33,-41,qIKVi4WQzg3ffp+mPOaFRumgh28=,zPzDkpwXfEY7MD6aQxDbn/TGDxo=
-35,-44,qIKVi4WQzg3ffp+mPOaFRumgh28=,zPzDkpwXfEY7MD6aQxDbn/TGDxo=
-38,-40,qIKVi4WQzg3ffp+mPOaFRumgh28=,CRtSNrM+4JmYzyTnsTx5UQbzBp4=
-41,-46,qIKVi4WQzg3ffp+mPOaFRumgh28=,/QdjIn4h4ZgtQDNbi+e9YUdqvqc=
-36,-44,qIKVi4WQzg3ffp+mPOaFRumgh28=,zPzDkpwXfEY7MD6aQxDbn/TGDxo=
-34,-44,qIKVi4WQzg3ffp+mPOaFRumgh28=,zPzDkpwXfEY7MD6aQxDbn/TGDxo=
-35,-42,qIKVi4WQzg3ffp+mPOaFRumgh28=,zPzDkpwXfEY7MD6aQxDbn/TGDxo=
-36,-42,qIKVi4WQzg3ffp+mPOaFRumgh28=,zPzDkpwXfEY7MD6aQxDbn/TGDxo=
-41,-43,qIKVi4WQzg3ffp+mPOaFRumgh28=,/QdjIn4h4ZgtQDNbi+e9YUdqvqc=
-36,-37,qIKVi4WQzg3ffp+mPOaFRumgh28=,CRtSNrM+4JmYzyTnsTx5UQbzBp4=
-36,-38,qIKVi4WQzg3ffp+mPOaFRumgh28=,CRtSNrM+4JmYzyTnsTx5UQbzBp4=
-35,-37,qIKVi4WQzg3ffp+mPOaFRumgh28=,CRtSNrM+4JmYzyTnsTx5UQbzBp4=
-34,-42,qIKVi4WQzg3ffp+mPOaFRumgh28=,zPzDkpwXfEY7MD6aQxDbn/TGDxo=
-36,-39,qIKVi4WQzg3ffp+mPOaFRumgh28=,CRtSNrM+4JmYzyTnsTx5UQbzBp4=
-36,-43,qIKVi4WQzg3ffp+mPOaFRumgh28=,zPzDkpwXfEY7MD6aQxDbn/TGDxo=
-33,-42,qIKVi4WQzg3ffp+mPOaFRumgh28=,zPzDkpwXfEY7MD6aQxDbn/TGDxo=
-35,-43,qIKVi4WQzg3ffp+mPOaFRumgh28=,zPzDkpwXfEY7MD6aQxDbn/TGDxo=
-37,-48,qIKVi4WQzg3ffp+mPOaFRumgh28=,zPzDkpwXfEY7MD6aQxDbn/TGDxo=
-33,-44,qIKVi4WQzg3ffp+mPOaFRumgh28=,zPzDkpwXfEY7MD6aQxDbn/TGDxo=
-38,-48,qIKVi4WQzg3ffp+mPOaFRumgh28=,zPzDkpwXfEY7MD6aQxDbn/TGDxo=
-34,-43,qIKVi4WQzg3ffp+mPOaFRumgh28=,zPzDkpwXfEY7MD6aQxDbn/TGDxo=
-33,-43,qIKVi4WQzg3ffp+mPOaFRumgh28=,zPzDkpwXfEY7MD6aQxDbn/TGDxo=
-48,-38,qIKVi4WQzg3ffp+mPOaFRumgh28=,9/f6fmPTUYTJ2p4sWaBmzqO20hw=
-48,-45,qIKVi4WQzg3ffp+mPOaFRumgh28=,/QdjIn4h4ZgtQDNbi+e9YUdqvqc=
-48,-44,qIKVi4WQzg3ffp+mPOaFRumgh28=,/QdjIn4h4ZgtQDNbi+e9YUdqvqc=
-45,-46,qIKVi4WQzg3ffp+mPOaFRumgh28=,/QdjIn4h4ZgtQDNbi+e9YUdqvqc=
-45,-47,qIKVi4WQzg3ffp+mPOaFRumgh28=,/QdjIn4h4ZgtQDNbi+e9YUdqvqc=
-46,-47,qIKVi4WQzg3ffp+mPOaFRumgh28=,/QdjIn4h4ZgtQDNbi+e9YUdqvqc=
-48,-36,qIKVi4WQzg3ffp+mPOaFRumgh28=,9/f6fmPTUYTJ2p4sWaBmzqO20hw=
-45,-45,qIKVi4WQzg3ffp+mPOaFRumgh28=,/QdjIn4h4ZgtQDNbi+e9YUdqvqc=
-46,-46,qIKVi4WQzg3ffp+mPOaFRumgh28=,/QdjIn4h4ZgtQDNbi+e9YUdqvqc=
-48,-35,qIKVi4WQzg3ffp+mPOaFRumgh28=,9/f6fmPTUYTJ2p4sWaBmzqO20hw=
-48,-41,qIKVi4WQzg3ffp+mPOaFRumgh28=,/QdjIn4h4ZgtQDNbi+e9YUdqvqc=
-47,-47,qIKVi4WQzg3ffp+mPOaFRumgh28=,/QdjIn4h4ZgtQDNbi+e9YUdqvqc=
-48,-37,qIKVi4WQzg3ffp+mPOaFRumgh28=,9/f6fmPTUYTJ2p4sWaBmzqO20hw=
-47,-39,qIKVi4WQzg3ffp+mPOaFRumgh28=,9/f6fmPTUYTJ2p4sWaBmzqO20hw=
-46,-45,qIKVi4WQzg3ffp+mPOaFRumgh28=,/QdjIn4h4ZgtQDNbi+e9YUdqvqc=
-45,-39,qIKVi4WQzg3ffp+mPOaFRumgh28=,9/f6fmPTUYTJ2p4sWaBmzqO20hw=
-47,-46,qIKVi4WQzg3ffp+mPOaFRumgh28=,/QdjIn4h4ZgtQDNbi+e9YUdqvqc=
-48,-42,qIKVi4WQzg3ffp+mPOaFRumgh28=,/QdjIn4h4ZgtQDNbi+e9YUdqvqc=
-46,-39,qIKVi4WQzg3ffp+mPOaFRumgh28=,9/f6fmPTUYTJ2p4sWaBmzqO20hw=
-47,-48,qIKVi4WQzg3ffp+mPOaFRumgh28=,/QdjIn4h4ZgtQDNbi+e9YUdqvqc=
-48,-47,qIKVi4WQzg3ffp+mPOaFRumgh28=,/QdjIn4h4ZgtQDNbi+e9YUdqvqc=
-47,-45,qIKVi4WQzg3ffp+mPOaFRumgh28=,/QdjIn4h4ZgtQDNbi+e9YUdqvqc=
-47,-34,qIKVi4WQzg3ffp+mPOaFRumgh28=,9/f6fmPTUYTJ2p4sWaBmzqO20hw=
-48,-34,qIKVi4WQzg3ffp+mPOaFRumgh28=,9/f6fmPTUYTJ2p4sWaBmzqO20hw=
-45,-37,qIKVi4WQzg3ffp+mPOaFRumgh28=,9/f6fmPTUYTJ2p4sWaBmzqO20hw=
-48,-43,qIKVi4WQzg3ffp+mPOaFRumgh28=,/QdjIn4h4ZgtQDNbi+e9YUdqvqc=
-45,-38,qIKVi4WQzg3ffp+mPOaFRumgh28=,9/f6fmPTUYTJ2p4sWaBmzqO20hw=
-48,-46,qIKVi4WQzg3ffp+mPOaFRumgh28=,/QdjIn4h4ZgtQDNbi+e9YUdqvqc=
-47,-40,qIKVi4WQzg3ffp+mPOaFRumgh28=,9/f6fmPTUYTJ2p4sWaBmzqO20hw=
-46,-33,qIKVi4WQzg3ffp+mPOaFRumgh28=,9/f6fmPTUYTJ2p4sWaBmzqO20hw=
-46,-38,qIKVi4WQzg3ffp+mPOaFRumgh28=,9/f6fmPTUYTJ2p4sWaBmzqO20hw=
-45,-40,qIKVi4WQzg3ffp+mPOaFRumgh28=,9/f6fmPTUYTJ2p4sWaBmzqO20hw=
-45,-44,qIKVi4WQzg3ffp+mPOaFRumgh28=,/QdjIn4h4ZgtQDNbi+e9YUdqvqc=
-45,-33,qIKVi4WQzg3ffp+mPOaFRumgh28=,9/f6fmPTUYTJ2p4sWaBmzqO20hw=
-46,-41,qIKVi4WQzg3ffp+mPOaFRumgh28=,/QdjIn4h4ZgtQDNbi+e9YUdqvqc=
-46,-44,qIKVi4WQzg3ffp+mPOaFRumgh28=,/QdjIn4h4ZgtQDNbi+e9YUdqvqc=
-48,-39,qIKVi4WQzg3ffp+mPOaFRumgh28=,9/f6fmPTUYTJ2p4sWaBmzqO20hw=
-48,-40,qIKVi4WQzg3ffp+mPOaFRumgh28=,9/f6fmPTUYTJ2p4sWaBmzqO20hw=
-47,-33,qIKVi4WQzg3ffp+mPOaFRumgh28=,9/f6fmPTUYTJ2p4sWaBmzqO20hw=
-46,-40,qIKVi4WQzg3ffp+mPOaFRumgh28=,9/f6fmPTUYTJ2p4sWaBmzqO20hw=
-48,-48,qIKVi4WQzg3ffp+mPOaFRumgh28=,/QdjIn4h4ZgtQDNbi+e9YUdqvqc=
-48,-33,qIKVi4WQzg3ffp+mPOaFRumgh28=,9/f6fmPTUYTJ2p4sWaBmzqO20hw=
-47,-41,qIKVi4WQzg3ffp+mPOaFRumgh28=,/QdjIn4h4ZgtQDNbi+e9YUdqvqc=
-35,-47,qIKVi4WQzg3ffp+mPOaFRumgh28=,zPzDkpwXfEY7MD6aQxDbn/TGDxo=
-36,-45,qIKVi4WQzg3ffp+mPOaFRumgh28=,zPzDkpwXfEY7MD6aQxDbn/TGDxo=
-36,-47,qIKVi4WQzg3ffp+mPOaFRumgh28=,zPzDkpwXfEY7MD6aQxDbn/TGDxo=
-36,-46,qIKVi4WQzg3ffp+mPOaFRumgh28=,zPzDkpwXfEY7MD6aQxDbn/TGDxo=
-33,-45,qIKVi4WQzg3ffp+mPOaFRumgh28=,zPzDkpwXfEY7MD6aQxDbn/TGDxo=
-35,-46,qIKVi4WQzg3ffp+mPOaFRumgh28=,zPzDkpwXfEY7MD6aQxDbn/TGDxo=
-33,-48,qIKVi4WQzg3ffp+mPOaFRumgh28=,zPzDkpwXfEY7MD6aQxDbn/TGDxo=
-35,-45,qIKVi4WQzg3ffp+mPOaFRumgh28=,zPzDkpwXfEY7MD6aQxDbn/TGDxo=
-34,-46,qIKVi4WQzg3ffp+mPOaFRumgh28=,zPzDkpwXfEY7MD6aQxDbn/TGDxo=
-34,-45,qIKVi4WQzg3ffp+mPOaFRumgh28=,zPzDkpwXfEY7MD6aQxDbn/TGDxo=
-34,-47,qIKVi4WQzg3ffp+mPOaFRumgh28=,zPzDkpwXfEY7MD6aQxDbn/TGDxo=
-34,-48,qIKVi4WQzg3ffp+mPOaFRumgh28=,zPzDkpwXfEY7MD6aQxDbn/TGDxo=
-35,-48,qIKVi4WQzg3ffp+mPOaFRumgh28=,zPzDkpwXfEY7MD6aQxDbn/TGDxo=
-33,-46,qIKVi4WQzg3ffp+mPOaFRumgh28=,zPzDkpwXfEY7MD6aQxDbn/TGDxo=
-36,-48,qIKVi4WQzg3ffp+mPOaFRumgh28=,zPzDkpwXfEY7MD6aQxDbn/TGDxo=
-33,-47,qIKVi4WQzg3ffp+mPOaFRumgh28=,zPzDkpwXfEY7MD6aQxDbn/TGDxo=
-44,-50,qIKVi4WQzg3ffp+mPOaFRumgh28=,xgAmgoDZQJ2PBqV8u6eLzAdrpSU=
-43,-50,qIKVi4WQzg3ffp+mPOaFRumgh28=,xgAmgoDZQJ2PBqV8u6eLzAdrpSU=
-42,-50,qIKVi4WQzg3ffp+mPOaFRumgh28=,xgAmgoDZQJ2PBqV8u6eLzAdrpSU=
-47,-55,qIKVi4WQzg3ffp+mPOaFRumgh28=,xgAmgoDZQJ2PBqV8u6eLzAdrpSU=
-45,-50,qIKVi4WQzg3ffp+mPOaFRumgh28=,xgAmgoDZQJ2PBqV8u6eLzAdrpSU=
-46,-55,qIKVi4WQzg3ffp+mPOaFRumgh28=,xgAmgoDZQJ2PBqV8u6eLzAdrpSU=
-45,-55,qIKVi4WQzg3ffp+mPOaFRumgh28=,xgAmgoDZQJ2PBqV8u6eLzAdrpSU=
-46,-50,qIKVi4WQzg3ffp+mPOaFRumgh28=,xgAmgoDZQJ2PBqV8u6eLzAdrpSU=
-44,-55,qIKVi4WQzg3ffp+mPOaFRumgh28=,xgAmgoDZQJ2PBqV8u6eLzAdrpSU=
-47,-50,evt0pmMS04OJhvFloLknXlYlQHY=,xgAmgoDZQJ2PBqV8u6eLzAdrpSU=
-42,-51,evt0pmMS04OJhvFloLknXlYlQHY=,xgAmgoDZQJ2PBqV8u6eLzAdrpSU=
-43,-51,evt0pmMS04OJhvFloLknXlYlQHY=,xgAmgoDZQJ2PBqV8u6eLzAdrpSU=
-44,-51,evt0pmMS04OJhvFloLknXlYlQHY=,xgAmgoDZQJ2PBqV8u6eLzAdrpSU=
-45,-51,evt0pmMS04OJhvFloLknXlYlQHY=,xgAmgoDZQJ2PBqV8u6eLzAdrpSU=
-46,-51,evt0pmMS04OJhvFloLknXlYlQHY=,xgAmgoDZQJ2PBqV8u6eLzAdrpSU=
-47,-51,evt0pmMS04OJhvFloLknXlYlQHY=,xgAmgoDZQJ2PBqV8u6eLzAdrpSU=
-42,-52,evt0pmMS04OJhvFloLknXlYlQHY=,xgAmgoDZQJ2PBqV8u6eLzAdrpSU=
-43,-52,evt0pmMS04OJhvFloLknXlYlQHY=,xgAmgoDZQJ2PBqV8u6eLzAdrpSU=
-44,-52,evt0pmMS04OJhvFloLknXlYlQHY=,xgAmgoDZQJ2PBqV8u6eLzAdrpSU=
-45,-52,evt0pmMS04OJhvFloLknXlYlQHY=,xgAmgoDZQJ2PBqV8u6eLzAdrpSU=
-46,-52,evt0pmMS04OJhvFloLknXlYlQHY=,xgAmgoDZQJ2PBqV8u6eLzAdrpSU=
-47,-52,evt0pmMS04OJhvFloLknXlYlQHY=,xgAmgoDZQJ2PBqV8u6eLzAdrpSU=
-42,-53,evt0pmMS04OJhvFloLknXlYlQHY=,xgAmgoDZQJ2PBqV8u6eLzAdrpSU=
-43,-53,evt0pmMS04OJhvFloLknXlYlQHY=,xgAmgoDZQJ2PBqV8u6eLzAdrpSU=
-44,-53,evt0pmMS04OJhvFloLknXlYlQHY=,xgAmgoDZQJ2PBqV8u6eLzAdrpSU=
-45,-53,evt0pmMS04OJhvFloLknXlYlQHY=,xgAmgoDZQJ2PBqV8u6eLzAdrpSU=
-46,-53,evt0pmMS04OJhvFloLknXlYlQHY=,xgAmgoDZQJ2PBqV8u6eLzAdrpSU=
-47,-53,evt0pmMS04OJhvFloLknXlYlQHY=,xgAmgoDZQJ2PBqV8u6eLzAdrpSU=
-42,-54,evt0pmMS04OJhvFloLknXlYlQHY=,xgAmgoDZQJ2PBqV8u6eLzAdrpSU=
-43,-54,evt0pmMS04OJhvFloLknXlYlQHY=,xgAmgoDZQJ2PBqV8u6eLzAdrpSU=
-44,-54,evt0pmMS04OJhvFloLknXlYlQHY=,xgAmgoDZQJ2PBqV8u6eLzAdrpSU=
-45,-54,evt0pmMS04OJhvFloLknXlYlQHY=,xgAmgoDZQJ2PBqV8u6eLzAdrpSU=
-46,-54,evt0pmMS04OJhvFloLknXlYlQHY=,xgAmgoDZQJ2PBqV8u6eLzAdrpSU=
-47,-54,evt0pmMS04OJhvFloLknXlYlQHY=,xgAmgoDZQJ2PBqV8u6eLzAdrpSU=
-42,-55,evt0pmMS04OJhvFloLknXlYlQHY=,xgAmgoDZQJ2PBqV8u6eLzAdrpSU=
-43,-55,evt0pmMS04OJhvFloLknXlYlQHY=,xgAmgoDZQJ2PBqV8u6eLzAdrpSU=
-46,-49,evt0pmMS04OJhvFloLknXlYlQHY=,xgAmgoDZQJ2PBqV8u6eLzAdrpSU=
-45,-49,evt0pmMS04OJhvFloLknXlYlQHY=,xgAmgoDZQJ2PBqV8u6eLzAdrpSU=
-44,-49,evt0pmMS04OJhvFloLknXlYlQHY=,xgAmgoDZQJ2PBqV8u6eLzAdrpSU=
-42,-49,evt0pmMS04OJhvFloLknXlYlQHY=,xgAmgoDZQJ2PBqV8u6eLzAdrpSU=
-42,-63,evt0pmMS04OJhvFloLknXlYlQHY=,jIs+1QJypDTrcyVhM1BPww3hMeU=
-47,-56,evt0pmMS04OJhvFloLknXlYlQHY=,xgAmgoDZQJ2PBqV8u6eLzAdrpSU=
-47,-62,evt0pmMS04OJhvFloLknXlYlQHY=,jIs+1QJypDTrcyVhM1BPww3hMeU=
-46,-56,evt0pmMS04OJhvFloLknXlYlQHY=,xgAmgoDZQJ2PBqV8u6eLzAdrpSU=
-45,-56,evt0pmMS04OJhvFloLknXlYlQHY=,xgAmgoDZQJ2PBqV8u6eLzAdrpSU=
-42,-62,evt0pmMS04OJhvFloLknXlYlQHY=,jIs+1QJypDTrcyVhM1BPww3hMeU=
-43,-57,evt0pmMS04OJhvFloLknXlYlQHY=,jIs+1QJypDTrcyVhM1BPww3hMeU=
-44,-57,evt0pmMS04OJhvFloLknXlYlQHY=,jIs+1QJypDTrcyVhM1BPww3hMeU=
-45,-57,evt0pmMS04OJhvFloLknXlYlQHY=,jIs+1QJypDTrcyVhM1BPww3hMeU=
-46,-57,evt0pmMS04OJhvFloLknXlYlQHY=,jIs+1QJypDTrcyVhM1BPww3hMeU=
-47,-57,evt0pmMS04OJhvFloLknXlYlQHY=,jIs+1QJypDTrcyVhM1BPww3hMeU=
-44,-58,evt0pmMS04OJhvFloLknXlYlQHY=,jIs+1QJypDTrcyVhM1BPww3hMeU=
-45,-58,evt0pmMS04OJhvFloLknXlYlQHY=,jIs+1QJypDTrcyVhM1BPww3hMeU=
-46,-58,evt0pmMS04OJhvFloLknXlYlQHY=,jIs+1QJypDTrcyVhM1BPww3hMeU=
-47,-58,evt0pmMS04OJhvFloLknXlYlQHY=,jIs+1QJypDTrcyVhM1BPww3hMeU=
-45,-59,evt0pmMS04OJhvFloLknXlYlQHY=,jIs+1QJypDTrcyVhM1BPww3hMeU=
-46,-59,evt0pmMS04OJhvFloLknXlYlQHY=,jIs+1QJypDTrcyVhM1BPww3hMeU=
-47,-59,evt0pmMS04OJhvFloLknXlYlQHY=,jIs+1QJypDTrcyVhM1BPww3hMeU=
-46,-60,evt0pmMS04OJhvFloLknXlYlQHY=,jIs+1QJypDTrcyVhM1BPww3hMeU=
-47,-60,evt0pmMS04OJhvFloLknXlYlQHY=,jIs+1QJypDTrcyVhM1BPww3hMeU=
-43,-56,evt0pmMS04OJhvFloLknXlYlQHY=,xgAmgoDZQJ2PBqV8u6eLzAdrpSU=
-44,-56,evt0pmMS04OJhvFloLknXlYlQHY=,xgAmgoDZQJ2PBqV8u6eLzAdrpSU=
-47,-61,evt0pmMS04OJhvFloLknXlYlQHY=,jIs+1QJypDTrcyVhM1BPww3hMeU=
-48,-62,evt0pmMS04OJhvFloLknXlYlQHY=,jIs+1QJypDTrcyVhM1BPww3hMeU=
-48,-61,evt0pmMS04OJhvFloLknXlYlQHY=,jIs+1QJypDTrcyVhM1BPww3hMeU=
-48,-60,evt0pmMS04OJhvFloLknXlYlQHY=,jIs+1QJypDTrcyVhM1BPww3hMeU=
-48,-59,evt0pmMS04OJhvFloLknXlYlQHY=,jIs+1QJypDTrcyVhM1BPww3hMeU=
-48,-58,evt0pmMS04OJhvFloLknXlYlQHY=,jIs+1QJypDTrcyVhM1BPww3hMeU=
-48,-63,evt0pmMS04OJhvFloLknXlYlQHY=,jIs+1QJypDTrcyVhM1BPww3hMeU=
-40,-62,evt0pmMS04OJhvFloLknXlYlQHY=,tfRyWLf16MDHoI2CeJfxC7q64Hw=
-39,-62,evt0pmMS04OJhvFloLknXlYlQHY=,tfRyWLf16MDHoI2CeJfxC7q64Hw=
-38,-62,evt0pmMS04OJhvFloLknXlYlQHY=,tfRyWLf16MDHoI2CeJfxC7q64Hw=
-40,-61,evt0pmMS04OJhvFloLknXlYlQHY=,tfRyWLf16MDHoI2CeJfxC7q64Hw=
-39,-61,evt0pmMS04OJhvFloLknXlYlQHY=,tfRyWLf16MDHoI2CeJfxC7q64Hw=
-38,-61,evt0pmMS04OJhvFloLknXlYlQHY=,tfRyWLf16MDHoI2CeJfxC7q64Hw=
-41,-61,evt0pmMS04OJhvFloLknXlYlQHY=,jIs+1QJypDTrcyVhM1BPww3hMeU=
-40,-60,evt0pmMS04OJhvFloLknXlYlQHY=,tfRyWLf16MDHoI2CeJfxC7q64Hw=
-39,-59,evt0pmMS04OJhvFloLknXlYlQHY=,tfRyWLf16MDHoI2CeJfxC7q64Hw=
-38,-60,evt0pmMS04OJhvFloLknXlYlQHY=,tfRyWLf16MDHoI2CeJfxC7q64Hw=
-39,-60,evt0pmMS04OJhvFloLknXlYlQHY=,tfRyWLf16MDHoI2CeJfxC7q64Hw=
-42,-64,evt0pmMS04OJhvFloLknXlYlQHY=,jIs+1QJypDTrcyVhM1BPww3hMeU=
-43,-64,evt0pmMS04OJhvFloLknXlYlQHY=,jIs+1QJypDTrcyVhM1BPww3hMeU=
-43,-63,evt0pmMS04OJhvFloLknXlYlQHY=,jIs+1QJypDTrcyVhM1BPww3hMeU=
-40,-64,evt0pmMS04OJhvFloLknXlYlQHY=,tfRyWLf16MDHoI2CeJfxC7q64Hw=
-44,-64,evt0pmMS04OJhvFloLknXlYlQHY=,jIs+1QJypDTrcyVhM1BPww3hMeU=
-37,-61,evt0pmMS04OJhvFloLknXlYlQHY=,tfRyWLf16MDHoI2CeJfxC7q64Hw=
-41,-64,evt0pmMS04OJhvFloLknXlYlQHY=,jIs+1QJypDTrcyVhM1BPww3hMeU=
-41,-62,evt0pmMS04OJhvFloLknXlYlQHY=,jIs+1QJypDTrcyVhM1BPww3hMeU=
-44,-62,evt0pmMS04OJhvFloLknXlYlQHY=,jIs+1QJypDTrcyVhM1BPww3hMeU=
-37,-62,evt0pmMS04OJhvFloLknXlYlQHY=,tfRyWLf16MDHoI2CeJfxC7q64Hw=
-44,-63,evt0pmMS04OJhvFloLknXlYlQHY=,jIs+1QJypDTrcyVhM1BPww3hMeU=
-42,-61,evt0pmMS04OJhvFloLknXlYlQHY=,jIs+1QJypDTrcyVhM1BPww3hMeU=
-38,-63,evt0pmMS04OJhvFloLknXlYlQHY=,tfRyWLf16MDHoI2CeJfxC7q64Hw=
-37,-63,evt0pmMS04OJhvFloLknXlYlQHY=,tfRyWLf16MDHoI2CeJfxC7q64Hw=
-43,-61,evt0pmMS04OJhvFloLknXlYlQHY=,jIs+1QJypDTrcyVhM1BPww3hMeU=
-44,-61,evt0pmMS04OJhvFloLknXlYlQHY=,jIs+1QJypDTrcyVhM1BPww3hMeU=
-40,-63,evt0pmMS04OJhvFloLknXlYlQHY=,tfRyWLf16MDHoI2CeJfxC7q64Hw=
-43,-62,CNj/JPsJpZR3uTupWP7i400TtFE=,jIs+1QJypDTrcyVhM1BPww3hMeU=
-41,-63,CNj/JPsJpZR3uTupWP7i400TtFE=,jIs+1QJypDTrcyVhM1BPww3hMeU=
-39,-63,CNj/JPsJpZR3uTupWP7i400TtFE=,tfRyWLf16MDHoI2CeJfxC7q64Hw=
-38,-64,CNj/JPsJpZR3uTupWP7i400TtFE=,tfRyWLf16MDHoI2CeJfxC7q64Hw=
-39,-64,CNj/JPsJpZR3uTupWP7i400TtFE=,tfRyWLf16MDHoI2CeJfxC7q64Hw=
-41,-55,CNj/JPsJpZR3uTupWP7i400TtFE=,xgAmgoDZQJ2PBqV8u6eLzAdrpSU=
-41,-51,CNj/JPsJpZR3uTupWP7i400TtFE=,xgAmgoDZQJ2PBqV8u6eLzAdrpSU=
-40,-52,CNj/JPsJpZR3uTupWP7i400TtFE=,5dnkt/DeDY8LTQt0h5gc6V5zwOQ=
-37,-51,CNj/JPsJpZR3uTupWP7i400TtFE=,5dnkt/DeDY8LTQt0h5gc6V5zwOQ=
-41,-52,CNj/JPsJpZR3uTupWP7i400TtFE=,xgAmgoDZQJ2PBqV8u6eLzAdrpSU=
-41,-60,CNj/JPsJpZR3uTupWP7i400TtFE=,jIs+1QJypDTrcyVhM1BPww3hMeU=
-37,-60,CNj/JPsJpZR3uTupWP7i400TtFE=,tfRyWLf16MDHoI2CeJfxC7q64Hw=
-37,-64,CNj/JPsJpZR3uTupWP7i400TtFE=,tfRyWLf16MDHoI2CeJfxC7q64Hw=
-41,-59,CNj/JPsJpZR3uTupWP7i400TtFE=,jIs+1QJypDTrcyVhM1BPww3hMeU=
-37,-59,CNj/JPsJpZR3uTupWP7i400TtFE=,tfRyWLf16MDHoI2CeJfxC7q64Hw=
-41,-53,CNj/JPsJpZR3uTupWP7i400TtFE=,xgAmgoDZQJ2PBqV8u6eLzAdrpSU=
-38,-59,CNj/JPsJpZR3uTupWP7i400TtFE=,tfRyWLf16MDHoI2CeJfxC7q64Hw=
-40,-58,CNj/JPsJpZR3uTupWP7i400TtFE=,tfRyWLf16MDHoI2CeJfxC7q64Hw=
-39,-57,CNj/JPsJpZR3uTupWP7i400TtFE=,tfRyWLf16MDHoI2CeJfxC7q64Hw=
-38,-57,CNj/JPsJpZR3uTupWP7i400TtFE=,tfRyWLf16MDHoI2CeJfxC7q64Hw=
-37,-58,CNj/JPsJpZR3uTupWP7i400TtFE=,tfRyWLf16MDHoI2CeJfxC7q64Hw=
-41,-54,CNj/JPsJpZR3uTupWP7i400TtFE=,xgAmgoDZQJ2PBqV8u6eLzAdrpSU=
-43,-49,CNj/JPsJpZR3uTupWP7i400TtFE=,xgAmgoDZQJ2PBqV8u6eLzAdrpSU=
-41,-58,CNj/JPsJpZR3uTupWP7i400TtFE=,jIs+1QJypDTrcyVhM1BPww3hMeU=
-40,-59,CNj/JPsJpZR3uTupWP7i400TtFE=,tfRyWLf16MDHoI2CeJfxC7q64Hw=
-38,-58,CNj/JPsJpZR3uTupWP7i400TtFE=,tfRyWLf16MDHoI2CeJfxC7q64Hw=
-37,-57,CNj/JPsJpZR3uTupWP7i400TtFE=,tfRyWLf16MDHoI2CeJfxC7q64Hw=
-42,-57,CNj/JPsJpZR3uTupWP7i400TtFE=,jIs+1QJypDTrcyVhM1BPww3hMeU=
-39,-58,CNj/JPsJpZR3uTupWP7i400TtFE=,tfRyWLf16MDHoI2CeJfxC7q64Hw=
-43,-58,CNj/JPsJpZR3uTupWP7i400TtFE=,jIs+1QJypDTrcyVhM1BPww3hMeU=
-42,-56,CNj/JPsJpZR3uTupWP7i400TtFE=,xgAmgoDZQJ2PBqV8u6eLzAdrpSU=
-42,-58,CNj/JPsJpZR3uTupWP7i400TtFE=,jIs+1QJypDTrcyVhM1BPww3hMeU=
-39,-55,CNj/JPsJpZR3uTupWP7i400TtFE=,5dnkt/DeDY8LTQt0h5gc6V5zwOQ=
-42,-59,CNj/JPsJpZR3uTupWP7i400TtFE=,jIs+1QJypDTrcyVhM1BPww3hMeU=
-44,-60,CNj/JPsJpZR3uTupWP7i400TtFE=,jIs+1QJypDTrcyVhM1BPww3hMeU=
-39,-53,CNj/JPsJpZR3uTupWP7i400TtFE=,5dnkt/DeDY8LTQt0h5gc6V5zwOQ=
-40,-57,CNj/JPsJpZR3uTupWP7i400TtFE=,tfRyWLf16MDHoI2CeJfxC7q64Hw=
-41,-57,CNj/JPsJpZR3uTupWP7i400TtFE=,jIs+1QJypDTrcyVhM1BPww3hMeU=
-40,-54,CNj/JPsJpZR3uTupWP7i400TtFE=,5dnkt/DeDY8LTQt0h5gc6V5zwOQ=
-40,-51,CNj/JPsJpZR3uTupWP7i400TtFE=,5dnkt/DeDY8LTQt0h5gc6V5zwOQ=
-43,-59,CNj/JPsJpZR3uTupWP7i400TtFE=,jIs+1QJypDTrcyVhM1BPww3hMeU=
-44,-59,CNj/JPsJpZR3uTupWP7i400TtFE=,jIs+1QJypDTrcyVhM1BPww3hMeU=
-41,-50,CNj/JPsJpZR3uTupWP7i400TtFE=,xgAmgoDZQJ2PBqV8u6eLzAdrpSU=
-42,-60,CNj/JPsJpZR3uTupWP7i400TtFE=,jIs+1QJypDTrcyVhM1BPww3hMeU=
-43,-60,CNj/JPsJpZR3uTupWP7i400TtFE=,jIs+1QJypDTrcyVhM1BPww3hMeU=
-48,-56,CNj/JPsJpZR3uTupWP7i400TtFE=,xgAmgoDZQJ2PBqV8u6eLzAdrpSU=
-48,-55,CNj/JPsJpZR3uTupWP7i400TtFE=,xgAmgoDZQJ2PBqV8u6eLzAdrpSU=
-48,-54,CNj/JPsJpZR3uTupWP7i400TtFE=,xgAmgoDZQJ2PBqV8u6eLzAdrpSU=
-48,-53,CNj/JPsJpZR3uTupWP7i400TtFE=,xgAmgoDZQJ2PBqV8u6eLzAdrpSU=
-48,-52,CNj/JPsJpZR3uTupWP7i400TtFE=,xgAmgoDZQJ2PBqV8u6eLzAdrpSU=
-48,-57,CNj/JPsJpZR3uTupWP7i400TtFE=,jIs+1QJypDTrcyVhM1BPww3hMeU=
-48,-51,CNj/JPsJpZR3uTupWP7i400TtFE=,xgAmgoDZQJ2PBqV8u6eLzAdrpSU=
-41,-56,CNj/JPsJpZR3uTupWP7i400TtFE=,xgAmgoDZQJ2PBqV8u6eLzAdrpSU=
-40,-55,CNj/JPsJpZR3uTupWP7i400TtFE=,5dnkt/DeDY8LTQt0h5gc6V5zwOQ=
-41,-49,CNj/JPsJpZR3uTupWP7i400TtFE=,xgAmgoDZQJ2PBqV8u6eLzAdrpSU=
-40,-49,CNj/JPsJpZR3uTupWP7i400TtFE=,5dnkt/DeDY8LTQt0h5gc6V5zwOQ=
-37,-49,CNj/JPsJpZR3uTupWP7i400TtFE=,5dnkt/DeDY8LTQt0h5gc6V5zwOQ=
-40,-53,CNj/JPsJpZR3uTupWP7i400TtFE=,5dnkt/DeDY8LTQt0h5gc6V5zwOQ=
-39,-54,CNj/JPsJpZR3uTupWP7i400TtFE=,5dnkt/DeDY8LTQt0h5gc6V5zwOQ=
-45,-60,CNj/JPsJpZR3uTupWP7i400TtFE=,jIs+1QJypDTrcyVhM1BPww3hMeU=
-39,-52,CNj/JPsJpZR3uTupWP7i400TtFE=,5dnkt/DeDY8LTQt0h5gc6V5zwOQ=
-38,-53,CNj/JPsJpZR3uTupWP7i400TtFE=,5dnkt/DeDY8LTQt0h5gc6V5zwOQ=
-40,-56,CNj/JPsJpZR3uTupWP7i400TtFE=,5dnkt/DeDY8LTQt0h5gc6V5zwOQ=
-39,-49,CNj/JPsJpZR3uTupWP7i400TtFE=,5dnkt/DeDY8LTQt0h5gc6V5zwOQ=
-39,-56,CNj/JPsJpZR3uTupWP7i400TtFE=,5dnkt/DeDY8LTQt0h5gc6V5zwOQ=
-38,-49,CNj/JPsJpZR3uTupWP7i400TtFE=,5dnkt/DeDY8LTQt0h5gc6V5zwOQ=
-38,-50,CNj/JPsJpZR3uTupWP7i400TtFE=,5dnkt/DeDY8LTQt0h5gc6V5zwOQ=
-47,-64,CNj/JPsJpZR3uTupWP7i400TtFE=,jIs+1QJypDTrcyVhM1BPww3hMeU=
-46,-64,CNj/JPsJpZR3uTupWP7i400TtFE=,jIs+1QJypDTrcyVhM1BPww3hMeU=
-38,-55,CNj/JPsJpZR3uTupWP7i400TtFE=,5dnkt/DeDY8LTQt0h5gc6V5zwOQ=
-37,-50,CNj/JPsJpZR3uTupWP7i400TtFE=,5dnkt/DeDY8LTQt0h5gc6V5zwOQ=
-38,-52,CNj/JPsJpZR3uTupWP7i400TtFE=,5dnkt/DeDY8LTQt0h5gc6V5zwOQ=
-38,-51,CNj/JPsJpZR3uTupWP7i400TtFE=,5dnkt/DeDY8LTQt0h5gc6V5zwOQ=
-38,-56,CNj/JPsJpZR3uTupWP7i400TtFE=,5dnkt/DeDY8LTQt0h5gc6V5zwOQ=
-37,-52,CNj/JPsJpZR3uTupWP7i400TtFE=,5dnkt/DeDY8LTQt0h5gc6V5zwOQ=
-40,-50,CNj/JPsJpZR3uTupWP7i400TtFE=,5dnkt/DeDY8LTQt0h5gc6V5zwOQ=
-37,-55,CNj/JPsJpZR3uTupWP7i400TtFE=,5dnkt/DeDY8LTQt0h5gc6V5zwOQ=
-37,-56,CNj/JPsJpZR3uTupWP7i400TtFE=,5dnkt/DeDY8LTQt0h5gc6V5zwOQ=
-45,-64,CNj/JPsJpZR3uTupWP7i400TtFE=,jIs+1QJypDTrcyVhM1BPww3hMeU=
-39,-51,CNj/JPsJpZR3uTupWP7i400TtFE=,5dnkt/DeDY8LTQt0h5gc6V5zwOQ=
-37,-54,CNj/JPsJpZR3uTupWP7i400TtFE=,5dnkt/DeDY8LTQt0h5gc6V5zwOQ=
-46,-61,CNj/JPsJpZR3uTupWP7i400TtFE=,jIs+1QJypDTrcyVhM1BPww3hMeU=
-48,-64,CNj/JPsJpZR3uTupWP7i400TtFE=,jIs+1QJypDTrcyVhM1BPww3hMeU=
-39,-50,CNj/JPsJpZR3uTupWP7i400TtFE=,5dnkt/DeDY8LTQt0h5gc6V5zwOQ=
-47,-63,CNj/JPsJpZR3uTupWP7i400TtFE=,jIs+1QJypDTrcyVhM1BPww3hMeU=
-37,-53,CNj/JPsJpZR3uTupWP7i400TtFE=,5dnkt/DeDY8LTQt0h5gc6V5zwOQ=
-46,-62,CNj/JPsJpZR3uTupWP7i400TtFE=,jIs+1QJypDTrcyVhM1BPww3hMeU=
-38,-54,CNj/JPsJpZR3uTupWP7i400TtFE=,5dnkt/DeDY8LTQt0h5gc6V5zwOQ=
-46,-63,CNj/JPsJpZR3uTupWP7i400TtFE=,jIs+1QJypDTrcyVhM1BPww3hMeU=
-47,-49,CNj/JPsJpZR3uTupWP7i400TtFE=,xgAmgoDZQJ2PBqV8u6eLzAdrpSU=
-45,-63,CNj/JPsJpZR3uTupWP7i400TtFE=,jIs+1QJypDTrcyVhM1BPww3hMeU=
-48,-49,CNj/JPsJpZR3uTupWP7i400TtFE=,xgAmgoDZQJ2PBqV8u6eLzAdrpSU=
-45,-62,CNj/JPsJpZR3uTupWP7i400TtFE=,jIs+1QJypDTrcyVhM1BPww3hMeU=
-48,-50,CNj/JPsJpZR3uTupWP7i400TtFE=,xgAmgoDZQJ2PBqV8u6eLzAdrpSU=
-35,-52,CNj/JPsJpZR3uTupWP7i400TtFE=,5dnkt/DeDY8LTQt0h5gc6V5zwOQ=
-33,-49,CNj/JPsJpZR3uTupWP7i400TtFE=,5dnkt/DeDY8LTQt0h5gc6V5zwOQ=
-45,-61,CNj/JPsJpZR3uTupWP7i400TtFE=,jIs+1QJypDTrcyVhM1BPww3hMeU=
-36,-52,CNj/JPsJpZR3uTupWP7i400TtFE=,5dnkt/DeDY8LTQt0h5gc6V5zwOQ=
-36,-49,CNj/JPsJpZR3uTupWP7i400TtFE=,5dnkt/DeDY8LTQt0h5gc6V5zwOQ=
-33,-57,CNj/JPsJpZR3uTupWP7i400TtFE=,tfRyWLf16MDHoI2CeJfxC7q64Hw=
-36,-63,CNj/JPsJpZR3uTupWP7i400TtFE=,tfRyWLf16MDHoI2CeJfxC7q64Hw=
-35,-63,CNj/JPsJpZR3uTupWP7i400TtFE=,tfRyWLf16MDHoI2CeJfxC7q64Hw=
-33,-50,CNj/JPsJpZR3uTupWP7i400TtFE=,5dnkt/DeDY8LTQt0h5gc6V5zwOQ=
-34,-49,CNj/JPsJpZR3uTupWP7i400TtFE=,5dnkt/DeDY8LTQt0h5gc6V5zwOQ=
-36,-62,CNj/JPsJpZR3uTupWP7i400TtFE=,tfRyWLf16MDHoI2CeJfxC7q64Hw=
-33,-64,CNj/JPsJpZR3uTupWP7i400TtFE=,tfRyWLf16MDHoI2CeJfxC7q64Hw=
-34,-63,CNj/JPsJpZR3uTupWP7i400TtFE=,tfRyWLf16MDHoI2CeJfxC7q64Hw=
-36,-50,CNj/JPsJpZR3uTupWP7i400TtFE=,5dnkt/DeDY8LTQt0h5gc6V5zwOQ=
-36,-51,CNj/JPsJpZR3uTupWP7i400TtFE=,5dnkt/DeDY8LTQt0h5gc6V5zwOQ=
-33,-56,CNj/JPsJpZR3uTupWP7i400TtFE=,5dnkt/DeDY8LTQt0h5gc6V5zwOQ=
-35,-62,CNj/JPsJpZR3uTupWP7i400TtFE=,tfRyWLf16MDHoI2CeJfxC7q64Hw=
-34,-51,CNj/JPsJpZR3uTupWP7i400TtFE=,5dnkt/DeDY8LTQt0h5gc6V5zwOQ=
-33,-58,CNj/JPsJpZR3uTupWP7i400TtFE=,tfRyWLf16MDHoI2CeJfxC7q64Hw=
-33,-52,CNj/JPsJpZR3uTupWP7i400TtFE=,5dnkt/DeDY8LTQt0h5gc6V5zwOQ=
-34,-50,CNj/JPsJpZR3uTupWP7i400TtFE=,5dnkt/DeDY8LTQt0h5gc6V5zwOQ=
-36,-61,CNj/JPsJpZR3uTupWP7i400TtFE=,tfRyWLf16MDHoI2CeJfxC7q64Hw=
-34,-62,CNj/JPsJpZR3uTupWP7i400TtFE=,tfRyWLf16MDHoI2CeJfxC7q64Hw=
-33,-59,CNj/JPsJpZR3uTupWP7i400TtFE=,tfRyWLf16MDHoI2CeJfxC7q64Hw=
-35,-64,CNj/JPsJpZR3uTupWP7i400TtFE=,tfRyWLf16MDHoI2CeJfxC7q64Hw=
-34,-64,CNj/JPsJpZR3uTupWP7i400TtFE=,tfRyWLf16MDHoI2CeJfxC7q64Hw=
-34,-52,CNj/JPsJpZR3uTupWP7i400TtFE=,5dnkt/DeDY8LTQt0h5gc6V5zwOQ=
-34,-58,CNj/JPsJpZR3uTupWP7i400TtFE=,tfRyWLf16MDHoI2CeJfxC7q64Hw=
-36,-64,CNj/JPsJpZR3uTupWP7i400TtFE=,tfRyWLf16MDHoI2CeJfxC7q64Hw=
-33,-51,CNj/JPsJpZR3uTupWP7i400TtFE=,5dnkt/DeDY8LTQt0h5gc6V5zwOQ=
-35,-51,CNj/JPsJpZR3uTupWP7i400TtFE=,5dnkt/DeDY8LTQt0h5gc6V5zwOQ=
-34,-56,LRYcEN5i3yODLRog7PoDHKLuSj8=,5dnkt/DeDY8LTQt0h5gc6V5zwOQ=
-36,-56,LRYcEN5i3yODLRog7PoDHKLuSj8=,5dnkt/DeDY8LTQt0h5gc6V5zwOQ=
-34,-61,LRYcEN5i3yODLRog7PoDHKLuSj8=,tfRyWLf16MDHoI2CeJfxC7q64Hw=
-36,-53,LRYcEN5i3yODLRog7PoDHKLuSj8=,5dnkt/DeDY8LTQt0h5gc6V5zwOQ=
-35,-50,LRYcEN5i3yODLRog7PoDHKLuSj8=,5dnkt/DeDY8LTQt0h5gc6V5zwOQ=
-35,-49,LRYcEN5i3yODLRog7PoDHKLuSj8=,5dnkt/DeDY8LTQt0h5gc6V5zwOQ=
-36,-59,LRYcEN5i3yODLRog7PoDHKLuSj8=,tfRyWLf16MDHoI2CeJfxC7q64Hw=
-35,-56,LRYcEN5i3yODLRog7PoDHKLuSj8=,5dnkt/DeDY8LTQt0h5gc6V5zwOQ=
-35,-58,LRYcEN5i3yODLRog7PoDHKLuSj8=,tfRyWLf16MDHoI2CeJfxC7q64Hw=
-34,-55,LRYcEN5i3yODLRog7PoDHKLuSj8=,5dnkt/DeDY8LTQt0h5gc6V5zwOQ=
-33,-60,LRYcEN5i3yODLRog7PoDHKLuSj8=,tfRyWLf16MDHoI2CeJfxC7q64Hw=
-35,-61,LRYcEN5i3yODLRog7PoDHKLuSj8=,tfRyWLf16MDHoI2CeJfxC7q64Hw=
-34,-59,LRYcEN5i3yODLRog7PoDHKLuSj8=,tfRyWLf16MDHoI2CeJfxC7q64Hw=
-33,-55,LRYcEN5i3yODLRog7PoDHKLuSj8=,5dnkt/DeDY8LTQt0h5gc6V5zwOQ=
-34,-53,LRYcEN5i3yODLRog7PoDHKLuSj8=,5dnkt/DeDY8LTQt0h5gc6V5zwOQ=
-35,-59,LRYcEN5i3yODLRog7PoDHKLuSj8=,tfRyWLf16MDHoI2CeJfxC7q64Hw=
-36,-58,LRYcEN5i3yODLRog7PoDHKLuSj8=,tfRyWLf16MDHoI2CeJfxC7q64Hw=
-36,-54,LRYcEN5i3yODLRog7PoDHKLuSj8=,5dnkt/DeDY8LTQt0h5gc6V5zwOQ=
-35,-53,LRYcEN5i3yODLRog7PoDHKLuSj8=,5dnkt/DeDY8LTQt0h5gc6V5zwOQ=
-33,-54,LRYcEN5i3yODLRog7PoDHKLuSj8=,5dnkt/DeDY8LTQt0h5gc6V5zwOQ=
-34,-54,LRYcEN5i3yODLRog7PoDHKLuSj8=,5dnkt/DeDY8LTQt0h5gc6V5zwOQ=
-33,-53,LRYcEN5i3yODLRog7PoDHKLuSj8=,5dnkt/DeDY8LTQt0h5gc6V5zwOQ=
-33,-61,LRYcEN5i3yODLRog7PoDHKLuSj8=,tfRyWLf16MDHoI2CeJfxC7q64Hw=
-34,-57,LRYcEN5i3yODLRog7PoDHKLuSj8=,tfRyWLf16MDHoI2CeJfxC7q64Hw=
-36,-60,LRYcEN5i3yODLRog7PoDHKLuSj8=,tfRyWLf16MDHoI2CeJfxC7q64Hw=
-33,-63,LRYcEN5i3yODLRog7PoDHKLuSj8=,tfRyWLf16MDHoI2CeJfxC7q64Hw=
-35,-60,LRYcEN5i3yODLRog7PoDHKLuSj8=,tfRyWLf16MDHoI2CeJfxC7q64Hw=
-35,-54,LRYcEN5i3yODLRog7PoDHKLuSj8=,5dnkt/DeDY8LTQt0h5gc6V5zwOQ=
-33,-62,LRYcEN5i3yODLRog7PoDHKLuSj8=,tfRyWLf16MDHoI2CeJfxC7q64Hw=
-36,-57,LRYcEN5i3yODLRog7PoDHKLuSj8=,tfRyWLf16MDHoI2CeJfxC7q64Hw=
-35,-57,LRYcEN5i3yODLRog7PoDHKLuSj8=,tfRyWLf16MDHoI2CeJfxC7q64Hw=
-34,-60,LRYcEN5i3yODLRog7PoDHKLuSj8=,tfRyWLf16MDHoI2CeJfxC7q64Hw=
-36,-55,LRYcEN5i3yODLRog7PoDHKLuSj8=,5dnkt/DeDY8LTQt0h5gc6V5zwOQ=
-35,-55,LRYcEN5i3yODLRog7PoDHKLuSj8=,5dnkt/DeDY8LTQt0h5gc6V5zwOQ=
-55,-52,5fAJMbXO0RrbyhbsOKP4+8stW90=,/kzMhzCZcR0ja5kl+gtKTD/kd2s=
-54,-52,5fAJMbXO0RrbyhbsOKP4+8stW90=,/kzMhzCZcR0ja5kl+gtKTD/kd2s=
-50,-54,5fAJMbXO0RrbyhbsOKP4+8stW90=,/kzMhzCZcR0ja5kl+gtKTD/kd2s=
-51,-54,5fAJMbXO0RrbyhbsOKP4+8stW90=,/kzMhzCZcR0ja5kl+gtKTD/kd2s=
-52,-54,5fAJMbXO0RrbyhbsOKP4+8stW90=,/kzMhzCZcR0ja5kl+gtKTD/kd2s=
-50,-55,5fAJMbXO0RrbyhbsOKP4+8stW90=,/kzMhzCZcR0ja5kl+gtKTD/kd2s=
-51,-55,5fAJMbXO0RrbyhbsOKP4+8stW90=,/kzMhzCZcR0ja5kl+gtKTD/kd2s=
-52,-55,5fAJMbXO0RrbyhbsOKP4+8stW90=,/kzMhzCZcR0ja5kl+gtKTD/kd2s=
-50,-53,5fAJMbXO0RrbyhbsOKP4+8stW90=,/kzMhzCZcR0ja5kl+gtKTD/kd2s=
-50,-50,5fAJMbXO0RrbyhbsOKP4+8stW90=,/kzMhzCZcR0ja5kl+gtKTD/kd2s=
-51,-50,5fAJMbXO0RrbyhbsOKP4+8stW90=,/kzMhzCZcR0ja5kl+gtKTD/kd2s=
-53,-55,5fAJMbXO0RrbyhbsOKP4+8stW90=,/kzMhzCZcR0ja5kl+gtKTD/kd2s=
-52,-50,5fAJMbXO0RrbyhbsOKP4+8stW90=,/kzMhzCZcR0ja5kl+gtKTD/kd2s=
-53,-50,5fAJMbXO0RrbyhbsOKP4+8stW90=,/kzMhzCZcR0ja5kl+gtKTD/kd2s=
-54,-50,5fAJMbXO0RrbyhbsOKP4+8stW90=,/kzMhzCZcR0ja5kl+gtKTD/kd2s=
-54,-55,5fAJMbXO0RrbyhbsOKP4+8stW90=,/kzMhzCZcR0ja5kl+gtKTD/kd2s=
-55,-50,5fAJMbXO0RrbyhbsOKP4+8stW90=,/kzMhzCZcR0ja5kl+gtKTD/kd2s=
-53,-54,5fAJMbXO0RrbyhbsOKP4+8stW90=,/kzMhzCZcR0ja5kl+gtKTD/kd2s=
-51,-56,5fAJMbXO0RrbyhbsOKP4+8stW90=,/kzMhzCZcR0ja5kl+gtKTD/kd2s=
-51,-53,5fAJMbXO0RrbyhbsOKP4+8stW90=,/kzMhzCZcR0ja5kl+gtKTD/kd2s=
-53,-56,5fAJMbXO0RrbyhbsOKP4+8stW90=,/kzMhzCZcR0ja5kl+gtKTD/kd2s=
-54,-56,5fAJMbXO0RrbyhbsOKP4+8stW90=,/kzMhzCZcR0ja5kl+gtKTD/kd2s=
-55,-55,5fAJMbXO0RrbyhbsOKP4+8stW90=,/kzMhzCZcR0ja5kl+gtKTD/kd2s=
-55,-56,5fAJMbXO0RrbyhbsOKP4+8stW90=,/kzMhzCZcR0ja5kl+gtKTD/kd2s=
-50,-51,5fAJMbXO0RrbyhbsOKP4+8stW90=,/kzMhzCZcR0ja5kl+gtKTD/kd2s=
-52,-53,5fAJMbXO0RrbyhbsOKP4+8stW90=,/kzMhzCZcR0ja5kl+gtKTD/kd2s=
-53,-53,5fAJMbXO0RrbyhbsOKP4+8stW90=,/kzMhzCZcR0ja5kl+gtKTD/kd2s=
-51,-51,5fAJMbXO0RrbyhbsOKP4+8stW90=,/kzMhzCZcR0ja5kl+gtKTD/kd2s=
-52,-51,5fAJMbXO0RrbyhbsOKP4+8stW90=,/kzMhzCZcR0ja5kl+gtKTD/kd2s=
-54,-54,5fAJMbXO0RrbyhbsOKP4+8stW90=,/kzMhzCZcR0ja5kl+gtKTD/kd2s=
-53,-51,5fAJMbXO0RrbyhbsOKP4+8stW90=,/kzMhzCZcR0ja5kl+gtKTD/kd2s=
-54,-51,5fAJMbXO0RrbyhbsOKP4+8stW90=,/kzMhzCZcR0ja5kl+gtKTD/kd2s=
-55,-51,5fAJMbXO0RrbyhbsOKP4+8stW90=,/kzMhzCZcR0ja5kl+gtKTD/kd2s=
-50,-52,5fAJMbXO0RrbyhbsOKP4+8stW90=,/kzMhzCZcR0ja5kl+gtKTD/kd2s=
-55,-54,5fAJMbXO0RrbyhbsOKP4+8stW90=,/kzMhzCZcR0ja5kl+gtKTD/kd2s=
-52,-56,5fAJMbXO0RrbyhbsOKP4+8stW90=,/kzMhzCZcR0ja5kl+gtKTD/kd2s=
-51,-52,5fAJMbXO0RrbyhbsOKP4+8stW90=,/kzMhzCZcR0ja5kl+gtKTD/kd2s=
-54,-53,5fAJMbXO0RrbyhbsOKP4+8stW90=,/kzMhzCZcR0ja5kl+gtKTD/kd2s=
-55,-53,5fAJMbXO0RrbyhbsOKP4+8stW90=,/kzMhzCZcR0ja5kl+gtKTD/kd2s=
-50,-56,5fAJMbXO0RrbyhbsOKP4+8stW90=,/kzMhzCZcR0ja5kl+gtKTD/kd2s=
-52,-52,5fAJMbXO0RrbyhbsOKP4+8stW90=,/kzMhzCZcR0ja5kl+gtKTD/kd2s=
-53,-52,5fAJMbXO0RrbyhbsOKP4+8stW90=,/kzMhzCZcR0ja5kl+gtKTD/kd2s=
-56,-52,5fAJMbXO0RrbyhbsOKP4+8stW90=,/kzMhzCZcR0ja5kl+gtKTD/kd2s=
-61,-55,5fAJMbXO0RrbyhbsOKP4+8stW90=,+Bv28MHq1bB2IXoOB3tbxY1yAww=
-62,-55,5fAJMbXO0RrbyhbsOKP4+8stW90=,+Bv28MHq1bB2IXoOB3tbxY1yAww=
-61,-49,5fAJMbXO0RrbyhbsOKP4+8stW90=,+Bv28MHq1bB2IXoOB3tbxY1yAww=
-56,-56,5fAJMbXO0RrbyhbsOKP4+8stW90=,/kzMhzCZcR0ja5kl+gtKTD/kd2s=
-63,-62,5fAJMbXO0RrbyhbsOKP4+8stW90=,ye62/sLI34ygEVUFfFb2vn2KWcs=
-62,-62,5fAJMbXO0RrbyhbsOKP4+8stW90=,ye62/sLI34ygEVUFfFb2vn2KWcs=
-61,-62,5fAJMbXO0RrbyhbsOKP4+8stW90=,ye62/sLI34ygEVUFfFb2vn2KWcs=
-60,-62,5fAJMbXO0RrbyhbsOKP4+8stW90=,ye62/sLI34ygEVUFfFb2vn2KWcs=
-59,-62,5fAJMbXO0RrbyhbsOKP4+8stW90=,ye62/sLI34ygEVUFfFb2vn2KWcs=
-58,-62,5fAJMbXO0RrbyhbsOKP4+8stW90=,ye62/sLI34ygEVUFfFb2vn2KWcs=
-57,-62,5fAJMbXO0RrbyhbsOKP4+8stW90=,ye62/sLI34ygEVUFfFb2vn2KWcs=
-63,-61,5fAJMbXO0RrbyhbsOKP4+8stW90=,ye62/sLI34ygEVUFfFb2vn2KWcs=
-62,-61,5fAJMbXO0RrbyhbsOKP4+8stW90=,ye62/sLI34ygEVUFfFb2vn2KWcs=
-61,-61,5fAJMbXO0RrbyhbsOKP4+8stW90=,ye62/sLI34ygEVUFfFb2vn2KWcs=
-60,-61,5fAJMbXO0RrbyhbsOKP4+8stW90=,ye62/sLI34ygEVUFfFb2vn2KWcs=
-59,-61,5fAJMbXO0RrbyhbsOKP4+8stW90=,ye62/sLI34ygEVUFfFb2vn2KWcs=
-58,-61,5fAJMbXO0RrbyhbsOKP4+8stW90=,ye62/sLI34ygEVUFfFb2vn2KWcs=
-57,-61,5fAJMbXO0RrbyhbsOKP4+8stW90=,ye62/sLI34ygEVUFfFb2vn2KWcs=
-63,-60,5fAJMbXO0RrbyhbsOKP4+8stW90=,ye62/sLI34ygEVUFfFb2vn2KWcs=
-62,-60,5fAJMbXO0RrbyhbsOKP4+8stW90=,ye62/sLI34ygEVUFfFb2vn2KWcs=
-61,-60,5fAJMbXO0RrbyhbsOKP4+8stW90=,ye62/sLI34ygEVUFfFb2vn2KWcs=
-60,-60,5fAJMbXO0RrbyhbsOKP4+8stW90=,ye62/sLI34ygEVUFfFb2vn2KWcs=
-59,-60,5fAJMbXO0RrbyhbsOKP4+8stW90=,ye62/sLI34ygEVUFfFb2vn2KWcs=
-58,-60,5fAJMbXO0RrbyhbsOKP4+8stW90=,ye62/sLI34ygEVUFfFb2vn2KWcs=
-57,-60,5fAJMbXO0RrbyhbsOKP4+8stW90=,ye62/sLI34ygEVUFfFb2vn2KWcs=
-63,-59,5fAJMbXO0RrbyhbsOKP4+8stW90=,ye62/sLI34ygEVUFfFb2vn2KWcs=
-62,-59,5fAJMbXO0RrbyhbsOKP4+8stW90=,ye62/sLI34ygEVUFfFb2vn2KWcs=
-61,-59,5fAJMbXO0RrbyhbsOKP4+8stW90=,ye62/sLI34ygEVUFfFb2vn2KWcs=
-60,-59,5fAJMbXO0RrbyhbsOKP4+8stW90=,ye62/sLI34ygEVUFfFb2vn2KWcs=
-59,-59,5fAJMbXO0RrbyhbsOKP4+8stW90=,ye62/sLI34ygEVUFfFb2vn2KWcs=
-58,-59,5fAJMbXO0RrbyhbsOKP4+8stW90=,ye62/sLI34ygEVUFfFb2vn2KWcs=
-57,-59,5fAJMbXO0RrbyhbsOKP4+8stW90=,ye62/sLI34ygEVUFfFb2vn2KWcs=
-63,-58,5fAJMbXO0RrbyhbsOKP4+8stW90=,ye62/sLI34ygEVUFfFb2vn2KWcs=
-62,-58,5fAJMbXO0RrbyhbsOKP4+8stW90=,ye62/sLI34ygEVUFfFb2vn2KWcs=
-61,-58,5fAJMbXO0RrbyhbsOKP4+8stW90=,ye62/sLI34ygEVUFfFb2vn2KWcs=
-60,-58,5fAJMbXO0RrbyhbsOKP4+8stW90=,ye62/sLI34ygEVUFfFb2vn2KWcs=
-59,-58,5fAJMbXO0RrbyhbsOKP4+8stW90=,ye62/sLI34ygEVUFfFb2vn2KWcs=
-58,-58,5fAJMbXO0RrbyhbsOKP4+8stW90=,ye62/sLI34ygEVUFfFb2vn2KWcs=
-57,-58,5fAJMbXO0RrbyhbsOKP4+8stW90=,ye62/sLI34ygEVUFfFb2vn2KWcs=
-63,-57,5fAJMbXO0RrbyhbsOKP4+8stW90=,ye62/sLI34ygEVUFfFb2vn2KWcs=
-62,-57,5fAJMbXO0RrbyhbsOKP4+8stW90=,ye62/sLI34ygEVUFfFb2vn2KWcs=
-61,-57,5fAJMbXO0RrbyhbsOKP4+8stW90=,ye62/sLI34ygEVUFfFb2vn2KWcs=
-60,-57,5fAJMbXO0RrbyhbsOKP4+8stW90=,ye62/sLI34ygEVUFfFb2vn2KWcs=
-59,-57,5fAJMbXO0RrbyhbsOKP4+8stW90=,ye62/sLI34ygEVUFfFb2vn2KWcs=
-58,-57,5fAJMbXO0RrbyhbsOKP4+8stW90=,ye62/sLI34ygEVUFfFb2vn2KWcs=
-57,-57,5fAJMbXO0RrbyhbsOKP4+8stW90=,ye62/sLI34ygEVUFfFb2vn2KWcs=
-61,-56,5fAJMbXO0RrbyhbsOKP4+8stW90=,+Bv28MHq1bB2IXoOB3tbxY1yAww=
-58,-63,5fAJMbXO0RrbyhbsOKP4+8stW90=,ye62/sLI34ygEVUFfFb2vn2KWcs=
-60,-56,5fAJMbXO0RrbyhbsOKP4+8stW90=,+Bv28MHq1bB2IXoOB3tbxY1yAww=
-59,-56,5fAJMbXO0RrbyhbsOKP4+8stW90=,+Bv28MHq1bB2IXoOB3tbxY1yAww=
-58,-56,5fAJMbXO0RrbyhbsOKP4+8stW90=,+Bv28MHq1bB2IXoOB3tbxY1yAww=
-57,-56,5fAJMbXO0RrbyhbsOKP4+8stW90=,+Bv28MHq1bB2IXoOB3tbxY1yAww=
-57,-63,5fAJMbXO0RrbyhbsOKP4+8stW90=,ye62/sLI34ygEVUFfFb2vn2KWcs=
-62,-63,5fAJMbXO0RrbyhbsOKP4+8stW90=,ye62/sLI34ygEVUFfFb2vn2KWcs=
-61,-63,5fAJMbXO0RrbyhbsOKP4+8stW90=,ye62/sLI34ygEVUFfFb2vn2KWcs=
-60,-63,5fAJMbXO0RrbyhbsOKP4+8stW90=,ye62/sLI34ygEVUFfFb2vn2KWcs=
-59,-63,5fAJMbXO0RrbyhbsOKP4+8stW90=,ye62/sLI34ygEVUFfFb2vn2KWcs=
-61,-50,5fAJMbXO0RrbyhbsOKP4+8stW90=,+Bv28MHq1bB2IXoOB3tbxY1yAww=
-61,-51,5fAJMbXO0RrbyhbsOKP4+8stW90=,+Bv28MHq1bB2IXoOB3tbxY1yAww=
-62,-51,5fAJMbXO0RrbyhbsOKP4+8stW90=,+Bv28MHq1bB2IXoOB3tbxY1yAww=
-63,-51,5fAJMbXO0RrbyhbsOKP4+8stW90=,+Bv28MHq1bB2IXoOB3tbxY1yAww=
-64,-51,5fAJMbXO0RrbyhbsOKP4+8stW90=,+Bv28MHq1bB2IXoOB3tbxY1yAww=
-57,-52,5fAJMbXO0RrbyhbsOKP4+8stW90=,+Bv28MHq1bB2IXoOB3tbxY1yAww=
-58,-52,5fAJMbXO0RrbyhbsOKP4+8stW90=,+Bv28MHq1bB2IXoOB3tbxY1yAww=
-62,-52,5fAJMbXO0RrbyhbsOKP4+8stW90=,+Bv28MHq1bB2IXoOB3tbxY1yAww=
-63,-52,5fAJMbXO0RrbyhbsOKP4+8stW90=,+Bv28MHq1bB2IXoOB3tbxY1yAww=
-64,-52,5fAJMbXO0RrbyhbsOKP4+8stW90=,+Bv28MHq1bB2IXoOB3tbxY1yAww=
-57,-53,5fAJMbXO0RrbyhbsOKP4+8stW90=,+Bv28MHq1bB2IXoOB3tbxY1yAww=
-58,-53,5fAJMbXO0RrbyhbsOKP4+8stW90=,+Bv28MHq1bB2IXoOB3tbxY1yAww=
-59,-53,5fAJMbXO0RrbyhbsOKP4+8stW90=,+Bv28MHq1bB2IXoOB3tbxY1yAww=
-60,-53,5fAJMbXO0RrbyhbsOKP4+8stW90=,+Bv28MHq1bB2IXoOB3tbxY1yAww=
-56,-50,5fAJMbXO0RrbyhbsOKP4+8stW90=,/kzMhzCZcR0ja5kl+gtKTD/kd2s=
-64,-53,5fAJMbXO0RrbyhbsOKP4+8stW90=,+Bv28MHq1bB2IXoOB3tbxY1yAww=
-57,-54,5fAJMbXO0RrbyhbsOKP4+8stW90=,+Bv28MHq1bB2IXoOB3tbxY1yAww=
-58,-54,5fAJMbXO0RrbyhbsOKP4+8stW90=,+Bv28MHq1bB2IXoOB3tbxY1yAww=
-59,-54,5fAJMbXO0RrbyhbsOKP4+8stW90=,+Bv28MHq1bB2IXoOB3tbxY1yAww=
-60,-54,5fAJMbXO0RrbyhbsOKP4+8stW90=,+Bv28MHq1bB2IXoOB3tbxY1yAww=
-61,-54,5fAJMbXO0RrbyhbsOKP4+8stW90=,+Bv28MHq1bB2IXoOB3tbxY1yAww=
-56,-51,5fAJMbXO0RrbyhbsOKP4+8stW90=,/kzMhzCZcR0ja5kl+gtKTD/kd2s=
-64,-54,5fAJMbXO0RrbyhbsOKP4+8stW90=,+Bv28MHq1bB2IXoOB3tbxY1yAww=
-56,-54,5fAJMbXO0RrbyhbsOKP4+8stW90=,/kzMhzCZcR0ja5kl+gtKTD/kd2s=
-57,-55,5fAJMbXO0RrbyhbsOKP4+8stW90=,+Bv28MHq1bB2IXoOB3tbxY1yAww=
-58,-55,5fAJMbXO0RrbyhbsOKP4+8stW90=,+Bv28MHq1bB2IXoOB3tbxY1yAww=
-59,-55,5fAJMbXO0RrbyhbsOKP4+8stW90=,+Bv28MHq1bB2IXoOB3tbxY1yAww=
-56,-55,5fAJMbXO0RrbyhbsOKP4+8stW90=,/kzMhzCZcR0ja5kl+gtKTD/kd2s=
-56,-53,5fAJMbXO0RrbyhbsOKP4+8stW90=,/kzMhzCZcR0ja5kl+gtKTD/kd2s=
-60,-55,5fAJMbXO0RrbyhbsOKP4+8stW90=,+Bv28MHq1bB2IXoOB3tbxY1yAww=
-51,-49,5fAJMbXO0RrbyhbsOKP4+8stW90=,/kzMhzCZcR0ja5kl+gtKTD/kd2s=
-52,-49,5fAJMbXO0RrbyhbsOKP4+8stW90=,/kzMhzCZcR0ja5kl+gtKTD/kd2s=
-53,-49,5fAJMbXO0RrbyhbsOKP4+8stW90=,/kzMhzCZcR0ja5kl+gtKTD/kd2s=
-54,-49,5fAJMbXO0RrbyhbsOKP4+8stW90=,/kzMhzCZcR0ja5kl+gtKTD/kd2s=
-55,-49,5fAJMbXO0RrbyhbsOKP4+8stW90=,/kzMhzCZcR0ja5kl+gtKTD/kd2s=
-60,-52,5fAJMbXO0RrbyhbsOKP4+8stW90=,+Bv28MHq1bB2IXoOB3tbxY1yAww=
-58,-49,5fAJMbXO0RrbyhbsOKP4+8stW90=,+Bv28MHq1bB2IXoOB3tbxY1yAww=
-57,-49,5fAJMbXO0RrbyhbsOKP4+8stW90=,+Bv28MHq1bB2IXoOB3tbxY1yAww=
-57,-50,5fAJMbXO0RrbyhbsOKP4+8stW90=,+Bv28MHq1bB2IXoOB3tbxY1yAww=
-58,-50,5fAJMbXO0RrbyhbsOKP4+8stW90=,+Bv28MHq1bB2IXoOB3tbxY1yAww=
-56,-49,5fAJMbXO0RrbyhbsOKP4+8stW90=,/kzMhzCZcR0ja5kl+gtKTD/kd2s=
-59,-52,5fAJMbXO0RrbyhbsOKP4+8stW90=,+Bv28MHq1bB2IXoOB3tbxY1yAww=
-60,-50,5fAJMbXO0RrbyhbsOKP4+8stW90=,+Bv28MHq1bB2IXoOB3tbxY1yAww=
-57,-51,5fAJMbXO0RrbyhbsOKP4+8stW90=,+Bv28MHq1bB2IXoOB3tbxY1yAww=
-59,-49,5fAJMbXO0RrbyhbsOKP4+8stW90=,+Bv28MHq1bB2IXoOB3tbxY1yAww=
-59,-50,5fAJMbXO0RrbyhbsOKP4+8stW90=,+Bv28MHq1bB2IXoOB3tbxY1yAww=
-58,-51,5fAJMbXO0RrbyhbsOKP4+8stW90=,+Bv28MHq1bB2IXoOB3tbxY1yAww=
-60,-51,5fAJMbXO0RrbyhbsOKP4+8stW90=,+Bv28MHq1bB2IXoOB3tbxY1yAww=
-59,-51,5fAJMbXO0RrbyhbsOKP4+8stW90=,+Bv28MHq1bB2IXoOB3tbxY1yAww=
-49,-52,5fAJMbXO0RrbyhbsOKP4+8stW90=,/kzMhzCZcR0ja5kl+gtKTD/kd2s=
-49,-53,5fAJMbXO0RrbyhbsOKP4+8stW90=,/kzMhzCZcR0ja5kl+gtKTD/kd2s=
-49,-51,5fAJMbXO0RrbyhbsOKP4+8stW90=,/kzMhzCZcR0ja5kl+gtKTD/kd2s=
-49,-55,5fAJMbXO0RrbyhbsOKP4+8stW90=,/kzMhzCZcR0ja5kl+gtKTD/kd2s=
-49,-54,5fAJMbXO0RrbyhbsOKP4+8stW90=,/kzMhzCZcR0ja5kl+gtKTD/kd2s=
-60,-49,5fAJMbXO0RrbyhbsOKP4+8stW90=,+Bv28MHq1bB2IXoOB3tbxY1yAww=
-49,-56,5fAJMbXO0RrbyhbsOKP4+8stW90=,/kzMhzCZcR0ja5kl+gtKTD/kd2s=
-61,-52,5fAJMbXO0RrbyhbsOKP4+8stW90=,+Bv28MHq1bB2IXoOB3tbxY1yAww=
-64,-50,5fAJMbXO0RrbyhbsOKP4+8stW90=,+Bv28MHq1bB2IXoOB3tbxY1yAww=
-64,-49,5fAJMbXO0RrbyhbsOKP4+8stW90=,+Bv28MHq1bB2IXoOB3tbxY1yAww=
-63,-50,5fAJMbXO0RrbyhbsOKP4+8stW90=,+Bv28MHq1bB2IXoOB3tbxY1yAww=
-62,-50,5fAJMbXO0RrbyhbsOKP4+8stW90=,+Bv28MHq1bB2IXoOB3tbxY1yAww=
-63,-49,5fAJMbXO0RrbyhbsOKP4+8stW90=,+Bv28MHq1bB2IXoOB3tbxY1yAww=
-62,-49,5fAJMbXO0RrbyhbsOKP4+8stW90=,+Bv28MHq1bB2IXoOB3tbxY1yAww=
-49,-50,5fAJMbXO0RrbyhbsOKP4+8stW90=,/kzMhzCZcR0ja5kl+gtKTD/kd2s=
-50,-49,5fAJMbXO0RrbyhbsOKP4+8stW90=,/kzMhzCZcR0ja5kl+gtKTD/kd2s=
-49,-49,5fAJMbXO0RrbyhbsOKP4+8stW90=,/kzMhzCZcR0ja5kl+gtKTD/kd2s=
-64,-61,5fAJMbXO0RrbyhbsOKP4+8stW90=,ye62/sLI34ygEVUFfFb2vn2KWcs=
-64,-60,5fAJMbXO0RrbyhbsOKP4+8stW90=,ye62/sLI34ygEVUFfFb2vn2KWcs=
-64,-59,5fAJMbXO0RrbyhbsOKP4+8stW90=,ye62/sLI34ygEVUFfFb2vn2KWcs=
-62,-56,5fAJMbXO0RrbyhbsOKP4+8stW90=,+Bv28MHq1bB2IXoOB3tbxY1yAww=
-63,-56,5fAJMbXO0RrbyhbsOKP4+8stW90=,+Bv28MHq1bB2IXoOB3tbxY1yAww=
-61,-53,5fAJMbXO0RrbyhbsOKP4+8stW90=,+Bv28MHq1bB2IXoOB3tbxY1yAww=
-63,-53,5fAJMbXO0RrbyhbsOKP4+8stW90=,+Bv28MHq1bB2IXoOB3tbxY1yAww=
-63,-55,5fAJMbXO0RrbyhbsOKP4+8stW90=,+Bv28MHq1bB2IXoOB3tbxY1yAww=
-63,-54,5fAJMbXO0RrbyhbsOKP4+8stW90=,+Bv28MHq1bB2IXoOB3tbxY1yAww=
-64,-55,5fAJMbXO0RrbyhbsOKP4+8stW90=,+Bv28MHq1bB2IXoOB3tbxY1yAww=
-64,-56,5fAJMbXO0RrbyhbsOKP4+8stW90=,+Bv28MHq1bB2IXoOB3tbxY1yAww=
-62,-53,5fAJMbXO0RrbyhbsOKP4+8stW90=,+Bv28MHq1bB2IXoOB3tbxY1yAww=
-62,-54,5fAJMbXO0RrbyhbsOKP4+8stW90=,+Bv28MHq1bB2IXoOB3tbxY1yAww=
-64,-58,5fAJMbXO0RrbyhbsOKP4+8stW90=,ye62/sLI34ygEVUFfFb2vn2KWcs=
-64,-57,5fAJMbXO0RrbyhbsOKP4+8stW90=,ye62/sLI34ygEVUFfFb2vn2KWcs=
-60,-64,5fAJMbXO0RrbyhbsOKP4+8stW90=,ye62/sLI34ygEVUFfFb2vn2KWcs=
-59,-64,5fAJMbXO0RrbyhbsOKP4+8stW90=,ye62/sLI34ygEVUFfFb2vn2KWcs=
-58,-64,5fAJMbXO0RrbyhbsOKP4+8stW90=,ye62/sLI34ygEVUFfFb2vn2KWcs=
-57,-64,5fAJMbXO0RrbyhbsOKP4+8stW90=,ye62/sLI34ygEVUFfFb2vn2KWcs=
-61,-64,5fAJMbXO0RrbyhbsOKP4+8stW90=,ye62/sLI34ygEVUFfFb2vn2KWcs=
-64,-62,5fAJMbXO0RrbyhbsOKP4+8stW90=,ye62/sLI34ygEVUFfFb2vn2KWcs=
-62,-64,5fAJMbXO0RrbyhbsOKP4+8stW90=,ye62/sLI34ygEVUFfFb2vn2KWcs=
-64,-64,5fAJMbXO0RrbyhbsOKP4+8stW90=,ye62/sLI34ygEVUFfFb2vn2KWcs=
-63,-63,5fAJMbXO0RrbyhbsOKP4+8stW90=,ye62/sLI34ygEVUFfFb2vn2KWcs=
-63,-64,5fAJMbXO0RrbyhbsOKP4+8stW90=,ye62/sLI34ygEVUFfFb2vn2KWcs=
-64,-63,5fAJMbXO0RrbyhbsOKP4+8stW90=,ye62/sLI34ygEVUFfFb2vn2KWcs=
-63,-42,KVC4IX8JC3zSYyU0jn9XJPPtAD4=,buv1aIDobnQ2kyIi7iS6l+AUc8M=
-62,-42,KVC4IX8JC3zSYyU0jn9XJPPtAD4=,buv1aIDobnQ2kyIi7iS6l+AUc8M=
-61,-42,KVC4IX8JC3zSYyU0jn9XJPPtAD4=,buv1aIDobnQ2kyIi7iS6l+AUc8M=
-60,-42,KVC4IX8JC3zSYyU0jn9XJPPtAD4=,buv1aIDobnQ2kyIi7iS6l+AUc8M=
-59,-42,KVC4IX8JC3zSYyU0jn9XJPPtAD4=,buv1aIDobnQ2kyIi7iS6l+AUc8M=
-58,-46,KVC4IX8JC3zSYyU0jn9XJPPtAD4=,buv1aIDobnQ2kyIi7iS6l+AUc8M=
-58,-43,KVC4IX8JC3zSYyU0jn9XJPPtAD4=,buv1aIDobnQ2kyIi7iS6l+AUc8M=
-59,-46,KVC4IX8JC3zSYyU0jn9XJPPtAD4=,buv1aIDobnQ2kyIi7iS6l+AUc8M=
-59,-43,KVC4IX8JC3zSYyU0jn9XJPPtAD4=,buv1aIDobnQ2kyIi7iS6l+AUc8M=
-60,-43,KVC4IX8JC3zSYyU0jn9XJPPtAD4=,buv1aIDobnQ2kyIi7iS6l+AUc8M=
-60,-46,KVC4IX8JC3zSYyU0jn9XJPPtAD4=,buv1aIDobnQ2kyIi7iS6l+AUc8M=
-61,-46,KVC4IX8JC3zSYyU0jn9XJPPtAD4=,buv1aIDobnQ2kyIi7iS6l+AUc8M=
-62,-46,KVC4IX8JC3zSYyU0jn9XJPPtAD4=,buv1aIDobnQ2kyIi7iS6l+AUc8M=
-61,-43,KVC4IX8JC3zSYyU0jn9XJPPtAD4=,buv1aIDobnQ2kyIi7iS6l+AUc8M=
-62,-43,KVC4IX8JC3zSYyU0jn9XJPPtAD4=,buv1aIDobnQ2kyIi7iS6l+AUc8M=
-63,-43,KVC4IX8JC3zSYyU0jn9XJPPtAD4=,buv1aIDobnQ2kyIi7iS6l+AUc8M=
-63,-46,KVC4IX8JC3zSYyU0jn9XJPPtAD4=,buv1aIDobnQ2kyIi7iS6l+AUc8M=
-58,-44,KVC4IX8JC3zSYyU0jn9XJPPtAD4=,buv1aIDobnQ2kyIi7iS6l+AUc8M=
-59,-44,KVC4IX8JC3zSYyU0jn9XJPPtAD4=,buv1aIDobnQ2kyIi7iS6l+AUc8M=
-60,-47,KVC4IX8JC3zSYyU0jn9XJPPtAD4=,buv1aIDobnQ2kyIi7iS6l+AUc8M=
-60,-44,KVC4IX8JC3zSYyU0jn9XJPPtAD4=,buv1aIDobnQ2kyIi7iS6l+AUc8M=
-61,-44,KVC4IX8JC3zSYyU0jn9XJPPtAD4=,buv1aIDobnQ2kyIi7iS6l+AUc8M=
-63,-44,KVC4IX8JC3zSYyU0jn9XJPPtAD4=,buv1aIDobnQ2kyIi7iS6l+AUc8M=
-62,-44,KVC4IX8JC3zSYyU0jn9XJPPtAD4=,buv1aIDobnQ2kyIi7iS6l+AUc8M=
-63,-47,KVC4IX8JC3zSYyU0jn9XJPPtAD4=,buv1aIDobnQ2kyIi7iS6l+AUc8M=
-58,-45,KVC4IX8JC3zSYyU0jn9XJPPtAD4=,buv1aIDobnQ2kyIi7iS6l+AUc8M=
-59,-45,KVC4IX8JC3zSYyU0jn9XJPPtAD4=,buv1aIDobnQ2kyIi7iS6l+AUc8M=
-60,-45,KVC4IX8JC3zSYyU0jn9XJPPtAD4=,buv1aIDobnQ2kyIi7iS6l+AUc8M=
-61,-45,KVC4IX8JC3zSYyU0jn9XJPPtAD4=,buv1aIDobnQ2kyIi7iS6l+AUc8M=
-62,-45,KVC4IX8JC3zSYyU0jn9XJPPtAD4=,buv1aIDobnQ2kyIi7iS6l+AUc8M=
-63,-45,KVC4IX8JC3zSYyU0jn9XJPPtAD4=,buv1aIDobnQ2kyIi7iS6l+AUc8M=
-58,-42,KVC4IX8JC3zSYyU0jn9XJPPtAD4=,buv1aIDobnQ2kyIi7iS6l+AUc8M=
-57,-43,KVC4IX8JC3zSYyU0jn9XJPPtAD4=,buv1aIDobnQ2kyIi7iS6l+AUc8M=
-57,-42,KVC4IX8JC3zSYyU0jn9XJPPtAD4=,buv1aIDobnQ2kyIi7iS6l+AUc8M=
-56,-42,KVC4IX8JC3zSYyU0jn9XJPPtAD4=,aYYaZIUaif9p3x7hxrFx2piBM5Y=
-55,-42,KVC4IX8JC3zSYyU0jn9XJPPtAD4=,aYYaZIUaif9p3x7hxrFx2piBM5Y=
-54,-42,KVC4IX8JC3zSYyU0jn9XJPPtAD4=,aYYaZIUaif9p3x7hxrFx2piBM5Y=
-53,-42,KVC4IX8JC3zSYyU0jn9XJPPtAD4=,aYYaZIUaif9p3x7hxrFx2piBM5Y=
-52,-42,KVC4IX8JC3zSYyU0jn9XJPPtAD4=,aYYaZIUaif9p3x7hxrFx2piBM5Y=
-57,-46,KVC4IX8JC3zSYyU0jn9XJPPtAD4=,buv1aIDobnQ2kyIi7iS6l+AUc8M=
-53,-43,KVC4IX8JC3zSYyU0jn9XJPPtAD4=,aYYaZIUaif9p3x7hxrFx2piBM5Y=
-54,-43,KVC4IX8JC3zSYyU0jn9XJPPtAD4=,aYYaZIUaif9p3x7hxrFx2piBM5Y=
-55,-43,KVC4IX8JC3zSYyU0jn9XJPPtAD4=,aYYaZIUaif9p3x7hxrFx2piBM5Y=
-57,-47,KVC4IX8JC3zSYyU0jn9XJPPtAD4=,buv1aIDobnQ2kyIi7iS6l+AUc8M=
-56,-43,KVC4IX8JC3zSYyU0jn9XJPPtAD4=,aYYaZIUaif9p3x7hxrFx2piBM5Y=
-57,-44,KVC4IX8JC3zSYyU0jn9XJPPtAD4=,buv1aIDobnQ2kyIi7iS6l+AUc8M=
-57,-45,KVC4IX8JC3zSYyU0jn9XJPPtAD4=,buv1aIDobnQ2kyIi7iS6l+AUc8M=
-54,-44,KVC4IX8JC3zSYyU0jn9XJPPtAD4=,aYYaZIUaif9p3x7hxrFx2piBM5Y=
-55,-44,KVC4IX8JC3zSYyU0jn9XJPPtAD4=,aYYaZIUaif9p3x7hxrFx2piBM5Y=
-56,-44,KVC4IX8JC3zSYyU0jn9XJPPtAD4=,aYYaZIUaif9p3x7hxrFx2piBM5Y=
-54,-45,KVC4IX8JC3zSYyU0jn9XJPPtAD4=,aYYaZIUaif9p3x7hxrFx2piBM5Y=
-55,-45,KVC4IX8JC3zSYyU0jn9XJPPtAD4=,aYYaZIUaif9p3x7hxrFx2piBM5Y=
-56,-45,KVC4IX8JC3zSYyU0jn9XJPPtAD4=,aYYaZIUaif9p3x7hxrFx2piBM5Y=
-53,-47,KVC4IX8JC3zSYyU0jn9XJPPtAD4=,aYYaZIUaif9p3x7hxrFx2piBM5Y=
-55,-47,KVC4IX8JC3zSYyU0jn9XJPPtAD4=,aYYaZIUaif9p3x7hxrFx2piBM5Y=
-51,-42,KVC4IX8JC3zSYyU0jn9XJPPtAD4=,aYYaZIUaif9p3x7hxrFx2piBM5Y=
-49,-45,KVC4IX8JC3zSYyU0jn9XJPPtAD4=,aYYaZIUaif9p3x7hxrFx2piBM5Y=
-63,-41,KVC4IX8JC3zSYyU0jn9XJPPtAD4=,buv1aIDobnQ2kyIi7iS6l+AUc8M=
-62,-41,KVC4IX8JC3zSYyU0jn9XJPPtAD4=,buv1aIDobnQ2kyIi7iS6l+AUc8M=
-61,-41,KVC4IX8JC3zSYyU0jn9XJPPtAD4=,buv1aIDobnQ2kyIi7iS6l+AUc8M=
-63,-34,KVC4IX8JC3zSYyU0jn9XJPPtAD4=,NL9KLFLATLI8EUQPgPH4nI5vY6s=
-64,-34,KVC4IX8JC3zSYyU0jn9XJPPtAD4=,NL9KLFLATLI8EUQPgPH4nI5vY6s=
-63,-33,KVC4IX8JC3zSYyU0jn9XJPPtAD4=,NL9KLFLATLI8EUQPgPH4nI5vY6s=
-60,-41,KVC4IX8JC3zSYyU0jn9XJPPtAD4=,buv1aIDobnQ2kyIi7iS6l+AUc8M=
-52,-34,KVC4IX8JC3zSYyU0jn9XJPPtAD4=,OTHwQrWTCnuuNCB7X3HQG7Tj4bw=
-54,-35,KVC4IX8JC3zSYyU0jn9XJPPtAD4=,OTHwQrWTCnuuNCB7X3HQG7Tj4bw=
-54,-40,KVC4IX8JC3zSYyU0jn9XJPPtAD4=,OTHwQrWTCnuuNCB7X3HQG7Tj4bw=
-54,-39,KVC4IX8JC3zSYyU0jn9XJPPtAD4=,OTHwQrWTCnuuNCB7X3HQG7Tj4bw=
-53,-39,KVC4IX8JC3zSYyU0jn9XJPPtAD4=,OTHwQrWTCnuuNCB7X3HQG7Tj4bw=
-52,-39,KVC4IX8JC3zSYyU0jn9XJPPtAD4=,OTHwQrWTCnuuNCB7X3HQG7Tj4bw=
-51,-39,KVC4IX8JC3zSYyU0jn9XJPPtAD4=,OTHwQrWTCnuuNCB7X3HQG7Tj4bw=
-57,-41,KVC4IX8JC3zSYyU0jn9XJPPtAD4=,buv1aIDobnQ2kyIi7iS6l+AUc8M=
-52,-40,KVC4IX8JC3zSYyU0jn9XJPPtAD4=,OTHwQrWTCnuuNCB7X3HQG7Tj4bw=
-56,-41,KVC4IX8JC3zSYyU0jn9XJPPtAD4=,aYYaZIUaif9p3x7hxrFx2piBM5Y=
-55,-41,KVC4IX8JC3zSYyU0jn9XJPPtAD4=,aYYaZIUaif9p3x7hxrFx2piBM5Y=
-54,-41,KVC4IX8JC3zSYyU0jn9XJPPtAD4=,aYYaZIUaif9p3x7hxrFx2piBM5Y=
-53,-41,KVC4IX8JC3zSYyU0jn9XJPPtAD4=,aYYaZIUaif9p3x7hxrFx2piBM5Y=
-52,-41,KVC4IX8JC3zSYyU0jn9XJPPtAD4=,aYYaZIUaif9p3x7hxrFx2piBM5Y=
-51,-41,KVC4IX8JC3zSYyU0jn9XJPPtAD4=,aYYaZIUaif9p3x7hxrFx2piBM5Y=
-50,-41,KVC4IX8JC3zSYyU0jn9XJPPtAD4=,aYYaZIUaif9p3x7hxrFx2piBM5Y=
-50,-40,KVC4IX8JC3zSYyU0jn9XJPPtAD4=,OTHwQrWTCnuuNCB7X3HQG7Tj4bw=
-55,-40,KVC4IX8JC3zSYyU0jn9XJPPtAD4=,OTHwQrWTCnuuNCB7X3HQG7Tj4bw=
-53,-40,KVC4IX8JC3zSYyU0jn9XJPPtAD4=,OTHwQrWTCnuuNCB7X3HQG7Tj4bw=
-63,-37,KVC4IX8JC3zSYyU0jn9XJPPtAD4=,NL9KLFLATLI8EUQPgPH4nI5vY6s=
-53,-44,KVC4IX8JC3zSYyU0jn9XJPPtAD4=,aYYaZIUaif9p3x7hxrFx2piBM5Y=
-49,-38,KVC4IX8JC3zSYyU0jn9XJPPtAD4=,OTHwQrWTCnuuNCB7X3HQG7Tj4bw=
-53,-34,KVC4IX8JC3zSYyU0jn9XJPPtAD4=,OTHwQrWTCnuuNCB7X3HQG7Tj4bw=
-61,-33,KVC4IX8JC3zSYyU0jn9XJPPtAD4=,NL9KLFLATLI8EUQPgPH4nI5vY6s=
-60,-40,KVC4IX8JC3zSYyU0jn9XJPPtAD4=,NL9KLFLATLI8EUQPgPH4nI5vY6s=
-58,-41,KVC4IX8JC3zSYyU0jn9XJPPtAD4=,buv1aIDobnQ2kyIi7iS6l+AUc8M=
-57,-40,KVC4IX8JC3zSYyU0jn9XJPPtAD4=,NL9KLFLATLI8EUQPgPH4nI5vY6s=
-59,-41,KVC4IX8JC3zSYyU0jn9XJPPtAD4=,buv1aIDobnQ2kyIi7iS6l+AUc8M=
-62,-33,KVC4IX8JC3zSYyU0jn9XJPPtAD4=,NL9KLFLATLI8EUQPgPH4nI5vY6s=
-50,-38,KVC4IX8JC3zSYyU0jn9XJPPtAD4=,OTHwQrWTCnuuNCB7X3HQG7Tj4bw=
-51,-38,KVC4IX8JC3zSYyU0jn9XJPPtAD4=,OTHwQrWTCnuuNCB7X3HQG7Tj4bw=
-58,-40,KVC4IX8JC3zSYyU0jn9XJPPtAD4=,NL9KLFLATLI8EUQPgPH4nI5vY6s=
-52,-38,KVC4IX8JC3zSYyU0jn9XJPPtAD4=,OTHwQrWTCnuuNCB7X3HQG7Tj4bw=
-49,-40,KVC4IX8JC3zSYyU0jn9XJPPtAD4=,OTHwQrWTCnuuNCB7X3HQG7Tj4bw=
-55,-36,KVC4IX8JC3zSYyU0jn9XJPPtAD4=,OTHwQrWTCnuuNCB7X3HQG7Tj4bw=
-58,-38,KVC4IX8JC3zSYyU0jn9XJPPtAD4=,NL9KLFLATLI8EUQPgPH4nI5vY6s=
-49,-41,KVC4IX8JC3zSYyU0jn9XJPPtAD4=,aYYaZIUaif9p3x7hxrFx2piBM5Y=
-59,-40,KVC4IX8JC3zSYyU0jn9XJPPtAD4=,NL9KLFLATLI8EUQPgPH4nI5vY6s=
-60,-37,KVC4IX8JC3zSYyU0jn9XJPPtAD4=,NL9KLFLATLI8EUQPgPH4nI5vY6s=
-59,-37,KVC4IX8JC3zSYyU0jn9XJPPtAD4=,NL9KLFLATLI8EUQPgPH4nI5vY6s=
-49,-37,KVC4IX8JC3zSYyU0jn9XJPPtAD4=,OTHwQrWTCnuuNCB7X3HQG7Tj4bw=
-59,-39,KVC4IX8JC3zSYyU0jn9XJPPtAD4=,NL9KLFLATLI8EUQPgPH4nI5vY6s=
-50,-37,KVC4IX8JC3zSYyU0jn9XJPPtAD4=,OTHwQrWTCnuuNCB7X3HQG7Tj4bw=
-59,-38,KVC4IX8JC3zSYyU0jn9XJPPtAD4=,NL9KLFLATLI8EUQPgPH4nI5vY6s=
-56,-35,KVC4IX8JC3zSYyU0jn9XJPPtAD4=,OTHwQrWTCnuuNCB7X3HQG7Tj4bw=
-51,-37,KVC4IX8JC3zSYyU0jn9XJPPtAD4=,OTHwQrWTCnuuNCB7X3HQG7Tj4bw=
-57,-37,KVC4IX8JC3zSYyU0jn9XJPPtAD4=,NL9KLFLATLI8EUQPgPH4nI5vY6s=
-60,-39,KVC4IX8JC3zSYyU0jn9XJPPtAD4=,NL9KLFLATLI8EUQPgPH4nI5vY6s=
-51,-40,KVC4IX8JC3zSYyU0jn9XJPPtAD4=,OTHwQrWTCnuuNCB7X3HQG7Tj4bw=
-49,-43,KVC4IX8JC3zSYyU0jn9XJPPtAD4=,aYYaZIUaif9p3x7hxrFx2piBM5Y=
-49,-39,KVC4IX8JC3zSYyU0jn9XJPPtAD4=,OTHwQrWTCnuuNCB7X3HQG7Tj4bw=
-50,-39,KVC4IX8JC3zSYyU0jn9XJPPtAD4=,OTHwQrWTCnuuNCB7X3HQG7Tj4bw=
-50,-43,KVC4IX8JC3zSYyU0jn9XJPPtAD4=,aYYaZIUaif9p3x7hxrFx2piBM5Y=
-60,-38,KVC4IX8JC3zSYyU0jn9XJPPtAD4=,NL9KLFLATLI8EUQPgPH4nI5vY6s=
-56,-40,KVC4IX8JC3zSYyU0jn9XJPPtAD4=,OTHwQrWTCnuuNCB7X3HQG7Tj4bw=
-58,-37,KVC4IX8JC3zSYyU0jn9XJPPtAD4=,NL9KLFLATLI8EUQPgPH4nI5vY6s=
-51,-43,KVC4IX8JC3zSYyU0jn9XJPPtAD4=,aYYaZIUaif9p3x7hxrFx2piBM5Y=
-57,-38,KVC4IX8JC3zSYyU0jn9XJPPtAD4=,NL9KLFLATLI8EUQPgPH4nI5vY6s=
-56,-37,KVC4IX8JC3zSYyU0jn9XJPPtAD4=,OTHwQrWTCnuuNCB7X3HQG7Tj4bw=
-49,-44,KVC4IX8JC3zSYyU0jn9XJPPtAD4=,aYYaZIUaif9p3x7hxrFx2piBM5Y=
-52,-43,KVC4IX8JC3zSYyU0jn9XJPPtAD4=,aYYaZIUaif9p3x7hxrFx2piBM5Y=
-57,-39,KVC4IX8JC3zSYyU0jn9XJPPtAD4=,NL9KLFLATLI8EUQPgPH4nI5vY6s=
-51,-44,KVC4IX8JC3zSYyU0jn9XJPPtAD4=,aYYaZIUaif9p3x7hxrFx2piBM5Y=
-49,-42,KVC4IX8JC3zSYyU0jn9XJPPtAD4=,aYYaZIUaif9p3x7hxrFx2piBM5Y=
-50,-42,KVC4IX8JC3zSYyU0jn9XJPPtAD4=,aYYaZIUaif9p3x7hxrFx2piBM5Y=
-55,-39,KVC4IX8JC3zSYyU0jn9XJPPtAD4=,OTHwQrWTCnuuNCB7X3HQG7Tj4bw=
-58,-39,KVC4IX8JC3zSYyU0jn9XJPPtAD4=,NL9KLFLATLI8EUQPgPH4nI5vY6s=
-52,-44,KVC4IX8JC3zSYyU0jn9XJPPtAD4=,aYYaZIUaif9p3x7hxrFx2piBM5Y=
-56,-38,KVC4IX8JC3zSYyU0jn9XJPPtAD4=,OTHwQrWTCnuuNCB7X3HQG7Tj4bw=
-53,-37,KVC4IX8JC3zSYyU0jn9XJPPtAD4=,OTHwQrWTCnuuNCB7X3HQG7Tj4bw=
-50,-44,KVC4IX8JC3zSYyU0jn9XJPPtAD4=,aYYaZIUaif9p3x7hxrFx2piBM5Y=
-53,-38,KVC4IX8JC3zSYyU0jn9XJPPtAD4=,OTHwQrWTCnuuNCB7X3HQG7Tj4bw=
-52,-33,KVC4IX8JC3zSYyU0jn9XJPPtAD4=,OTHwQrWTCnuuNCB7X3HQG7Tj4bw=
-51,-33,KVC4IX8JC3zSYyU0jn9XJPPtAD4=,OTHwQrWTCnuuNCB7X3HQG7Tj4bw=
-54,-37,KVC4IX8JC3zSYyU0jn9XJPPtAD4=,OTHwQrWTCnuuNCB7X3HQG7Tj4bw=
-54,-38,KVC4IX8JC3zSYyU0jn9XJPPtAD4=,OTHwQrWTCnuuNCB7X3HQG7Tj4bw=
-52,-37,KVC4IX8JC3zSYyU0jn9XJPPtAD4=,OTHwQrWTCnuuNCB7X3HQG7Tj4bw=
-55,-37,KVC4IX8JC3zSYyU0jn9XJPPtAD4=,OTHwQrWTCnuuNCB7X3HQG7Tj4bw=
-55,-35,KVC4IX8JC3zSYyU0jn9XJPPtAD4=,OTHwQrWTCnuuNCB7X3HQG7Tj4bw=
-53,-35,KVC4IX8JC3zSYyU0jn9XJPPtAD4=,OTHwQrWTCnuuNCB7X3HQG7Tj4bw=
-54,-36,KVC4IX8JC3zSYyU0jn9XJPPtAD4=,OTHwQrWTCnuuNCB7X3HQG7Tj4bw=
-54,-34,KVC4IX8JC3zSYyU0jn9XJPPtAD4=,OTHwQrWTCnuuNCB7X3HQG7Tj4bw=
-60,-34,KVC4IX8JC3zSYyU0jn9XJPPtAD4=,NL9KLFLATLI8EUQPgPH4nI5vY6s=
-57,-33,KVC4IX8JC3zSYyU0jn9XJPPtAD4=,NL9KLFLATLI8EUQPgPH4nI5vY6s=
-56,-36,KVC4IX8JC3zSYyU0jn9XJPPtAD4=,OTHwQrWTCnuuNCB7X3HQG7Tj4bw=
-56,-39,KVC4IX8JC3zSYyU0jn9XJPPtAD4=,OTHwQrWTCnuuNCB7X3HQG7Tj4bw=
-56,-34,KVC4IX8JC3zSYyU0jn9XJPPtAD4=,OTHwQrWTCnuuNCB7X3HQG7Tj4bw=
-55,-34,KVC4IX8JC3zSYyU0jn9XJPPtAD4=,OTHwQrWTCnuuNCB7X3HQG7Tj4bw=
-55,-38,KVC4IX8JC3zSYyU0jn9XJPPtAD4=,OTHwQrWTCnuuNCB7X3HQG7Tj4bw=
-57,-36,KVC4IX8JC3zSYyU0jn9XJPPtAD4=,NL9KLFLATLI8EUQPgPH4nI5vY6s=
-53,-33,KVC4IX8JC3zSYyU0jn9XJPPtAD4=,OTHwQrWTCnuuNCB7X3HQG7Tj4bw=
-60,-35,KVC4IX8JC3zSYyU0jn9XJPPtAD4=,NL9KLFLATLI8EUQPgPH4nI5vY6s=
-54,-33,KVC4IX8JC3zSYyU0jn9XJPPtAD4=,OTHwQrWTCnuuNCB7X3HQG7Tj4bw=
-58,-35,KVC4IX8JC3zSYyU0jn9XJPPtAD4=,NL9KLFLATLI8EUQPgPH4nI5vY6s=
-53,-36,KVC4IX8JC3zSYyU0jn9XJPPtAD4=,OTHwQrWTCnuuNCB7X3HQG7Tj4bw=
-57,-35,KVC4IX8JC3zSYyU0jn9XJPPtAD4=,NL9KLFLATLI8EUQPgPH4nI5vY6s=
-59,-36,KVC4IX8JC3zSYyU0jn9XJPPtAD4=,NL9KLFLATLI8EUQPgPH4nI5vY6s=
-60,-36,KVC4IX8JC3zSYyU0jn9XJPPtAD4=,NL9KLFLATLI8EUQPgPH4nI5vY6s=
-59,-34,KVC4IX8JC3zSYyU0jn9XJPPtAD4=,NL9KLFLATLI8EUQPgPH4nI5vY6s=
-64,-33,KVC4IX8JC3zSYyU0jn9XJPPtAD4=,NL9KLFLATLI8EUQPgPH4nI5vY6s=
-64,-42,KVC4IX8JC3zSYyU0jn9XJPPtAD4=,buv1aIDobnQ2kyIi7iS6l+AUc8M=
-64,-45,KVC4IX8JC3zSYyU0jn9XJPPtAD4=,buv1aIDobnQ2kyIi7iS6l+AUc8M=
-64,-47,KVC4IX8JC3zSYyU0jn9XJPPtAD4=,buv1aIDobnQ2kyIi7iS6l+AUc8M=
-64,-44,KVC4IX8JC3zSYyU0jn9XJPPtAD4=,buv1aIDobnQ2kyIi7iS6l+AUc8M=
-64,-46,KVC4IX8JC3zSYyU0jn9XJPPtAD4=,buv1aIDobnQ2kyIi7iS6l+AUc8M=
-50,-45,KVC4IX8JC3zSYyU0jn9XJPPtAD4=,aYYaZIUaif9p3x7hxrFx2piBM5Y=
-64,-43,KVC4IX8JC3zSYyU0jn9XJPPtAD4=,buv1aIDobnQ2kyIi7iS6l+AUc8M=
-59,-33,KVC4IX8JC3zSYyU0jn9XJPPtAD4=,NL9KLFLATLI8EUQPgPH4nI5vY6s=
-57,-34,KVC4IX8JC3zSYyU0jn9XJPPtAD4=,NL9KLFLATLI8EUQPgPH4nI5vY6s=
-51,-45,KVC4IX8JC3zSYyU0jn9XJPPtAD4=,aYYaZIUaif9p3x7hxrFx2piBM5Y=
-64,-40,KVC4IX8JC3zSYyU0jn9XJPPtAD4=,NL9KLFLATLI8EUQPgPH4nI5vY6s=
-64,-41,KVC4IX8JC3zSYyU0jn9XJPPtAD4=,buv1aIDobnQ2kyIi7iS6l+AUc8M=
-56,-33,KVC4IX8JC3zSYyU0jn9XJPPtAD4=,OTHwQrWTCnuuNCB7X3HQG7Tj4bw=
-61,-34,KVC4IX8JC3zSYyU0jn9XJPPtAD4=,NL9KLFLATLI8EUQPgPH4nI5vY6s=
-49,-48,KVC4IX8JC3zSYyU0jn9XJPPtAD4=,aYYaZIUaif9p3x7hxrFx2piBM5Y=
-62,-37,KVC4IX8JC3zSYyU0jn9XJPPtAD4=,NL9KLFLATLI8EUQPgPH4nI5vY6s=
-52,-45,KVC4IX8JC3zSYyU0jn9XJPPtAD4=,aYYaZIUaif9p3x7hxrFx2piBM5Y=
-50,-46,KVC4IX8JC3zSYyU0jn9XJPPtAD4=,aYYaZIUaif9p3x7hxrFx2piBM5Y=
-50,-48,KVC4IX8JC3zSYyU0jn9XJPPtAD4=,aYYaZIUaif9p3x7hxrFx2piBM5Y=
-51,-48,KVC4IX8JC3zSYyU0jn9XJPPtAD4=,aYYaZIUaif9p3x7hxrFx2piBM5Y=
-63,-40,KVC4IX8JC3zSYyU0jn9XJPPtAD4=,NL9KLFLATLI8EUQPgPH4nI5vY6s=
-52,-48,KVC4IX8JC3zSYyU0jn9XJPPtAD4=,aYYaZIUaif9p3x7hxrFx2piBM5Y=
-62,-34,KVC4IX8JC3zSYyU0jn9XJPPtAD4=,NL9KLFLATLI8EUQPgPH4nI5vY6s=
-64,-36,KVC4IX8JC3zSYyU0jn9XJPPtAD4=,NL9KLFLATLI8EUQPgPH4nI5vY6s=
-55,-33,KVC4IX8JC3zSYyU0jn9XJPPtAD4=,OTHwQrWTCnuuNCB7X3HQG7Tj4bw=
-62,-40,KVC4IX8JC3zSYyU0jn9XJPPtAD4=,NL9KLFLATLI8EUQPgPH4nI5vY6s=
-61,-40,KVC4IX8JC3zSYyU0jn9XJPPtAD4=,NL9KLFLATLI8EUQPgPH4nI5vY6s=
-61,-35,KVC4IX8JC3zSYyU0jn9XJPPtAD4=,NL9KLFLATLI8EUQPgPH4nI5vY6s=
-61,-38,KVC4IX8JC3zSYyU0jn9XJPPtAD4=,NL9KLFLATLI8EUQPgPH4nI5vY6s=
-58,-34,KVC4IX8JC3zSYyU0jn9XJPPtAD4=,NL9KLFLATLI8EUQPgPH4nI5vY6s=
-59,-35,KVC4IX8JC3zSYyU0jn9XJPPtAD4=,NL9KLFLATLI8EUQPgPH4nI5vY6s=
-64,-35,KVC4IX8JC3zSYyU0jn9XJPPtAD4=,NL9KLFLATLI8EUQPgPH4nI5vY6s=
-63,-36,KVC4IX8JC3zSYyU0jn9XJPPtAD4=,NL9KLFLATLI8EUQPgPH4nI5vY6s=
-61,-37,KVC4IX8JC3zSYyU0jn9XJPPtAD4=,NL9KLFLATLI8EUQPgPH4nI5vY6s=
-63,-38,KVC4IX8JC3zSYyU0jn9XJPPtAD4=,NL9KLFLATLI8EUQPgPH4nI5vY6s=
-64,-37,KVC4IX8JC3zSYyU0jn9XJPPtAD4=,NL9KLFLATLI8EUQPgPH4nI5vY6s=
-64,-39,KVC4IX8JC3zSYyU0jn9XJPPtAD4=,NL9KLFLATLI8EUQPgPH4nI5vY6s=
-58,-36,KVC4IX8JC3zSYyU0jn9XJPPtAD4=,NL9KLFLATLI8EUQPgPH4nI5vY6s=
-61,-39,KVC4IX8JC3zSYyU0jn9XJPPtAD4=,NL9KLFLATLI8EUQPgPH4nI5vY6s=
-62,-36,KVC4IX8JC3zSYyU0jn9XJPPtAD4=,NL9KLFLATLI8EUQPgPH4nI5vY6s=
-58,-33,KVC4IX8JC3zSYyU0jn9XJPPtAD4=,NL9KLFLATLI8EUQPgPH4nI5vY6s=
-51,-46,KVC4IX8JC3zSYyU0jn9XJPPtAD4=,aYYaZIUaif9p3x7hxrFx2piBM5Y=
-50,-47,KVC4IX8JC3zSYyU0jn9XJPPtAD4=,aYYaZIUaif9p3x7hxrFx2piBM5Y=
-62,-38,KVC4IX8JC3zSYyU0jn9XJPPtAD4=,NL9KLFLATLI8EUQPgPH4nI5vY6s=
-52,-47,KVC4IX8JC3zSYyU0jn9XJPPtAD4=,aYYaZIUaif9p3x7hxrFx2piBM5Y=
-64,-38,KVC4IX8JC3zSYyU0jn9XJPPtAD4=,NL9KLFLATLI8EUQPgPH4nI5vY6s=
-62,-39,KVC4IX8JC3zSYyU0jn9XJPPtAD4=,NL9KLFLATLI8EUQPgPH4nI5vY6s=
-62,-35,KVC4IX8JC3zSYyU0jn9XJPPtAD4=,NL9KLFLATLI8EUQPgPH4nI5vY6s=
-63,-48,KVC4IX8JC3zSYyU0jn9XJPPtAD4=,buv1aIDobnQ2kyIi7iS6l+AUc8M=
-63,-39,KVC4IX8JC3zSYyU0jn9XJPPtAD4=,NL9KLFLATLI8EUQPgPH4nI5vY6s=
-61,-48,KVC4IX8JC3zSYyU0jn9XJPPtAD4=,buv1aIDobnQ2kyIi7iS6l+AUc8M=
-52,-46,KVC4IX8JC3zSYyU0jn9XJPPtAD4=,aYYaZIUaif9p3x7hxrFx2piBM5Y=
-59,-47,KVC4IX8JC3zSYyU0jn9XJPPtAD4=,buv1aIDobnQ2kyIi7iS6l+AUc8M=
-61,-47,KVC4IX8JC3zSYyU0jn9XJPPtAD4=,buv1aIDobnQ2kyIi7iS6l+AUc8M=
-58,-47,KVC4IX8JC3zSYyU0jn9XJPPtAD4=,buv1aIDobnQ2kyIi7iS6l+AUc8M=
-53,-45,KVC4IX8JC3zSYyU0jn9XJPPtAD4=,aYYaZIUaif9p3x7hxrFx2piBM5Y=
-62,-47,KVC4IX8JC3zSYyU0jn9XJPPtAD4=,buv1aIDobnQ2kyIi7iS6l+AUc8M=
-49,-46,KVC4IX8JC3zSYyU0jn9XJPPtAD4=,aYYaZIUaif9p3x7hxrFx2piBM5Y=
-56,-46,KVC4IX8JC3zSYyU0jn9XJPPtAD4=,aYYaZIUaif9p3x7hxrFx2piBM5Y=
-51,-47,KVC4IX8JC3zSYyU0jn9XJPPtAD4=,aYYaZIUaif9p3x7hxrFx2piBM5Y=
-55,-46,KVC4IX8JC3zSYyU0jn9XJPPtAD4=,aYYaZIUaif9p3x7hxrFx2piBM5Y=
-53,-46,KVC4IX8JC3zSYyU0jn9XJPPtAD4=,aYYaZIUaif9p3x7hxrFx2piBM5Y=
-56,-47,KVC4IX8JC3zSYyU0jn9XJPPtAD4=,aYYaZIUaif9p3x7hxrFx2piBM5Y=
-55,-48,KVC4IX8JC3zSYyU0jn9XJPPtAD4=,aYYaZIUaif9p3x7hxrFx2piBM5Y=
-64,-48,KVC4IX8JC3zSYyU0jn9XJPPtAD4=,buv1aIDobnQ2kyIi7iS6l+AUc8M=
-62,-48,KVC4IX8JC3zSYyU0jn9XJPPtAD4=,buv1aIDobnQ2kyIi7iS6l+AUc8M=
-54,-48,KVC4IX8JC3zSYyU0jn9XJPPtAD4=,aYYaZIUaif9p3x7hxrFx2piBM5Y=
-53,-48,KVC4IX8JC3zSYyU0jn9XJPPtAD4=,aYYaZIUaif9p3x7hxrFx2piBM5Y=
-54,-46,KVC4IX8JC3zSYyU0jn9XJPPtAD4=,aYYaZIUaif9p3x7hxrFx2piBM5Y=
-54,-47,KVC4IX8JC3zSYyU0jn9XJPPtAD4=,aYYaZIUaif9p3x7hxrFx2piBM5Y=
-59,-48,KVC4IX8JC3zSYyU0jn9XJPPtAD4=,buv1aIDobnQ2kyIi7iS6l+AUc8M=
-60,-48,KVC4IX8JC3zSYyU0jn9XJPPtAD4=,buv1aIDobnQ2kyIi7iS6l+AUc8M=
-63,-35,KVC4IX8JC3zSYyU0jn9XJPPtAD4=,NL9KLFLATLI8EUQPgPH4nI5vY6s=
-49,-47,KVC4IX8JC3zSYyU0jn9XJPPtAD4=,aYYaZIUaif9p3x7hxrFx2piBM5Y=
-57,-48,KVC4IX8JC3zSYyU0jn9XJPPtAD4=,buv1aIDobnQ2kyIi7iS6l+AUc8M=
-58,-48,KVC4IX8JC3zSYyU0jn9XJPPtAD4=,buv1aIDobnQ2kyIi7iS6l+AUc8M=
-50,-33,KVC4IX8JC3zSYyU0jn9XJPPtAD4=,OTHwQrWTCnuuNCB7X3HQG7Tj4bw=
-61,-36,KVC4IX8JC3zSYyU0jn9XJPPtAD4=,NL9KLFLATLI8EUQPgPH4nI5vY6s=
-60,-33,KVC4IX8JC3zSYyU0jn9XJPPtAD4=,NL9KLFLATLI8EUQPgPH4nI5vY6s=
-51,-35,KVC4IX8JC3zSYyU0jn9XJPPtAD4=,OTHwQrWTCnuuNCB7X3HQG7Tj4bw=
-56,-48,KVC4IX8JC3zSYyU0jn9XJPPtAD4=,aYYaZIUaif9p3x7hxrFx2piBM5Y=
-50,-36,KVC4IX8JC3zSYyU0jn9XJPPtAD4=,OTHwQrWTCnuuNCB7X3HQG7Tj4bw=
-50,-35,KVC4IX8JC3zSYyU0jn9XJPPtAD4=,OTHwQrWTCnuuNCB7X3HQG7Tj4bw=
-49,-36,KVC4IX8JC3zSYyU0jn9XJPPtAD4=,OTHwQrWTCnuuNCB7X3HQG7Tj4bw=
-52,-35,KVC4IX8JC3zSYyU0jn9XJPPtAD4=,OTHwQrWTCnuuNCB7X3HQG7Tj4bw=
-51,-34,KVC4IX8JC3zSYyU0jn9XJPPtAD4=,OTHwQrWTCnuuNCB7X3HQG7Tj4bw=
-51,-36,KVC4IX8JC3zSYyU0jn9XJPPtAD4=,OTHwQrWTCnuuNCB7X3HQG7Tj4bw=
-50,-34,KVC4IX8JC3zSYyU0jn9XJPPtAD4=,OTHwQrWTCnuuNCB7X3HQG7Tj4bw=
-49,-35,KVC4IX8JC3zSYyU0jn9XJPPtAD4=,OTHwQrWTCnuuNCB7X3HQG7Tj4bw=
-52,-36,KVC4IX8JC3zSYyU0jn9XJPPtAD4=,OTHwQrWTCnuuNCB7X3HQG7Tj4bw=
-49,-33,KVC4IX8JC3zSYyU0jn9XJPPtAD4=,OTHwQrWTCnuuNCB7X3HQG7Tj4bw=
-49,-34,KVC4IX8JC3zSYyU0jn9XJPPtAD4=,OTHwQrWTCnuuNCB7X3HQG7Tj4bw=
