98,72,UCF4TcBzqXgqONd2786D54HDUG4=,E7F+gmXL79+GaOw6jKHwkQmVXDM=
101,79,UCF4TcBzqXgqONd2786D54HDUG4=,E7F+gmXL79+GaOw6jKHwkQmVXDM=
97,74,UCF4TcBzqXgqONd2786D54HDUG4=,E7F+gmXL79+GaOw6jKHwkQmVXDM=
99,79,UCF4TcBzqXgqONd2786D54HDUG4=,E7F+gmXL79+GaOw6jKHwkQmVXDM=
100,79,UCF4TcBzqXgqONd2786D54HDUG4=,E7F+gmXL79+GaOw6jKHwkQmVXDM=
103,78,UCF4TcBzqXgqONd2786D54HDUG4=,E7F+gmXL79+GaOw6jKHwkQmVXDM=
99,75,UCF4TcBzqXgqONd2786D54HDUG4=,E7F+gmXL79+GaOw6jKHwkQmVXDM=
101,78,UCF4TcBzqXgqONd2786D54HDUG4=,E7F+gmXL79+GaOw6jKHwkQmVXDM=
99,76,UCF4TcBzqXgqONd2786D54HDUG4=,E7F+gmXL79+GaOw6jKHwkQmVXDM=
98,75,UCF4TcBzqXgqONd2786D54HDUG4=,E7F+gmXL79+GaOw6jKHwkQmVXDM=
98,76,UCF4TcBzqXgqONd2786D54HDUG4=,E7F+gmXL79+GaOw6jKHwkQmVXDM=
97,72,UCF4TcBzqXgqONd2786D54HDUG4=,E7F+gmXL79+GaOw6jKHwkQmVXDM=
103,72,UCF4TcBzqXgqONd2786D54HDUG4=,E7F+gmXL79+GaOw6jKHwkQmVXDM=
97,76,UCF4TcBzqXgqONd2786D54HDUG4=,E7F+gmXL79+GaOw6jKHwkQmVXDM=
102,78,UCF4TcBzqXgqONd2786D54HDUG4=,E7F+gmXL79+GaOw6jKHwkQmVXDM=
99,78,UCF4TcBzqXgqONd2786D54HDUG4=,E7F+gmXL79+GaOw6jKHwkQmVXDM=
101,72,UCF4TcBzqXgqONd2786D54HDUG4=,E7F+gmXL79+GaOw6jKHwkQmVXDM=
100,78,UCF4TcBzqXgqONd2786D54HDUG4=,E7F+gmXL79+GaOw6jKHwkQmVXDM=
97,75,UCF4TcBzqXgqONd2786D54HDUG4=,E7F+gmXL79+GaOw6jKHwkQmVXDM=
98,78,UCF4TcBzqXgqONd2786D54HDUG4=,E7F+gmXL79+GaOw6jKHwkQmVXDM=
103,75,UCF4TcBzqXgqONd2786D54HDUG4=,E7F+gmXL79+GaOw6jKHwkQmVXDM=
103,77,UCF4TcBzqXgqONd2786D54HDUG4=,E7F+gmXL79+GaOw6jKHwkQmVXDM=
102,77,UCF4TcBzqXgqONd2786D54HDUG4=,E7F+gmXL79+GaOw6jKHwkQmVXDM=
101,77,UCF4TcBzqXgqONd2786D54HDUG4=,E7F+gmXL79+GaOw6jKHwkQmVXDM=
100,77,UCF4TcBzqXgqONd2786D54HDUG4=,E7F+gmXL79+GaOw6jKHwkQmVXDM=
100,72,UCF4TcBzqXgqONd2786D54HDUG4=,E7F+gmXL79+GaOw6jKHwkQmVXDM=
99,77,UCF4TcBzqXgqONd2786D54HDUG4=,E7F+gmXL79+GaOw6jKHwkQmVXDM=
103,73,UCF4TcBzqXgqONd2786D54HDUG4=,E7F+gmXL79+GaOw6jKHwkQmVXDM=
98,77,UCF4TcBzqXgqONd2786D54HDUG4=,E7F+gmXL79+GaOw6jKHwkQmVXDM=
97,77,UCF4TcBzqXgqONd2786D54HDUG4=,E7F+gmXL79+GaOw6jKHwkQmVXDM=
102,73,UCF4TcBzqXgqONd2786D54HDUG4=,E7F+gmXL79+GaOw6jKHwkQmVXDM=
102,72,UCF4TcBzqXgqONd2786D54HDUG4=,E7F+gmXL79+GaOw6jKHwkQmVXDM=
101,73,UCF4TcBzqXgqONd2786D54HDUG4=,E7F+gmXL79+GaOw6jKHwkQmVXDM=
99,72,UCF4TcBzqXgqONd2786D54HDUG4=,E7F+gmXL79+GaOw6jKHwkQmVXDM=
100,73,UCF4TcBzqXgqONd2786D54HDUG4=,E7F+gmXL79+GaOw6jKHwkQmVXDM=
103,74,UCF4TcBzqXgqONd2786D54HDUG4=,E7F+gmXL79+GaOw6jKHwkQmVXDM=
103,76,UCF4TcBzqXgqONd2786D54HDUG4=,E7F+gmXL79+GaOw6jKHwkQmVXDM=
102,75,UCF4TcBzqXgqONd2786D54HDUG4=,E7F+gmXL79+GaOw6jKHwkQmVXDM=
103,79,UCF4TcBzqXgqONd2786D54HDUG4=,E7F+gmXL79+GaOw6jKHwkQmVXDM=
99,73,UCF4TcBzqXgqONd2786D54HDUG4=,E7F+gmXL79+GaOw6jKHwkQmVXDM=
102,74,UCF4TcBzqXgqONd2786D54HDUG4=,E7F+gmXL79+GaOw6jKHwkQmVXDM=
102,79,UCF4TcBzqXgqONd2786D54HDUG4=,E7F+gmXL79+GaOw6jKHwkQmVXDM=
101,75,UCF4TcBzqXgqONd2786D54HDUG4=,E7F+gmXL79+GaOw6jKHwkQmVXDM=
102,76,UCF4TcBzqXgqONd2786D54HDUG4=,E7F+gmXL79+GaOw6jKHwkQmVXDM=
101,74,UCF4TcBzqXgqONd2786D54HDUG4=,E7F+gmXL79+GaOw6jKHwkQmVXDM=
101,76,UCF4TcBzqXgqONd2786D54HDUG4=,E7F+gmXL79+GaOw6jKHwkQmVXDM=
98,73,UCF4TcBzqXgqONd2786D54HDUG4=,E7F+gmXL79+GaOw6jKHwkQmVXDM=
100,74,UCF4TcBzqXgqONd2786D54HDUG4=,E7F+gmXL79+GaOw6jKHwkQmVXDM=
97,73,UCF4TcBzqXgqONd2786D54HDUG4=,E7F+gmXL79+GaOw6jKHwkQmVXDM=
99,74,UCF4TcBzqXgqONd2786D54HDUG4=,E7F+gmXL79+GaOw6jKHwkQmVXDM=
98,74,UCF4TcBzqXgqONd2786D54HDUG4=,E7F+gmXL79+GaOw6jKHwkQmVXDM=
100,76,UCF4TcBzqXgqONd2786D54HDUG4=,E7F+gmXL79+GaOw6jKHwkQmVXDM=
100,75,UCF4TcBzqXgqONd2786D54HDUG4=,E7F+gmXL79+GaOw6jKHwkQmVXDM=
96,73,UCF4TcBzqXgqONd2786D54HDUG4=,E7F+gmXL79+GaOw6jKHwkQmVXDM=
96,74,UCF4TcBzqXgqONd2786D54HDUG4=,E7F+gmXL79+GaOw6jKHwkQmVXDM=
96,75,UCF4TcBzqXgqONd2786D54HDUG4=,E7F+gmXL79+GaOw6jKHwkQmVXDM=
96,72,UCF4TcBzqXgqONd2786D54HDUG4=,E7F+gmXL79+GaOw6jKHwkQmVXDM=
96,76,UCF4TcBzqXgqONd2786D54HDUG4=,E7F+gmXL79+GaOw6jKHwkQmVXDM=
98,79,UCF4TcBzqXgqONd2786D54HDUG4=,E7F+gmXL79+GaOw6jKHwkQmVXDM=
96,79,UCF4TcBzqXgqONd2786D54HDUG4=,E7F+gmXL79+GaOw6jKHwkQmVXDM=
97,78,UCF4TcBzqXgqONd2786D54HDUG4=,E7F+gmXL79+GaOw6jKHwkQmVXDM=
96,77,UCF4TcBzqXgqONd2786D54HDUG4=,E7F+gmXL79+GaOw6jKHwkQmVXDM=
96,78,UCF4TcBzqXgqONd2786D54HDUG4=,E7F+gmXL79+GaOw6jKHwkQmVXDM=
97,79,UCF4TcBzqXgqONd2786D54HDUG4=,E7F+gmXL79+GaOw6jKHwkQmVXDM=
97,90,UCF4TcBzqXgqONd2786D54HDUG4=,KiJ1pm8HG8MCDetMuSQV+iwchKQ=
108,88,UCF4TcBzqXgqONd2786D54HDUG4=,JNeRGUj/qHD63wf6hiyTDwotaJ4=
109,88,UCF4TcBzqXgqONd2786D54HDUG4=,JNeRGUj/qHD63wf6hiyTDwotaJ4=
110,88,UCF4TcBzqXgqONd2786D54HDUG4=,JNeRGUj/qHD63wf6hiyTDwotaJ4=
104,89,UCF4TcBzqXgqONd2786D54HDUG4=,JNeRGUj/qHD63wf6hiyTDwotaJ4=
105,89,UCF4TcBzqXgqONd2786D54HDUG4=,JNeRGUj/qHD63wf6hiyTDwotaJ4=
103,90,UCF4TcBzqXgqONd2786D54HDUG4=,KiJ1pm8HG8MCDetMuSQV+iwchKQ=
106,89,UCF4TcBzqXgqONd2786D54HDUG4=,JNeRGUj/qHD63wf6hiyTDwotaJ4=
107,89,UCF4TcBzqXgqONd2786D54HDUG4=,JNeRGUj/qHD63wf6hiyTDwotaJ4=
108,89,UCF4TcBzqXgqONd2786D54HDUG4=,JNeRGUj/qHD63wf6hiyTDwotaJ4=
110,89,UCF4TcBzqXgqONd2786D54HDUG4=,JNeRGUj/qHD63wf6hiyTDwotaJ4=
109,89,UCF4TcBzqXgqONd2786D54HDUG4=,JNeRGUj/qHD63wf6hiyTDwotaJ4=
104,90,UCF4TcBzqXgqONd2786D54HDUG4=,JNeRGUj/qHD63wf6hiyTDwotaJ4=
105,90,UCF4TcBzqXgqONd2786D54HDUG4=,JNeRGUj/qHD63wf6hiyTDwotaJ4=
106,90,UCF4TcBzqXgqONd2786D54HDUG4=,JNeRGUj/qHD63wf6hiyTDwotaJ4=
107,90,UCF4TcBzqXgqONd2786D54HDUG4=,JNeRGUj/qHD63wf6hiyTDwotaJ4=
108,90,UCF4TcBzqXgqONd2786D54HDUG4=,JNeRGUj/qHD63wf6hiyTDwotaJ4=
103,91,UCF4TcBzqXgqONd2786D54HDUG4=,KiJ1pm8HG8MCDetMuSQV+iwchKQ=
109,90,UCF4TcBzqXgqONd2786D54HDUG4=,JNeRGUj/qHD63wf6hiyTDwotaJ4=
110,90,UCF4TcBzqXgqONd2786D54HDUG4=,JNeRGUj/qHD63wf6hiyTDwotaJ4=
105,91,UCF4TcBzqXgqONd2786D54HDUG4=,JNeRGUj/qHD63wf6hiyTDwotaJ4=
104,91,UCF4TcBzqXgqONd2786D54HDUG4=,JNeRGUj/qHD63wf6hiyTDwotaJ4=
107,91,UCF4TcBzqXgqONd2786D54HDUG4=,JNeRGUj/qHD63wf6hiyTDwotaJ4=
106,91,UCF4TcBzqXgqONd2786D54HDUG4=,JNeRGUj/qHD63wf6hiyTDwotaJ4=
108,91,UCF4TcBzqXgqONd2786D54HDUG4=,JNeRGUj/qHD63wf6hiyTDwotaJ4=
110,91,UCF4TcBzqXgqONd2786D54HDUG4=,JNeRGUj/qHD63wf6hiyTDwotaJ4=
109,91,UCF4TcBzqXgqONd2786D54HDUG4=,JNeRGUj/qHD63wf6hiyTDwotaJ4=
103,92,UCF4TcBzqXgqONd2786D54HDUG4=,KiJ1pm8HG8MCDetMuSQV+iwchKQ=
104,92,UCF4TcBzqXgqONd2786D54HDUG4=,JNeRGUj/qHD63wf6hiyTDwotaJ4=
105,92,UCF4TcBzqXgqONd2786D54HDUG4=,JNeRGUj/qHD63wf6hiyTDwotaJ4=
107,92,UCF4TcBzqXgqONd2786D54HDUG4=,JNeRGUj/qHD63wf6hiyTDwotaJ4=
106,92,UCF4TcBzqXgqONd2786D54HDUG4=,JNeRGUj/qHD63wf6hiyTDwotaJ4=
108,92,UCF4TcBzqXgqONd2786D54HDUG4=,JNeRGUj/qHD63wf6hiyTDwotaJ4=
109,92,UCF4TcBzqXgqONd2786D54HDUG4=,JNeRGUj/qHD63wf6hiyTDwotaJ4=
104,93,UCF4TcBzqXgqONd2786D54HDUG4=,JNeRGUj/qHD63wf6hiyTDwotaJ4=
110,92,UCF4TcBzqXgqONd2786D54HDUG4=,JNeRGUj/qHD63wf6hiyTDwotaJ4=
105,93,UCF4TcBzqXgqONd2786D54HDUG4=,JNeRGUj/qHD63wf6hiyTDwotaJ4=
106,93,UCF4TcBzqXgqONd2786D54HDUG4=,JNeRGUj/qHD63wf6hiyTDwotaJ4=
107,93,UCF4TcBzqXgqONd2786D54HDUG4=,JNeRGUj/qHD63wf6hiyTDwotaJ4=
108,93,UCF4TcBzqXgqONd2786D54HDUG4=,JNeRGUj/qHD63wf6hiyTDwotaJ4=
109,93,UCF4TcBzqXgqONd2786D54HDUG4=,JNeRGUj/qHD63wf6hiyTDwotaJ4=
110,93,UCF4TcBzqXgqONd2786D54HDUG4=,JNeRGUj/qHD63wf6hiyTDwotaJ4=
104,94,UCF4TcBzqXgqONd2786D54HDUG4=,JNeRGUj/qHD63wf6hiyTDwotaJ4=
105,94,UCF4TcBzqXgqONd2786D54HDUG4=,JNeRGUj/qHD63wf6hiyTDwotaJ4=
106,94,UCF4TcBzqXgqONd2786D54HDUG4=,JNeRGUj/qHD63wf6hiyTDwotaJ4=
107,94,UCF4TcBzqXgqONd2786D54HDUG4=,JNeRGUj/qHD63wf6hiyTDwotaJ4=
103,93,UCF4TcBzqXgqONd2786D54HDUG4=,KiJ1pm8HG8MCDetMuSQV+iwchKQ=
108,94,UCF4TcBzqXgqONd2786D54HDUG4=,JNeRGUj/qHD63wf6hiyTDwotaJ4=
103,94,UCF4TcBzqXgqONd2786D54HDUG4=,KiJ1pm8HG8MCDetMuSQV+iwchKQ=
110,94,UCF4TcBzqXgqONd2786D54HDUG4=,JNeRGUj/qHD63wf6hiyTDwotaJ4=
105,88,UCF4TcBzqXgqONd2786D54HDUG4=,JNeRGUj/qHD63wf6hiyTDwotaJ4=
109,94,UCF4TcBzqXgqONd2786D54HDUG4=,JNeRGUj/qHD63wf6hiyTDwotaJ4=
107,88,UCF4TcBzqXgqONd2786D54HDUG4=,JNeRGUj/qHD63wf6hiyTDwotaJ4=
106,88,UCF4TcBzqXgqONd2786D54HDUG4=,JNeRGUj/qHD63wf6hiyTDwotaJ4=
103,89,UCF4TcBzqXgqONd2786D54HDUG4=,KiJ1pm8HG8MCDetMuSQV+iwchKQ=
102,89,UCF4TcBzqXgqONd2786D54HDUG4=,KiJ1pm8HG8MCDetMuSQV+iwchKQ=
100,89,UCF4TcBzqXgqONd2786D54HDUG4=,KiJ1pm8HG8MCDetMuSQV+iwchKQ=
99,89,UCF4TcBzqXgqONd2786D54HDUG4=,KiJ1pm8HG8MCDetMuSQV+iwchKQ=
101,89,UCF4TcBzqXgqONd2786D54HDUG4=,KiJ1pm8HG8MCDetMuSQV+iwchKQ=
98,89,UCF4TcBzqXgqONd2786D54HDUG4=,KiJ1pm8HG8MCDetMuSQV+iwchKQ=
97,89,UCF4TcBzqXgqONd2786D54HDUG4=,KiJ1pm8HG8MCDetMuSQV+iwchKQ=
101,94,UCF4TcBzqXgqONd2786D54HDUG4=,KiJ1pm8HG8MCDetMuSQV+iwchKQ=
102,94,UCF4TcBzqXgqONd2786D54HDUG4=,KiJ1pm8HG8MCDetMuSQV+iwchKQ=
100,94,UCF4TcBzqXgqONd2786D54HDUG4=,KiJ1pm8HG8MCDetMuSQV+iwchKQ=
99,94,UCF4TcBzqXgqONd2786D54HDUG4=,KiJ1pm8HG8MCDetMuSQV+iwchKQ=
98,94,UCF4TcBzqXgqONd2786D54HDUG4=,KiJ1pm8HG8MCDetMuSQV+iwchKQ=
102,93,UCF4TcBzqXgqONd2786D54HDUG4=,KiJ1pm8HG8MCDetMuSQV+iwchKQ=
97,94,UCF4TcBzqXgqONd2786D54HDUG4=,KiJ1pm8HG8MCDetMuSQV+iwchKQ=
100,93,UCF4TcBzqXgqONd2786D54HDUG4=,KiJ1pm8HG8MCDetMuSQV+iwchKQ=
99,93,UCF4TcBzqXgqONd2786D54HDUG4=,KiJ1pm8HG8MCDetMuSQV+iwchKQ=
101,93,UCF4TcBzqXgqONd2786D54HDUG4=,KiJ1pm8HG8MCDetMuSQV+iwchKQ=
98,93,UCF4TcBzqXgqONd2786D54HDUG4=,KiJ1pm8HG8MCDetMuSQV+iwchKQ=
97,93,UCF4TcBzqXgqONd2786D54HDUG4=,KiJ1pm8HG8MCDetMuSQV+iwchKQ=
102,92,UCF4TcBzqXgqONd2786D54HDUG4=,KiJ1pm8HG8MCDetMuSQV+iwchKQ=
101,92,UCF4TcBzqXgqONd2786D54HDUG4=,KiJ1pm8HG8MCDetMuSQV+iwchKQ=
100,92,UCF4TcBzqXgqONd2786D54HDUG4=,KiJ1pm8HG8MCDetMuSQV+iwchKQ=
99,92,UCF4TcBzqXgqONd2786D54HDUG4=,KiJ1pm8HG8MCDetMuSQV+iwchKQ=
98,92,UCF4TcBzqXgqONd2786D54HDUG4=,KiJ1pm8HG8MCDetMuSQV+iwchKQ=
97,92,UCF4TcBzqXgqONd2786D54HDUG4=,KiJ1pm8HG8MCDetMuSQV+iwchKQ=
102,91,UCF4TcBzqXgqONd2786D54HDUG4=,KiJ1pm8HG8MCDetMuSQV+iwchKQ=
100,91,UCF4TcBzqXgqONd2786D54HDUG4=,KiJ1pm8HG8MCDetMuSQV+iwchKQ=
101,91,UCF4TcBzqXgqONd2786D54HDUG4=,KiJ1pm8HG8MCDetMuSQV+iwchKQ=
99,91,UCF4TcBzqXgqONd2786D54HDUG4=,KiJ1pm8HG8MCDetMuSQV+iwchKQ=
98,91,UCF4TcBzqXgqONd2786D54HDUG4=,KiJ1pm8HG8MCDetMuSQV+iwchKQ=
97,91,UCF4TcBzqXgqONd2786D54HDUG4=,KiJ1pm8HG8MCDetMuSQV+iwchKQ=
102,90,UCF4TcBzqXgqONd2786D54HDUG4=,KiJ1pm8HG8MCDetMuSQV+iwchKQ=
101,90,UCF4TcBzqXgqONd2786D54HDUG4=,KiJ1pm8HG8MCDetMuSQV+iwchKQ=
100,90,UCF4TcBzqXgqONd2786D54HDUG4=,KiJ1pm8HG8MCDetMuSQV+iwchKQ=
99,90,UCF4TcBzqXgqONd2786D54HDUG4=,KiJ1pm8HG8MCDetMuSQV+iwchKQ=
98,90,UCF4TcBzqXgqONd2786D54HDUG4=,KiJ1pm8HG8MCDetMuSQV+iwchKQ=
96,90,UCF4TcBzqXgqONd2786D54HDUG4=,KiJ1pm8HG8MCDetMuSQV+iwchKQ=
96,91,UCF4TcBzqXgqONd2786D54HDUG4=,KiJ1pm8HG8MCDetMuSQV+iwchKQ=
96,92,UCF4TcBzqXgqONd2786D54HDUG4=,KiJ1pm8HG8MCDetMuSQV+iwchKQ=
96,93,UCF4TcBzqXgqONd2786D54HDUG4=,KiJ1pm8HG8MCDetMuSQV+iwchKQ=
96,94,UCF4TcBzqXgqONd2786D54HDUG4=,KiJ1pm8HG8MCDetMuSQV+iwchKQ=
96,89,UCF4TcBzqXgqONd2786D54HDUG4=,KiJ1pm8HG8MCDetMuSQV+iwchKQ=
106,95,UCF4TcBzqXgqONd2786D54HDUG4=,JNeRGUj/qHD63wf6hiyTDwotaJ4=
105,95,UCF4TcBzqXgqONd2786D54HDUG4=,JNeRGUj/qHD63wf6hiyTDwotaJ4=
107,95,UCF4TcBzqXgqONd2786D54HDUG4=,JNeRGUj/qHD63wf6hiyTDwotaJ4=
108,95,UCF4TcBzqXgqONd2786D54HDUG4=,JNeRGUj/qHD63wf6hiyTDwotaJ4=
109,95,UCF4TcBzqXgqONd2786D54HDUG4=,JNeRGUj/qHD63wf6hiyTDwotaJ4=
110,95,UCF4TcBzqXgqONd2786D54HDUG4=,JNeRGUj/qHD63wf6hiyTDwotaJ4=
102,80,UCF4TcBzqXgqONd2786D54HDUG4=,/moKOWlZ2bQAWRhdCrleGbnQ50g=
103,82,UCF4TcBzqXgqONd2786D54HDUG4=,/moKOWlZ2bQAWRhdCrleGbnQ50g=
103,83,UCF4TcBzqXgqONd2786D54HDUG4=,/moKOWlZ2bQAWRhdCrleGbnQ50g=
100,84,UCF4TcBzqXgqONd2786D54HDUG4=,/moKOWlZ2bQAWRhdCrleGbnQ50g=
101,84,UCF4TcBzqXgqONd2786D54HDUG4=,/moKOWlZ2bQAWRhdCrleGbnQ50g=
102,84,UCF4TcBzqXgqONd2786D54HDUG4=,/moKOWlZ2bQAWRhdCrleGbnQ50g=
103,84,UCF4TcBzqXgqONd2786D54HDUG4=,/moKOWlZ2bQAWRhdCrleGbnQ50g=
99,85,UCF4TcBzqXgqONd2786D54HDUG4=,/moKOWlZ2bQAWRhdCrleGbnQ50g=
102,81,UCF4TcBzqXgqONd2786D54HDUG4=,/moKOWlZ2bQAWRhdCrleGbnQ50g=
100,85,UCF4TcBzqXgqONd2786D54HDUG4=,/moKOWlZ2bQAWRhdCrleGbnQ50g=
101,85,UCF4TcBzqXgqONd2786D54HDUG4=,/moKOWlZ2bQAWRhdCrleGbnQ50g=
103,81,UCF4TcBzqXgqONd2786D54HDUG4=,/moKOWlZ2bQAWRhdCrleGbnQ50g=
102,85,UCF4TcBzqXgqONd2786D54HDUG4=,/moKOWlZ2bQAWRhdCrleGbnQ50g=
103,85,UCF4TcBzqXgqONd2786D54HDUG4=,/moKOWlZ2bQAWRhdCrleGbnQ50g=
98,83,UCF4TcBzqXgqONd2786D54HDUG4=,/moKOWlZ2bQAWRhdCrleGbnQ50g=
99,83,UCF4TcBzqXgqONd2786D54HDUG4=,/moKOWlZ2bQAWRhdCrleGbnQ50g=
98,86,UCF4TcBzqXgqONd2786D54HDUG4=,/moKOWlZ2bQAWRhdCrleGbnQ50g=
99,86,UCF4TcBzqXgqONd2786D54HDUG4=,/moKOWlZ2bQAWRhdCrleGbnQ50g=
100,86,UCF4TcBzqXgqONd2786D54HDUG4=,/moKOWlZ2bQAWRhdCrleGbnQ50g=
101,86,UCF4TcBzqXgqONd2786D54HDUG4=,/moKOWlZ2bQAWRhdCrleGbnQ50g=
102,86,UCF4TcBzqXgqONd2786D54HDUG4=,/moKOWlZ2bQAWRhdCrleGbnQ50g=
100,83,UCF4TcBzqXgqONd2786D54HDUG4=,/moKOWlZ2bQAWRhdCrleGbnQ50g=
103,86,UCF4TcBzqXgqONd2786D54HDUG4=,/moKOWlZ2bQAWRhdCrleGbnQ50g=
98,87,UCF4TcBzqXgqONd2786D54HDUG4=,/moKOWlZ2bQAWRhdCrleGbnQ50g=
99,81,UCF4TcBzqXgqONd2786D54HDUG4=,/moKOWlZ2bQAWRhdCrleGbnQ50g=
99,87,UCF4TcBzqXgqONd2786D54HDUG4=,/moKOWlZ2bQAWRhdCrleGbnQ50g=
100,87,UCF4TcBzqXgqONd2786D54HDUG4=,/moKOWlZ2bQAWRhdCrleGbnQ50g=
100,81,UCF4TcBzqXgqONd2786D54HDUG4=,/moKOWlZ2bQAWRhdCrleGbnQ50g=
101,87,UCF4TcBzqXgqONd2786D54HDUG4=,/moKOWlZ2bQAWRhdCrleGbnQ50g=
102,87,UCF4TcBzqXgqONd2786D54HDUG4=,/moKOWlZ2bQAWRhdCrleGbnQ50g=
103,87,UCF4TcBzqXgqONd2786D54HDUG4=,/moKOWlZ2bQAWRhdCrleGbnQ50g=
100,82,UCF4TcBzqXgqONd2786D54HDUG4=,/moKOWlZ2bQAWRhdCrleGbnQ50g=
99,80,UCF4TcBzqXgqONd2786D54HDUG4=,/moKOWlZ2bQAWRhdCrleGbnQ50g=
101,82,UCF4TcBzqXgqONd2786D54HDUG4=,/moKOWlZ2bQAWRhdCrleGbnQ50g=
101,83,UCF4TcBzqXgqONd2786D54HDUG4=,/moKOWlZ2bQAWRhdCrleGbnQ50g=
97,88,UCF4TcBzqXgqONd2786D54HDUG4=,KiJ1pm8HG8MCDetMuSQV+iwchKQ=
101,81,UCF4TcBzqXgqONd2786D54HDUG4=,/moKOWlZ2bQAWRhdCrleGbnQ50g=
104,88,UCF4TcBzqXgqONd2786D54HDUG4=,JNeRGUj/qHD63wf6hiyTDwotaJ4=
98,88,UCF4TcBzqXgqONd2786D54HDUG4=,KiJ1pm8HG8MCDetMuSQV+iwchKQ=
99,88,UCF4TcBzqXgqONd2786D54HDUG4=,KiJ1pm8HG8MCDetMuSQV+iwchKQ=
100,88,UCF4TcBzqXgqONd2786D54HDUG4=,KiJ1pm8HG8MCDetMuSQV+iwchKQ=
100,80,UCF4TcBzqXgqONd2786D54HDUG4=,/moKOWlZ2bQAWRhdCrleGbnQ50g=
101,88,UCF4TcBzqXgqONd2786D54HDUG4=,KiJ1pm8HG8MCDetMuSQV+iwchKQ=
102,88,UCF4TcBzqXgqONd2786D54HDUG4=,KiJ1pm8HG8MCDetMuSQV+iwchKQ=
102,82,UCF4TcBzqXgqONd2786D54HDUG4=,/moKOWlZ2bQAWRhdCrleGbnQ50g=
103,88,UCF4TcBzqXgqONd2786D54HDUG4=,KiJ1pm8HG8MCDetMuSQV+iwchKQ=
101,80,UCF4TcBzqXgqONd2786D54HDUG4=,/moKOWlZ2bQAWRhdCrleGbnQ50g=
102,83,UCF4TcBzqXgqONd2786D54HDUG4=,/moKOWlZ2bQAWRhdCrleGbnQ50g=
103,80,UCF4TcBzqXgqONd2786D54HDUG4=,/moKOWlZ2bQAWRhdCrleGbnQ50g=
111,89,UCF4TcBzqXgqONd2786D54HDUG4=,JNeRGUj/qHD63wf6hiyTDwotaJ4=
111,90,UCF4TcBzqXgqONd2786D54HDUG4=,JNeRGUj/qHD63wf6hiyTDwotaJ4=
111,95,UCF4TcBzqXgqONd2786D54HDUG4=,JNeRGUj/qHD63wf6hiyTDwotaJ4=
111,91,UCF4TcBzqXgqONd2786D54HDUG4=,JNeRGUj/qHD63wf6hiyTDwotaJ4=
111,92,UCF4TcBzqXgqONd2786D54HDUG4=,JNeRGUj/qHD63wf6hiyTDwotaJ4=
111,94,UCF4TcBzqXgqONd2786D54HDUG4=,JNeRGUj/qHD63wf6hiyTDwotaJ4=
111,93,UCF4TcBzqXgqONd2786D54HDUG4=,JNeRGUj/qHD63wf6hiyTDwotaJ4=
111,88,UCF4TcBzqXgqONd2786D54HDUG4=,JNeRGUj/qHD63wf6hiyTDwotaJ4=
96,84,UCF4TcBzqXgqONd2786D54HDUG4=,/moKOWlZ2bQAWRhdCrleGbnQ50g=
96,82,UCF4TcBzqXgqONd2786D54HDUG4=,/moKOWlZ2bQAWRhdCrleGbnQ50g=
96,81,UCF4TcBzqXgqONd2786D54HDUG4=,/moKOWlZ2bQAWRhdCrleGbnQ50g=
98,85,UCF4TcBzqXgqONd2786D54HDUG4=,/moKOWlZ2bQAWRhdCrleGbnQ50g=
96,88,UCF4TcBzqXgqONd2786D54HDUG4=,KiJ1pm8HG8MCDetMuSQV+iwchKQ=
96,85,UCF4TcBzqXgqONd2786D54HDUG4=,/moKOWlZ2bQAWRhdCrleGbnQ50g=
99,84,UCF4TcBzqXgqONd2786D54HDUG4=,/moKOWlZ2bQAWRhdCrleGbnQ50g=
97,84,UCF4TcBzqXgqONd2786D54HDUG4=,/moKOWlZ2bQAWRhdCrleGbnQ50g=
98,84,UCF4TcBzqXgqONd2786D54HDUG4=,/moKOWlZ2bQAWRhdCrleGbnQ50g=
96,87,UCF4TcBzqXgqONd2786D54HDUG4=,/moKOWlZ2bQAWRhdCrleGbnQ50g=
97,87,UCF4TcBzqXgqONd2786D54HDUG4=,/moKOWlZ2bQAWRhdCrleGbnQ50g=
97,86,UCF4TcBzqXgqONd2786D54HDUG4=,/moKOWlZ2bQAWRhdCrleGbnQ50g=
96,86,UCF4TcBzqXgqONd2786D54HDUG4=,/moKOWlZ2bQAWRhdCrleGbnQ50g=
97,82,UCF4TcBzqXgqONd2786D54HDUG4=,/moKOWlZ2bQAWRhdCrleGbnQ50g=
96,83,UCF4TcBzqXgqONd2786D54HDUG4=,/moKOWlZ2bQAWRhdCrleGbnQ50g=
97,83,UCF4TcBzqXgqONd2786D54HDUG4=,/moKOWlZ2bQAWRhdCrleGbnQ50g=
97,81,UCF4TcBzqXgqONd2786D54HDUG4=,/moKOWlZ2bQAWRhdCrleGbnQ50g=
99,82,UCF4TcBzqXgqONd2786D54HDUG4=,/moKOWlZ2bQAWRhdCrleGbnQ50g=
96,80,UCF4TcBzqXgqONd2786D54HDUG4=,/moKOWlZ2bQAWRhdCrleGbnQ50g=
97,80,UCF4TcBzqXgqONd2786D54HDUG4=,/moKOWlZ2bQAWRhdCrleGbnQ50g=
98,80,UCF4TcBzqXgqONd2786D54HDUG4=,/moKOWlZ2bQAWRhdCrleGbnQ50g=
98,82,UCF4TcBzqXgqONd2786D54HDUG4=,/moKOWlZ2bQAWRhdCrleGbnQ50g=
102,95,UCF4TcBzqXgqONd2786D54HDUG4=,KiJ1pm8HG8MCDetMuSQV+iwchKQ=
103,95,UCF4TcBzqXgqONd2786D54HDUG4=,KiJ1pm8HG8MCDetMuSQV+iwchKQ=
101,95,UCF4TcBzqXgqONd2786D54HDUG4=,KiJ1pm8HG8MCDetMuSQV+iwchKQ=
99,95,UCF4TcBzqXgqONd2786D54HDUG4=,KiJ1pm8HG8MCDetMuSQV+iwchKQ=
100,95,UCF4TcBzqXgqONd2786D54HDUG4=,KiJ1pm8HG8MCDetMuSQV+iwchKQ=
97,95,UCF4TcBzqXgqONd2786D54HDUG4=,KiJ1pm8HG8MCDetMuSQV+iwchKQ=
98,95,UCF4TcBzqXgqONd2786D54HDUG4=,KiJ1pm8HG8MCDetMuSQV+iwchKQ=
96,95,UCF4TcBzqXgqONd2786D54HDUG4=,KiJ1pm8HG8MCDetMuSQV+iwchKQ=
104,95,UCF4TcBzqXgqONd2786D54HDUG4=,JNeRGUj/qHD63wf6hiyTDwotaJ4=
98,81,UCF4TcBzqXgqONd2786D54HDUG4=,/moKOWlZ2bQAWRhdCrleGbnQ50g=
97,85,UCF4TcBzqXgqONd2786D54HDUG4=,/moKOWlZ2bQAWRhdCrleGbnQ50g=
