73,118,ZaR9t+jgTNbZ+W0+G+PEwHuqQD8=,I7BUb/jqxbS5JGPi1R/JovNLzgU=
69,119,ZaR9t+jgTNbZ+W0+G+PEwHuqQD8=,a9Yrtugh0pANEgMnMj78PslxR7s=
74,118,ZaR9t+jgTNbZ+W0+G+PEwHuqQD8=,DB6PnUSQFu4mfo2ifgAO7RB3N18=
72,119,ZaR9t+jgTNbZ+W0+G+PEwHuqQD8=,I7BUb/jqxbS5JGPi1R/JovNLzgU=
76,118,ZaR9t+jgTNbZ+W0+G+PEwHuqQD8=,TvxKy1HZ7kDwkOIP2AgtCC1JKIE=
75,118,ZaR9t+jgTNbZ+W0+G+PEwHuqQD8=,DB6PnUSQFu4mfo2ifgAO7RB3N18=
78,118,ZaR9t+jgTNbZ+W0+G+PEwHuqQD8=,cCZGnQmwwV0/01UGoAqry8uImSc=
77,118,ZaR9t+jgTNbZ+W0+G+PEwHuqQD8=,TvxKy1HZ7kDwkOIP2AgtCC1JKIE=
71,118,ZaR9t+jgTNbZ+W0+G+PEwHuqQD8=,RUUaJ/8Sb4TQF4m/H1QdY+APOHE=
72,118,ZaR9t+jgTNbZ+W0+G+PEwHuqQD8=,I7BUb/jqxbS5JGPi1R/JovNLzgU=
70,118,ZaR9t+jgTNbZ+W0+G+PEwHuqQD8=,RUUaJ/8Sb4TQF4m/H1QdY+APOHE=
69,118,ZaR9t+jgTNbZ+W0+G+PEwHuqQD8=,a9Yrtugh0pANEgMnMj78PslxR7s=
68,118,ZaR9t+jgTNbZ+W0+G+PEwHuqQD8=,a9Yrtugh0pANEgMnMj78PslxR7s=
67,118,ZaR9t+jgTNbZ+W0+G+PEwHuqQD8=,jt11yf0HJUVrdnh2Rw7fXGAD5Rk=
66,118,ZaR9t+jgTNbZ+W0+G+PEwHuqQD8=,jt11yf0HJUVrdnh2Rw7fXGAD5Rk=
71,119,ZaR9t+jgTNbZ+W0+G+PEwHuqQD8=,RUUaJ/8Sb4TQF4m/H1QdY+APOHE=
70,119,ZaR9t+jgTNbZ+W0+G+PEwHuqQD8=,RUUaJ/8Sb4TQF4m/H1QdY+APOHE=
67,121,ZaR9t+jgTNbZ+W0+G+PEwHuqQD8=,+XVM9wg0CfrjnXa/vdgmuM1HHnU=
67,120,ZaR9t+jgTNbZ+W0+G+PEwHuqQD8=,+XVM9wg0CfrjnXa/vdgmuM1HHnU=
77,119,ZaR9t+jgTNbZ+W0+G+PEwHuqQD8=,TvxKy1HZ7kDwkOIP2AgtCC1JKIE=
73,119,ZaR9t+jgTNbZ+W0+G+PEwHuqQD8=,I7BUb/jqxbS5JGPi1R/JovNLzgU=
68,119,ZaR9t+jgTNbZ+W0+G+PEwHuqQD8=,a9Yrtugh0pANEgMnMj78PslxR7s=
76,119,ZaR9t+jgTNbZ+W0+G+PEwHuqQD8=,TvxKy1HZ7kDwkOIP2AgtCC1JKIE=
74,119,ZaR9t+jgTNbZ+W0+G+PEwHuqQD8=,DB6PnUSQFu4mfo2ifgAO7RB3N18=
75,119,ZaR9t+jgTNbZ+W0+G+PEwHuqQD8=,DB6PnUSQFu4mfo2ifgAO7RB3N18=
79,118,ZaR9t+jgTNbZ+W0+G+PEwHuqQD8=,cCZGnQmwwV0/01UGoAqry8uImSc=
66,121,ZaR9t+jgTNbZ+W0+G+PEwHuqQD8=,+XVM9wg0CfrjnXa/vdgmuM1HHnU=
64,121,ZaR9t+jgTNbZ+W0+G+PEwHuqQD8=,OEJRimLRAyJtQaggDOeV6WlaWds=
65,121,ZaR9t+jgTNbZ+W0+G+PEwHuqQD8=,OEJRimLRAyJtQaggDOeV6WlaWds=
78,119,ZaR9t+jgTNbZ+W0+G+PEwHuqQD8=,cCZGnQmwwV0/01UGoAqry8uImSc=
79,119,ZaR9t+jgTNbZ+W0+G+PEwHuqQD8=,cCZGnQmwwV0/01UGoAqry8uImSc=
67,119,ZaR9t+jgTNbZ+W0+G+PEwHuqQD8=,jt11yf0HJUVrdnh2Rw7fXGAD5Rk=
65,120,ZaR9t+jgTNbZ+W0+G+PEwHuqQD8=,OEJRimLRAyJtQaggDOeV6WlaWds=
66,119,ZaR9t+jgTNbZ+W0+G+PEwHuqQD8=,jt11yf0HJUVrdnh2Rw7fXGAD5Rk=
64,120,ZaR9t+jgTNbZ+W0+G+PEwHuqQD8=,OEJRimLRAyJtQaggDOeV6WlaWds=
66,120,ZaR9t+jgTNbZ+W0+G+PEwHuqQD8=,+XVM9wg0CfrjnXa/vdgmuM1HHnU=
94,119,ZaR9t+jgTNbZ+W0+G+PEwHuqQD8=,Msz8vaFQh57AZHN3aQ9L0ry8iVw=
93,119,ZaR9t+jgTNbZ+W0+G+PEwHuqQD8=,YnRCgnti/NgXwbdX2xtmlvWokqU=
87,118,ZaR9t+jgTNbZ+W0+G+PEwHuqQD8=,xlY538fNReHkls4BSwU23fOFRpM=
86,119,ZaR9t+jgTNbZ+W0+G+PEwHuqQD8=,xlY538fNReHkls4BSwU23fOFRpM=
84,118,ZaR9t+jgTNbZ+W0+G+PEwHuqQD8=,z8drlf1FBD9Ba2OFqoBW3oPs/8M=
83,118,ZaR9t+jgTNbZ+W0+G+PEwHuqQD8=,djDb+U4JUDO1xNAdQ0wZLQBqFbw=
87,119,ZaR9t+jgTNbZ+W0+G+PEwHuqQD8=,xlY538fNReHkls4BSwU23fOFRpM=
88,119,ZaR9t+jgTNbZ+W0+G+PEwHuqQD8=,+6JVKAHRj8WFTqqAf8np2/qlu1o=
80,119,ZaR9t+jgTNbZ+W0+G+PEwHuqQD8=,YIrVuTAmFxa/seVN/tz3hHLSp5g=
82,118,ZaR9t+jgTNbZ+W0+G+PEwHuqQD8=,djDb+U4JUDO1xNAdQ0wZLQBqFbw=
80,118,ZaR9t+jgTNbZ+W0+G+PEwHuqQD8=,YIrVuTAmFxa/seVN/tz3hHLSp5g=
81,118,ZaR9t+jgTNbZ+W0+G+PEwHuqQD8=,YIrVuTAmFxa/seVN/tz3hHLSp5g=
88,118,ZaR9t+jgTNbZ+W0+G+PEwHuqQD8=,+6JVKAHRj8WFTqqAf8np2/qlu1o=
95,119,ZaR9t+jgTNbZ+W0+G+PEwHuqQD8=,Msz8vaFQh57AZHN3aQ9L0ry8iVw=
85,118,ZaR9t+jgTNbZ+W0+G+PEwHuqQD8=,z8drlf1FBD9Ba2OFqoBW3oPs/8M=
84,119,ZaR9t+jgTNbZ+W0+G+PEwHuqQD8=,z8drlf1FBD9Ba2OFqoBW3oPs/8M=
93,118,ZaR9t+jgTNbZ+W0+G+PEwHuqQD8=,YnRCgnti/NgXwbdX2xtmlvWokqU=
91,119,ZaR9t+jgTNbZ+W0+G+PEwHuqQD8=,tlE/1j0ISiMh3jpnYL7Ir9z2EqQ=
92,119,ZaR9t+jgTNbZ+W0+G+PEwHuqQD8=,YnRCgnti/NgXwbdX2xtmlvWokqU=
90,119,ZaR9t+jgTNbZ+W0+G+PEwHuqQD8=,tlE/1j0ISiMh3jpnYL7Ir9z2EqQ=
83,119,ZaR9t+jgTNbZ+W0+G+PEwHuqQD8=,djDb+U4JUDO1xNAdQ0wZLQBqFbw=
89,118,ZaR9t+jgTNbZ+W0+G+PEwHuqQD8=,+6JVKAHRj8WFTqqAf8np2/qlu1o=
95,118,ZaR9t+jgTNbZ+W0+G+PEwHuqQD8=,Msz8vaFQh57AZHN3aQ9L0ry8iVw=
85,119,ZaR9t+jgTNbZ+W0+G+PEwHuqQD8=,z8drlf1FBD9Ba2OFqoBW3oPs/8M=
94,118,ZaR9t+jgTNbZ+W0+G+PEwHuqQD8=,Msz8vaFQh57AZHN3aQ9L0ry8iVw=
92,118,ZaR9t+jgTNbZ+W0+G+PEwHuqQD8=,YnRCgnti/NgXwbdX2xtmlvWokqU=
89,119,ZaR9t+jgTNbZ+W0+G+PEwHuqQD8=,+6JVKAHRj8WFTqqAf8np2/qlu1o=
86,118,ZaR9t+jgTNbZ+W0+G+PEwHuqQD8=,xlY538fNReHkls4BSwU23fOFRpM=
91,118,ZaR9t+jgTNbZ+W0+G+PEwHuqQD8=,tlE/1j0ISiMh3jpnYL7Ir9z2EqQ=
90,118,ZaR9t+jgTNbZ+W0+G+PEwHuqQD8=,tlE/1j0ISiMh3jpnYL7Ir9z2EqQ=
82,119,ZaR9t+jgTNbZ+W0+G+PEwHuqQD8=,djDb+U4JUDO1xNAdQ0wZLQBqFbw=
81,119,ZaR9t+jgTNbZ+W0+G+PEwHuqQD8=,YIrVuTAmFxa/seVN/tz3hHLSp5g=
