-523,524,RxKkey7SyLv+CK3PFvKx6KbsP+w=,QS4D9J5GAnA1xlKCc2EngJiABfY=
-524,524,RxKkey7SyLv+CK3PFvKx6KbsP+w=,QS4D9J5GAnA1xlKCc2EngJiABfY=
-526,522,RxKkey7SyLv+CK3PFvKx6KbsP+w=,QS4D9J5GAnA1xlKCc2EngJiABfY=
-521,527,RxKkey7SyLv+CK3PFvKx6KbsP+w=,QS4D9J5GAnA1xlKCc2EngJiABfY=
-528,520,RxKkey7SyLv+CK3PFvKx6KbsP+w=,QS4D9J5GAnA1xlKCc2EngJiABfY=
-521,526,RxKkey7SyLv+CK3PFvKx6KbsP+w=,QS4D9J5GAnA1xlKCc2EngJiABfY=
-522,527,RxKkey7SyLv+CK3PFvKx6KbsP+w=,QS4D9J5GAnA1xlKCc2EngJiABfY=
-526,523,RxKkey7SyLv+CK3PFvKx6KbsP+w=,QS4D9J5GAnA1xlKCc2EngJiABfY=
-525,522,RxKkey7SyLv+CK3PFvKx6KbsP+w=,QS4D9J5GAnA1xlKCc2EngJiABfY=
-527,522,RxKkey7SyLv+CK3PFvKx6KbsP+w=,QS4D9J5GAnA1xlKCc2EngJiABfY=
-527,523,RxKkey7SyLv+CK3PFvKx6KbsP+w=,QS4D9J5GAnA1xlKCc2EngJiABfY=
-525,523,RxKkey7SyLv+CK3PFvKx6KbsP+w=,QS4D9J5GAnA1xlKCc2EngJiABfY=
-523,520,RxKkey7SyLv+CK3PFvKx6KbsP+w=,QS4D9J5GAnA1xlKCc2EngJiABfY=
-522,521,RxKkey7SyLv+CK3PFvKx6KbsP+w=,QS4D9J5GAnA1xlKCc2EngJiABfY=
-521,522,RxKkey7SyLv+CK3PFvKx6KbsP+w=,QS4D9J5GAnA1xlKCc2EngJiABfY=
-528,527,RxKkey7SyLv+CK3PFvKx6KbsP+w=,QS4D9J5GAnA1xlKCc2EngJiABfY=
-528,523,RxKkey7SyLv+CK3PFvKx6KbsP+w=,QS4D9J5GAnA1xlKCc2EngJiABfY=
-524,520,RxKkey7SyLv+CK3PFvKx6KbsP+w=,QS4D9J5GAnA1xlKCc2EngJiABfY=
-523,521,RxKkey7SyLv+CK3PFvKx6KbsP+w=,QS4D9J5GAnA1xlKCc2EngJiABfY=
-525,524,RxKkey7SyLv+CK3PFvKx6KbsP+w=,QS4D9J5GAnA1xlKCc2EngJiABfY=
-523,527,RxKkey7SyLv+CK3PFvKx6KbsP+w=,QS4D9J5GAnA1xlKCc2EngJiABfY=
-522,526,RxKkey7SyLv+CK3PFvKx6KbsP+w=,QS4D9J5GAnA1xlKCc2EngJiABfY=
-527,527,RxKkey7SyLv+CK3PFvKx6KbsP+w=,QS4D9J5GAnA1xlKCc2EngJiABfY=
-525,521,RxKkey7SyLv+CK3PFvKx6KbsP+w=,QS4D9J5GAnA1xlKCc2EngJiABfY=
-526,521,RxKkey7SyLv+CK3PFvKx6KbsP+w=,QS4D9J5GAnA1xlKCc2EngJiABfY=
-524,521,RxKkey7SyLv+CK3PFvKx6KbsP+w=,QS4D9J5GAnA1xlKCc2EngJiABfY=
-526,527,RxKkey7SyLv+CK3PFvKx6KbsP+w=,QS4D9J5GAnA1xlKCc2EngJiABfY=
-526,524,RxKkey7SyLv+CK3PFvKx6KbsP+w=,QS4D9J5GAnA1xlKCc2EngJiABfY=
-523,522,RxKkey7SyLv+CK3PFvKx6KbsP+w=,QS4D9J5GAnA1xlKCc2EngJiABfY=
-521,525,RxKkey7SyLv+CK3PFvKx6KbsP+w=,QS4D9J5GAnA1xlKCc2EngJiABfY=
-525,520,RxKkey7SyLv+CK3PFvKx6KbsP+w=,QS4D9J5GAnA1xlKCc2EngJiABfY=
-525,527,RxKkey7SyLv+CK3PFvKx6KbsP+w=,QS4D9J5GAnA1xlKCc2EngJiABfY=
-522,525,RxKkey7SyLv+CK3PFvKx6KbsP+w=,QS4D9J5GAnA1xlKCc2EngJiABfY=
-528,521,RxKkey7SyLv+CK3PFvKx6KbsP+w=,QS4D9J5GAnA1xlKCc2EngJiABfY=
-522,522,RxKkey7SyLv+CK3PFvKx6KbsP+w=,QS4D9J5GAnA1xlKCc2EngJiABfY=
-524,522,RxKkey7SyLv+CK3PFvKx6KbsP+w=,QS4D9J5GAnA1xlKCc2EngJiABfY=
-527,524,RxKkey7SyLv+CK3PFvKx6KbsP+w=,QS4D9J5GAnA1xlKCc2EngJiABfY=
-524,523,RxKkey7SyLv+CK3PFvKx6KbsP+w=,QS4D9J5GAnA1xlKCc2EngJiABfY=
-527,521,RxKkey7SyLv+CK3PFvKx6KbsP+w=,QS4D9J5GAnA1xlKCc2EngJiABfY=
-521,520,RxKkey7SyLv+CK3PFvKx6KbsP+w=,QS4D9J5GAnA1xlKCc2EngJiABfY=
-528,524,RxKkey7SyLv+CK3PFvKx6KbsP+w=,QS4D9J5GAnA1xlKCc2EngJiABfY=
-525,526,RxKkey7SyLv+CK3PFvKx6KbsP+w=,QS4D9J5GAnA1xlKCc2EngJiABfY=
-522,520,RxKkey7SyLv+CK3PFvKx6KbsP+w=,QS4D9J5GAnA1xlKCc2EngJiABfY=
-526,520,RxKkey7SyLv+CK3PFvKx6KbsP+w=,QS4D9J5GAnA1xlKCc2EngJiABfY=
-523,526,RxKkey7SyLv+CK3PFvKx6KbsP+w=,QS4D9J5GAnA1xlKCc2EngJiABfY=
-526,526,RxKkey7SyLv+CK3PFvKx6KbsP+w=,QS4D9J5GAnA1xlKCc2EngJiABfY=
-522,524,RxKkey7SyLv+CK3PFvKx6KbsP+w=,QS4D9J5GAnA1xlKCc2EngJiABfY=
-528,526,RxKkey7SyLv+CK3PFvKx6KbsP+w=,QS4D9J5GAnA1xlKCc2EngJiABfY=
-523,525,RxKkey7SyLv+CK3PFvKx6KbsP+w=,QS4D9J5GAnA1xlKCc2EngJiABfY=
-527,526,RxKkey7SyLv+CK3PFvKx6KbsP+w=,QS4D9J5GAnA1xlKCc2EngJiABfY=
-524,526,RxKkey7SyLv+CK3PFvKx6KbsP+w=,QS4D9J5GAnA1xlKCc2EngJiABfY=
-528,522,RxKkey7SyLv+CK3PFvKx6KbsP+w=,QS4D9J5GAnA1xlKCc2EngJiABfY=
-521,523,RxKkey7SyLv+CK3PFvKx6KbsP+w=,QS4D9J5GAnA1xlKCc2EngJiABfY=
-524,525,RxKkey7SyLv+CK3PFvKx6KbsP+w=,QS4D9J5GAnA1xlKCc2EngJiABfY=
-525,525,RxKkey7SyLv+CK3PFvKx6KbsP+w=,QS4D9J5GAnA1xlKCc2EngJiABfY=
-526,525,RxKkey7SyLv+CK3PFvKx6KbsP+w=,QS4D9J5GAnA1xlKCc2EngJiABfY=
-523,523,RxKkey7SyLv+CK3PFvKx6KbsP+w=,QS4D9J5GAnA1xlKCc2EngJiABfY=
-527,525,RxKkey7SyLv+CK3PFvKx6KbsP+w=,QS4D9J5GAnA1xlKCc2EngJiABfY=
-522,523,RxKkey7SyLv+CK3PFvKx6KbsP+w=,QS4D9J5GAnA1xlKCc2EngJiABfY=
-527,520,RxKkey7SyLv+CK3PFvKx6KbsP+w=,QS4D9J5GAnA1xlKCc2EngJiABfY=
-528,525,RxKkey7SyLv+CK3PFvKx6KbsP+w=,QS4D9J5GAnA1xlKCc2EngJiABfY=
-524,527,RxKkey7SyLv+CK3PFvKx6KbsP+w=,QS4D9J5GAnA1xlKCc2EngJiABfY=
-521,524,RxKkey7SyLv+CK3PFvKx6KbsP+w=,QS4D9J5GAnA1xlKCc2EngJiABfY=
-521,521,RxKkey7SyLv+CK3PFvKx6KbsP+w=,QS4D9J5GAnA1xlKCc2EngJiABfY=
