468749,468746,w2PuwOqd4U10g6x04VUFkw1WExA=,ccAGAN8mWrYj5jOaoD9OAJy9dkI=
468750,468746,w2PuwOqd4U10g6x04VUFkw1WExA=,ccAGAN8mWrYj5jOaoD9OAJy9dkI=
468747,468749,w2PuwOqd4U10g6x04VUFkw1WExA=,ccAGAN8mWrYj5jOaoD9OAJy9dkI=
468749,468744,w2PuwOqd4U10g6x04VUFkw1WExA=,ccAGAN8mWrYj5jOaoD9OAJy9dkI=
468746,468750,w2PuwOqd4U10g6x04VUFkw1WExA=,ccAGAN8mWrYj5jOaoD9OAJy9dkI=
468751,468747,w2PuwOqd4U10g6x04VUFkw1WExA=,ccAGAN8mWrYj5jOaoD9OAJy9dkI=
468746,468749,w2PuwOqd4U10g6x04VUFkw1WExA=,ccAGAN8mWrYj5jOaoD9OAJy9dkI=
468748,468746,w2PuwOqd4U10g6x04VUFkw1WExA=,ccAGAN8mWrYj5jOaoD9OAJy9dkI=
468747,468744,w2PuwOqd4U10g6x04VUFkw1WExA=,ccAGAN8mWrYj5jOaoD9OAJy9dkI=
468744,468748,w2PuwOqd4U10g6x04VUFkw1WExA=,ccAGAN8mWrYj5jOaoD9OAJy9dkI=
468745,468749,w2PuwOqd4U10g6x04VUFkw1WExA=,ccAGAN8mWrYj5jOaoD9OAJy9dkI=
468744,468750,w2PuwOqd4U10g6x04VUFkw1WExA=,ccAGAN8mWrYj5jOaoD9OAJy9dkI=
468751,468749,w2PuwOqd4U10g6x04VUFkw1WExA=,ccAGAN8mWrYj5jOaoD9OAJy9dkI=
468748,468744,w2PuwOqd4U10g6x04VUFkw1WExA=,ccAGAN8mWrYj5jOaoD9OAJy9dkI=
468745,468750,w2PuwOqd4U10g6x04VUFkw1WExA=,ccAGAN8mWrYj5jOaoD9OAJy9dkI=
468744,468749,w2PuwOqd4U10g6x04VUFkw1WExA=,ccAGAN8mWrYj5jOaoD9OAJy9dkI=
468749,468745,w2PuwOqd4U10g6x04VUFkw1WExA=,ccAGAN8mWrYj5jOaoD9OAJy9dkI=
468745,468744,w2PuwOqd4U10g6x04VUFkw1WExA=,ccAGAN8mWrYj5jOaoD9OAJy9dkI=
468747,468746,w2PuwOqd4U10g6x04VUFkw1WExA=,ccAGAN8mWrYj5jOaoD9OAJy9dkI=
468748,468745,w2PuwOqd4U10g6x04VUFkw1WExA=,ccAGAN8mWrYj5jOaoD9OAJy9dkI=
468750,468748,w2PuwOqd4U10g6x04VUFkw1WExA=,ccAGAN8mWrYj5jOaoD9OAJy9dkI=
468751,468748,w2PuwOqd4U10g6x04VUFkw1WExA=,ccAGAN8mWrYj5jOaoD9OAJy9dkI=
468745,468746,w2PuwOqd4U10g6x04VUFkw1WExA=,ccAGAN8mWrYj5jOaoD9OAJy9dkI=
468748,468748,w2PuwOqd4U10g6x04VUFkw1WExA=,ccAGAN8mWrYj5jOaoD9OAJy9dkI=
468746,468746,w2PuwOqd4U10g6x04VUFkw1WExA=,ccAGAN8mWrYj5jOaoD9OAJy9dkI=
468747,468748,w2PuwOqd4U10g6x04VUFkw1WExA=,ccAGAN8mWrYj5jOaoD9OAJy9dkI=
468749,468748,w2PuwOqd4U10g6x04VUFkw1WExA=,ccAGAN8mWrYj5jOaoD9OAJy9dkI=
468750,468749,w2PuwOqd4U10g6x04VUFkw1WExA=,ccAGAN8mWrYj5jOaoD9OAJy9dkI=
468748,468747,w2PuwOqd4U10g6x04VUFkw1WExA=,ccAGAN8mWrYj5jOaoD9OAJy9dkI=
468746,468748,w2PuwOqd4U10g6x04VUFkw1WExA=,ccAGAN8mWrYj5jOaoD9OAJy9dkI=
468750,468747,w2PuwOqd4U10g6x04VUFkw1WExA=,ccAGAN8mWrYj5jOaoD9OAJy9dkI=
468744,468746,w2PuwOqd4U10g6x04VUFkw1WExA=,ccAGAN8mWrYj5jOaoD9OAJy9dkI=
468749,468747,w2PuwOqd4U10g6x04VUFkw1WExA=,ccAGAN8mWrYj5jOaoD9OAJy9dkI=
468745,468747,w2PuwOqd4U10g6x04VUFkw1WExA=,ccAGAN8mWrYj5jOaoD9OAJy9dkI=
468747,468747,w2PuwOqd4U10g6x04VUFkw1WExA=,ccAGAN8mWrYj5jOaoD9OAJy9dkI=
468751,468746,w2PuwOqd4U10g6x04VUFkw1WExA=,ccAGAN8mWrYj5jOaoD9OAJy9dkI=
468744,468747,w2PuwOqd4U10g6x04VUFkw1WExA=,ccAGAN8mWrYj5jOaoD9OAJy9dkI=
468746,468747,w2PuwOqd4U10g6x04VUFkw1WExA=,ccAGAN8mWrYj5jOaoD9OAJy9dkI=
468749,468749,w2PuwOqd4U10g6x04VUFkw1WExA=,ccAGAN8mWrYj5jOaoD9OAJy9dkI=
468746,468744,w2PuwOqd4U10g6x04VUFkw1WExA=,ccAGAN8mWrYj5jOaoD9OAJy9dkI=
468747,468745,w2PuwOqd4U10g6x04VUFkw1WExA=,ccAGAN8mWrYj5jOaoD9OAJy9dkI=
468746,468745,w2PuwOqd4U10g6x04VUFkw1WExA=,ccAGAN8mWrYj5jOaoD9OAJy9dkI=
468751,468745,w2PuwOqd4U10g6x04VUFkw1WExA=,ccAGAN8mWrYj5jOaoD9OAJy9dkI=
468744,468745,w2PuwOqd4U10g6x04VUFkw1WExA=,ccAGAN8mWrYj5jOaoD9OAJy9dkI=
468751,468751,w2PuwOqd4U10g6x04VUFkw1WExA=,ccAGAN8mWrYj5jOaoD9OAJy9dkI=
468745,468748,w2PuwOqd4U10g6x04VUFkw1WExA=,ccAGAN8mWrYj5jOaoD9OAJy9dkI=
468748,468751,w2PuwOqd4U10g6x04VUFkw1WExA=,ccAGAN8mWrYj5jOaoD9OAJy9dkI=
468750,468751,w2PuwOqd4U10g6x04VUFkw1WExA=,ccAGAN8mWrYj5jOaoD9OAJy9dkI=
468749,468751,w2PuwOqd4U10g6x04VUFkw1WExA=,ccAGAN8mWrYj5jOaoD9OAJy9dkI=
468744,468744,w2PuwOqd4U10g6x04VUFkw1WExA=,ccAGAN8mWrYj5jOaoD9OAJy9dkI=
468750,468745,w2PuwOqd4U10g6x04VUFkw1WExA=,ccAGAN8mWrYj5jOaoD9OAJy9dkI=
468751,468744,w2PuwOqd4U10g6x04VUFkw1WExA=,ccAGAN8mWrYj5jOaoD9OAJy9dkI=
468745,468745,w2PuwOqd4U10g6x04VUFkw1WExA=,ccAGAN8mWrYj5jOaoD9OAJy9dkI=
468744,468751,w2PuwOqd4U10g6x04VUFkw1WExA=,ccAGAN8mWrYj5jOaoD9OAJy9dkI=
468750,468744,w2PuwOqd4U10g6x04VUFkw1WExA=,ccAGAN8mWrYj5jOaoD9OAJy9dkI=
468745,468751,w2PuwOqd4U10g6x04VUFkw1WExA=,ccAGAN8mWrYj5jOaoD9OAJy9dkI=
468746,468751,w2PuwOqd4U10g6x04VUFkw1WExA=,ccAGAN8mWrYj5jOaoD9OAJy9dkI=
468750,468750,w2PuwOqd4U10g6x04VUFkw1WExA=,ccAGAN8mWrYj5jOaoD9OAJy9dkI=
468751,468750,w2PuwOqd4U10g6x04VUFkw1WExA=,ccAGAN8mWrYj5jOaoD9OAJy9dkI=
468749,468750,w2PuwOqd4U10g6x04VUFkw1WExA=,ccAGAN8mWrYj5jOaoD9OAJy9dkI=
468748,468750,w2PuwOqd4U10g6x04VUFkw1WExA=,ccAGAN8mWrYj5jOaoD9OAJy9dkI=
468748,468749,w2PuwOqd4U10g6x04VUFkw1WExA=,ccAGAN8mWrYj5jOaoD9OAJy9dkI=
468747,468750,w2PuwOqd4U10g6x04VUFkw1WExA=,ccAGAN8mWrYj5jOaoD9OAJy9dkI=
468747,468751,w2PuwOqd4U10g6x04VUFkw1WExA=,ccAGAN8mWrYj5jOaoD9OAJy9dkI=
468736,468757,w2PuwOqd4U10g6x04VUFkw1WExA=,DGLdyGYjy+dfmC4kLTHEHxDR2Zw=
468741,468753,w2PuwOqd4U10g6x04VUFkw1WExA=,DGLdyGYjy+dfmC4kLTHEHxDR2Zw=
468740,468753,w2PuwOqd4U10g6x04VUFkw1WExA=,DGLdyGYjy+dfmC4kLTHEHxDR2Zw=
468739,468753,w2PuwOqd4U10g6x04VUFkw1WExA=,DGLdyGYjy+dfmC4kLTHEHxDR2Zw=
468740,468756,w2PuwOqd4U10g6x04VUFkw1WExA=,DGLdyGYjy+dfmC4kLTHEHxDR2Zw=
468738,468753,w2PuwOqd4U10g6x04VUFkw1WExA=,DGLdyGYjy+dfmC4kLTHEHxDR2Zw=
468741,468756,w2PuwOqd4U10g6x04VUFkw1WExA=,DGLdyGYjy+dfmC4kLTHEHxDR2Zw=
468742,468756,w2PuwOqd4U10g6x04VUFkw1WExA=,DGLdyGYjy+dfmC4kLTHEHxDR2Zw=
468737,468753,w2PuwOqd4U10g6x04VUFkw1WExA=,DGLdyGYjy+dfmC4kLTHEHxDR2Zw=
468739,468756,w2PuwOqd4U10g6x04VUFkw1WExA=,DGLdyGYjy+dfmC4kLTHEHxDR2Zw=
468738,468756,w2PuwOqd4U10g6x04VUFkw1WExA=,DGLdyGYjy+dfmC4kLTHEHxDR2Zw=
468737,468756,w2PuwOqd4U10g6x04VUFkw1WExA=,DGLdyGYjy+dfmC4kLTHEHxDR2Zw=
468736,468756,w2PuwOqd4U10g6x04VUFkw1WExA=,DGLdyGYjy+dfmC4kLTHEHxDR2Zw=
468742,468755,w2PuwOqd4U10g6x04VUFkw1WExA=,DGLdyGYjy+dfmC4kLTHEHxDR2Zw=
468741,468755,w2PuwOqd4U10g6x04VUFkw1WExA=,DGLdyGYjy+dfmC4kLTHEHxDR2Zw=
468736,468753,w2PuwOqd4U10g6x04VUFkw1WExA=,DGLdyGYjy+dfmC4kLTHEHxDR2Zw=
468740,468755,w2PuwOqd4U10g6x04VUFkw1WExA=,DGLdyGYjy+dfmC4kLTHEHxDR2Zw=
468741,468752,w2PuwOqd4U10g6x04VUFkw1WExA=,DGLdyGYjy+dfmC4kLTHEHxDR2Zw=
468740,468752,w2PuwOqd4U10g6x04VUFkw1WExA=,DGLdyGYjy+dfmC4kLTHEHxDR2Zw=
468742,468752,w2PuwOqd4U10g6x04VUFkw1WExA=,DGLdyGYjy+dfmC4kLTHEHxDR2Zw=
468739,468755,w2PuwOqd4U10g6x04VUFkw1WExA=,DGLdyGYjy+dfmC4kLTHEHxDR2Zw=
468742,468759,w2PuwOqd4U10g6x04VUFkw1WExA=,DGLdyGYjy+dfmC4kLTHEHxDR2Zw=
468741,468759,w2PuwOqd4U10g6x04VUFkw1WExA=,DGLdyGYjy+dfmC4kLTHEHxDR2Zw=
468738,468755,w2PuwOqd4U10g6x04VUFkw1WExA=,DGLdyGYjy+dfmC4kLTHEHxDR2Zw=
468737,468755,w2PuwOqd4U10g6x04VUFkw1WExA=,DGLdyGYjy+dfmC4kLTHEHxDR2Zw=
468740,468759,w2PuwOqd4U10g6x04VUFkw1WExA=,DGLdyGYjy+dfmC4kLTHEHxDR2Zw=
468739,468759,w2PuwOqd4U10g6x04VUFkw1WExA=,DGLdyGYjy+dfmC4kLTHEHxDR2Zw=
468739,468752,w2PuwOqd4U10g6x04VUFkw1WExA=,DGLdyGYjy+dfmC4kLTHEHxDR2Zw=
468738,468759,w2PuwOqd4U10g6x04VUFkw1WExA=,DGLdyGYjy+dfmC4kLTHEHxDR2Zw=
468737,468759,w2PuwOqd4U10g6x04VUFkw1WExA=,DGLdyGYjy+dfmC4kLTHEHxDR2Zw=
468736,468759,w2PuwOqd4U10g6x04VUFkw1WExA=,DGLdyGYjy+dfmC4kLTHEHxDR2Zw=
468738,468752,w2PuwOqd4U10g6x04VUFkw1WExA=,DGLdyGYjy+dfmC4kLTHEHxDR2Zw=
468736,468755,w2PuwOqd4U10g6x04VUFkw1WExA=,DGLdyGYjy+dfmC4kLTHEHxDR2Zw=
468737,468752,w2PuwOqd4U10g6x04VUFkw1WExA=,DGLdyGYjy+dfmC4kLTHEHxDR2Zw=
468736,468752,w2PuwOqd4U10g6x04VUFkw1WExA=,DGLdyGYjy+dfmC4kLTHEHxDR2Zw=
468742,468758,w2PuwOqd4U10g6x04VUFkw1WExA=,DGLdyGYjy+dfmC4kLTHEHxDR2Zw=
468741,468758,w2PuwOqd4U10g6x04VUFkw1WExA=,DGLdyGYjy+dfmC4kLTHEHxDR2Zw=
468739,468758,w2PuwOqd4U10g6x04VUFkw1WExA=,DGLdyGYjy+dfmC4kLTHEHxDR2Zw=
468740,468758,w2PuwOqd4U10g6x04VUFkw1WExA=,DGLdyGYjy+dfmC4kLTHEHxDR2Zw=
468738,468758,w2PuwOqd4U10g6x04VUFkw1WExA=,DGLdyGYjy+dfmC4kLTHEHxDR2Zw=
468737,468758,w2PuwOqd4U10g6x04VUFkw1WExA=,DGLdyGYjy+dfmC4kLTHEHxDR2Zw=
468741,468754,w2PuwOqd4U10g6x04VUFkw1WExA=,DGLdyGYjy+dfmC4kLTHEHxDR2Zw=
468736,468758,w2PuwOqd4U10g6x04VUFkw1WExA=,DGLdyGYjy+dfmC4kLTHEHxDR2Zw=
468742,468757,w2PuwOqd4U10g6x04VUFkw1WExA=,DGLdyGYjy+dfmC4kLTHEHxDR2Zw=
468740,468754,w2PuwOqd4U10g6x04VUFkw1WExA=,DGLdyGYjy+dfmC4kLTHEHxDR2Zw=
468741,468757,w2PuwOqd4U10g6x04VUFkw1WExA=,DGLdyGYjy+dfmC4kLTHEHxDR2Zw=
468739,468754,w2PuwOqd4U10g6x04VUFkw1WExA=,DGLdyGYjy+dfmC4kLTHEHxDR2Zw=
468738,468754,w2PuwOqd4U10g6x04VUFkw1WExA=,DGLdyGYjy+dfmC4kLTHEHxDR2Zw=
468740,468757,w2PuwOqd4U10g6x04VUFkw1WExA=,DGLdyGYjy+dfmC4kLTHEHxDR2Zw=
468739,468757,w2PuwOqd4U10g6x04VUFkw1WExA=,DGLdyGYjy+dfmC4kLTHEHxDR2Zw=
468737,468754,w2PuwOqd4U10g6x04VUFkw1WExA=,DGLdyGYjy+dfmC4kLTHEHxDR2Zw=
468736,468754,w2PuwOqd4U10g6x04VUFkw1WExA=,DGLdyGYjy+dfmC4kLTHEHxDR2Zw=
468738,468757,w2PuwOqd4U10g6x04VUFkw1WExA=,DGLdyGYjy+dfmC4kLTHEHxDR2Zw=
468737,468757,w2PuwOqd4U10g6x04VUFkw1WExA=,DGLdyGYjy+dfmC4kLTHEHxDR2Zw=
468751,468756,w2PuwOqd4U10g6x04VUFkw1WExA=,MuyHJbVDQaWGPEXRxxg9nxHBxfA=
468751,468755,w2PuwOqd4U10g6x04VUFkw1WExA=,MuyHJbVDQaWGPEXRxxg9nxHBxfA=
468751,468754,w2PuwOqd4U10g6x04VUFkw1WExA=,MuyHJbVDQaWGPEXRxxg9nxHBxfA=
468750,468755,w2PuwOqd4U10g6x04VUFkw1WExA=,MuyHJbVDQaWGPEXRxxg9nxHBxfA=
468750,468756,w2PuwOqd4U10g6x04VUFkw1WExA=,MuyHJbVDQaWGPEXRxxg9nxHBxfA=
468743,468755,w2PuwOqd4U10g6x04VUFkw1WExA=,DGLdyGYjy+dfmC4kLTHEHxDR2Zw=
468750,468754,w2PuwOqd4U10g6x04VUFkw1WExA=,MuyHJbVDQaWGPEXRxxg9nxHBxfA=
468749,468756,w2PuwOqd4U10g6x04VUFkw1WExA=,MuyHJbVDQaWGPEXRxxg9nxHBxfA=
468744,468757,w2PuwOqd4U10g6x04VUFkw1WExA=,MuyHJbVDQaWGPEXRxxg9nxHBxfA=
468749,468755,w2PuwOqd4U10g6x04VUFkw1WExA=,MuyHJbVDQaWGPEXRxxg9nxHBxfA=
468749,468754,w2PuwOqd4U10g6x04VUFkw1WExA=,MuyHJbVDQaWGPEXRxxg9nxHBxfA=
468748,468756,w2PuwOqd4U10g6x04VUFkw1WExA=,MuyHJbVDQaWGPEXRxxg9nxHBxfA=
468743,468752,w2PuwOqd4U10g6x04VUFkw1WExA=,DGLdyGYjy+dfmC4kLTHEHxDR2Zw=
468745,468757,w2PuwOqd4U10g6x04VUFkw1WExA=,MuyHJbVDQaWGPEXRxxg9nxHBxfA=
468743,468758,w2PuwOqd4U10g6x04VUFkw1WExA=,DGLdyGYjy+dfmC4kLTHEHxDR2Zw=
468743,468754,w2PuwOqd4U10g6x04VUFkw1WExA=,DGLdyGYjy+dfmC4kLTHEHxDR2Zw=
468750,468759,w2PuwOqd4U10g6x04VUFkw1WExA=,MuyHJbVDQaWGPEXRxxg9nxHBxfA=
468743,468759,w2PuwOqd4U10g6x04VUFkw1WExA=,DGLdyGYjy+dfmC4kLTHEHxDR2Zw=
468751,468759,w2PuwOqd4U10g6x04VUFkw1WExA=,MuyHJbVDQaWGPEXRxxg9nxHBxfA=
468748,468759,w2PuwOqd4U10g6x04VUFkw1WExA=,MuyHJbVDQaWGPEXRxxg9nxHBxfA=
468747,468759,w2PuwOqd4U10g6x04VUFkw1WExA=,MuyHJbVDQaWGPEXRxxg9nxHBxfA=
468743,468757,w2PuwOqd4U10g6x04VUFkw1WExA=,DGLdyGYjy+dfmC4kLTHEHxDR2Zw=
468749,468759,w2PuwOqd4U10g6x04VUFkw1WExA=,MuyHJbVDQaWGPEXRxxg9nxHBxfA=
468748,468755,w2PuwOqd4U10g6x04VUFkw1WExA=,MuyHJbVDQaWGPEXRxxg9nxHBxfA=
468746,468759,w2PuwOqd4U10g6x04VUFkw1WExA=,MuyHJbVDQaWGPEXRxxg9nxHBxfA=
468747,468755,w2PuwOqd4U10g6x04VUFkw1WExA=,MuyHJbVDQaWGPEXRxxg9nxHBxfA=
468747,468754,w2PuwOqd4U10g6x04VUFkw1WExA=,MuyHJbVDQaWGPEXRxxg9nxHBxfA=
468745,468759,w2PuwOqd4U10g6x04VUFkw1WExA=,MuyHJbVDQaWGPEXRxxg9nxHBxfA=
468744,468759,w2PuwOqd4U10g6x04VUFkw1WExA=,MuyHJbVDQaWGPEXRxxg9nxHBxfA=
468747,468756,w2PuwOqd4U10g6x04VUFkw1WExA=,MuyHJbVDQaWGPEXRxxg9nxHBxfA=
468750,468758,w2PuwOqd4U10g6x04VUFkw1WExA=,MuyHJbVDQaWGPEXRxxg9nxHBxfA=
468751,468752,w2PuwOqd4U10g6x04VUFkw1WExA=,MuyHJbVDQaWGPEXRxxg9nxHBxfA=
468751,468753,w2PuwOqd4U10g6x04VUFkw1WExA=,MuyHJbVDQaWGPEXRxxg9nxHBxfA=
468750,468753,w2PuwOqd4U10g6x04VUFkw1WExA=,MuyHJbVDQaWGPEXRxxg9nxHBxfA=
468751,468758,w2PuwOqd4U10g6x04VUFkw1WExA=,MuyHJbVDQaWGPEXRxxg9nxHBxfA=
468746,468754,w2PuwOqd4U10g6x04VUFkw1WExA=,MuyHJbVDQaWGPEXRxxg9nxHBxfA=
468749,468758,w2PuwOqd4U10g6x04VUFkw1WExA=,MuyHJbVDQaWGPEXRxxg9nxHBxfA=
468745,468754,w2PuwOqd4U10g6x04VUFkw1WExA=,MuyHJbVDQaWGPEXRxxg9nxHBxfA=
468749,468752,w2PuwOqd4U10g6x04VUFkw1WExA=,MuyHJbVDQaWGPEXRxxg9nxHBxfA=
468743,468756,w2PuwOqd4U10g6x04VUFkw1WExA=,DGLdyGYjy+dfmC4kLTHEHxDR2Zw=
468747,468758,w2PuwOqd4U10g6x04VUFkw1WExA=,MuyHJbVDQaWGPEXRxxg9nxHBxfA=
468746,468756,w2PuwOqd4U10g6x04VUFkw1WExA=,MuyHJbVDQaWGPEXRxxg9nxHBxfA=
468748,468758,w2PuwOqd4U10g6x04VUFkw1WExA=,MuyHJbVDQaWGPEXRxxg9nxHBxfA=
468745,468758,w2PuwOqd4U10g6x04VUFkw1WExA=,MuyHJbVDQaWGPEXRxxg9nxHBxfA=
468746,468758,w2PuwOqd4U10g6x04VUFkw1WExA=,MuyHJbVDQaWGPEXRxxg9nxHBxfA=
468745,468756,w2PuwOqd4U10g6x04VUFkw1WExA=,MuyHJbVDQaWGPEXRxxg9nxHBxfA=
468746,468755,w2PuwOqd4U10g6x04VUFkw1WExA=,MuyHJbVDQaWGPEXRxxg9nxHBxfA=
468744,468758,w2PuwOqd4U10g6x04VUFkw1WExA=,MuyHJbVDQaWGPEXRxxg9nxHBxfA=
468745,468752,w2PuwOqd4U10g6x04VUFkw1WExA=,MuyHJbVDQaWGPEXRxxg9nxHBxfA=
468745,468755,w2PuwOqd4U10g6x04VUFkw1WExA=,MuyHJbVDQaWGPEXRxxg9nxHBxfA=
468750,468752,w2PuwOqd4U10g6x04VUFkw1WExA=,MuyHJbVDQaWGPEXRxxg9nxHBxfA=
468749,468753,w2PuwOqd4U10g6x04VUFkw1WExA=,MuyHJbVDQaWGPEXRxxg9nxHBxfA=
468751,468757,w2PuwOqd4U10g6x04VUFkw1WExA=,MuyHJbVDQaWGPEXRxxg9nxHBxfA=
468744,468755,w2PuwOqd4U10g6x04VUFkw1WExA=,MuyHJbVDQaWGPEXRxxg9nxHBxfA=
468744,468752,w2PuwOqd4U10g6x04VUFkw1WExA=,MuyHJbVDQaWGPEXRxxg9nxHBxfA=
468750,468757,w2PuwOqd4U10g6x04VUFkw1WExA=,MuyHJbVDQaWGPEXRxxg9nxHBxfA=
468748,468754,w2PuwOqd4U10g6x04VUFkw1WExA=,MuyHJbVDQaWGPEXRxxg9nxHBxfA=
468748,468753,w2PuwOqd4U10g6x04VUFkw1WExA=,MuyHJbVDQaWGPEXRxxg9nxHBxfA=
468747,468752,w2PuwOqd4U10g6x04VUFkw1WExA=,MuyHJbVDQaWGPEXRxxg9nxHBxfA=
468748,468752,w2PuwOqd4U10g6x04VUFkw1WExA=,MuyHJbVDQaWGPEXRxxg9nxHBxfA=
468744,468756,w2PuwOqd4U10g6x04VUFkw1WExA=,MuyHJbVDQaWGPEXRxxg9nxHBxfA=
468749,468757,w2PuwOqd4U10g6x04VUFkw1WExA=,MuyHJbVDQaWGPEXRxxg9nxHBxfA=
468746,468753,w2PuwOqd4U10g6x04VUFkw1WExA=,MuyHJbVDQaWGPEXRxxg9nxHBxfA=
468748,468757,w2PuwOqd4U10g6x04VUFkw1WExA=,MuyHJbVDQaWGPEXRxxg9nxHBxfA=
468747,468757,w2PuwOqd4U10g6x04VUFkw1WExA=,MuyHJbVDQaWGPEXRxxg9nxHBxfA=
468746,468757,w2PuwOqd4U10g6x04VUFkw1WExA=,MuyHJbVDQaWGPEXRxxg9nxHBxfA=
468744,468754,w2PuwOqd4U10g6x04VUFkw1WExA=,MuyHJbVDQaWGPEXRxxg9nxHBxfA=
468742,468753,w2PuwOqd4U10g6x04VUFkw1WExA=,DGLdyGYjy+dfmC4kLTHEHxDR2Zw=
468744,468753,w2PuwOqd4U10g6x04VUFkw1WExA=,MuyHJbVDQaWGPEXRxxg9nxHBxfA=
468743,468753,w2PuwOqd4U10g6x04VUFkw1WExA=,DGLdyGYjy+dfmC4kLTHEHxDR2Zw=
468745,468753,w2PuwOqd4U10g6x04VUFkw1WExA=,MuyHJbVDQaWGPEXRxxg9nxHBxfA=
468742,468754,w2PuwOqd4U10g6x04VUFkw1WExA=,DGLdyGYjy+dfmC4kLTHEHxDR2Zw=
468746,468752,w2PuwOqd4U10g6x04VUFkw1WExA=,MuyHJbVDQaWGPEXRxxg9nxHBxfA=
468747,468753,w2PuwOqd4U10g6x04VUFkw1WExA=,MuyHJbVDQaWGPEXRxxg9nxHBxfA=
